.
├── LICENSE.txt
├── README.md
├── build
│   └── ffmpeg
│       ├── arm64-v8a
│       │   ├── bin
│       │   │   ├── ffmpeg
│       │   │   └── ffprobe
│       │   ├── include
│       │   │   ├── libavcodec
│       │   │   │   ├── ac3_parser.h
│       │   │   │   ├── adts_parser.h
│       │   │   │   ├── avcodec.h
│       │   │   │   ├── avdct.h
│       │   │   │   ├── bsf.h
│       │   │   │   ├── codec.h
│       │   │   │   ├── codec_desc.h
│       │   │   │   ├── codec_id.h
│       │   │   │   ├── codec_par.h
│       │   │   │   ├── d3d11va.h
│       │   │   │   ├── defs.h
│       │   │   │   ├── dirac.h
│       │   │   │   ├── dv_profile.h
│       │   │   │   ├── dxva2.h
│       │   │   │   ├── exif.h
│       │   │   │   ├── jni.h
│       │   │   │   ├── mediacodec.h
│       │   │   │   ├── packet.h
│       │   │   │   ├── qsv.h
│       │   │   │   ├── smpte_436m.h
│       │   │   │   ├── vdpau.h
│       │   │   │   ├── version.h
│       │   │   │   ├── version_major.h
│       │   │   │   ├── videotoolbox.h
│       │   │   │   └── vorbis_parser.h
│       │   │   ├── libavdevice
│       │   │   │   ├── avdevice.h
│       │   │   │   ├── version.h
│       │   │   │   └── version_major.h
│       │   │   ├── libavfilter
│       │   │   │   ├── avfilter.h
│       │   │   │   ├── buffersink.h
│       │   │   │   ├── buffersrc.h
│       │   │   │   ├── version.h
│       │   │   │   └── version_major.h
│       │   │   ├── libavformat
│       │   │   │   ├── avformat.h
│       │   │   │   ├── avio.h
│       │   │   │   ├── version.h
│       │   │   │   └── version_major.h
│       │   │   ├── libavutil
│       │   │   │   ├── adler32.h
│       │   │   │   ├── aes.h
│       │   │   │   ├── aes_ctr.h
│       │   │   │   ├── ambient_viewing_environment.h
│       │   │   │   ├── attributes.h
│       │   │   │   ├── audio_fifo.h
│       │   │   │   ├── avassert.h
│       │   │   │   ├── avconfig.h
│       │   │   │   ├── avstring.h
│       │   │   │   ├── avutil.h
│       │   │   │   ├── base64.h
│       │   │   │   ├── blowfish.h
│       │   │   │   ├── bprint.h
│       │   │   │   ├── bswap.h
│       │   │   │   ├── buffer.h
│       │   │   │   ├── camellia.h
│       │   │   │   ├── cast5.h
│       │   │   │   ├── channel_layout.h
│       │   │   │   ├── common.h
│       │   │   │   ├── container_fifo.h
│       │   │   │   ├── cpu.h
│       │   │   │   ├── crc.h
│       │   │   │   ├── csp.h
│       │   │   │   ├── des.h
│       │   │   │   ├── detection_bbox.h
│       │   │   │   ├── dict.h
│       │   │   │   ├── display.h
│       │   │   │   ├── dovi_meta.h
│       │   │   │   ├── downmix_info.h
│       │   │   │   ├── encryption_info.h
│       │   │   │   ├── error.h
│       │   │   │   ├── eval.h
│       │   │   │   ├── executor.h
│       │   │   │   ├── ffversion.h
│       │   │   │   ├── fifo.h
│       │   │   │   ├── file.h
│       │   │   │   ├── film_grain_params.h
│       │   │   │   ├── frame.h
│       │   │   │   ├── hash.h
│       │   │   │   ├── hdr_dynamic_metadata.h
│       │   │   │   ├── hdr_dynamic_vivid_metadata.h
│       │   │   │   ├── hmac.h
│       │   │   │   ├── hwcontext.h
│       │   │   │   ├── hwcontext_amf.h
│       │   │   │   ├── hwcontext_cuda.h
│       │   │   │   ├── hwcontext_d3d11va.h
│       │   │   │   ├── hwcontext_d3d12va.h
│       │   │   │   ├── hwcontext_drm.h
│       │   │   │   ├── hwcontext_dxva2.h
│       │   │   │   ├── hwcontext_mediacodec.h
│       │   │   │   ├── hwcontext_oh.h
│       │   │   │   ├── hwcontext_opencl.h
│       │   │   │   ├── hwcontext_qsv.h
│       │   │   │   ├── hwcontext_vaapi.h
│       │   │   │   ├── hwcontext_vdpau.h
│       │   │   │   ├── hwcontext_videotoolbox.h
│       │   │   │   ├── hwcontext_vulkan.h
│       │   │   │   ├── iamf.h
│       │   │   │   ├── imgutils.h
│       │   │   │   ├── intfloat.h
│       │   │   │   ├── intreadwrite.h
│       │   │   │   ├── lfg.h
│       │   │   │   ├── log.h
│       │   │   │   ├── lzo.h
│       │   │   │   ├── macros.h
│       │   │   │   ├── mastering_display_metadata.h
│       │   │   │   ├── mathematics.h
│       │   │   │   ├── md5.h
│       │   │   │   ├── mem.h
│       │   │   │   ├── motion_vector.h
│       │   │   │   ├── murmur3.h
│       │   │   │   ├── opt.h
│       │   │   │   ├── parseutils.h
│       │   │   │   ├── pixdesc.h
│       │   │   │   ├── pixelutils.h
│       │   │   │   ├── pixfmt.h
│       │   │   │   ├── random_seed.h
│       │   │   │   ├── rational.h
│       │   │   │   ├── rc4.h
│       │   │   │   ├── refstruct.h
│       │   │   │   ├── replaygain.h
│       │   │   │   ├── ripemd.h
│       │   │   │   ├── samplefmt.h
│       │   │   │   ├── sha.h
│       │   │   │   ├── sha512.h
│       │   │   │   ├── spherical.h
│       │   │   │   ├── stereo3d.h
│       │   │   │   ├── tdrdi.h
│       │   │   │   ├── tea.h
│       │   │   │   ├── threadmessage.h
│       │   │   │   ├── time.h
│       │   │   │   ├── timecode.h
│       │   │   │   ├── timestamp.h
│       │   │   │   ├── tree.h
│       │   │   │   ├── twofish.h
│       │   │   │   ├── tx.h
│       │   │   │   ├── uuid.h
│       │   │   │   ├── version.h
│       │   │   │   ├── video_enc_params.h
│       │   │   │   ├── video_hint.h
│       │   │   │   └── xtea.h
│       │   │   ├── libswresample
│       │   │   │   ├── swresample.h
│       │   │   │   ├── version.h
│       │   │   │   └── version_major.h
│       │   │   └── libswscale
│       │   │       ├── swscale.h
│       │   │       ├── version.h
│       │   │       └── version_major.h
│       │   ├── lib
│       │   │   ├── libavcodec.so
│       │   │   ├── libavdevice.so
│       │   │   ├── libavfilter.so
│       │   │   ├── libavformat.so
│       │   │   ├── libavutil.so
│       │   │   ├── libswresample.so
│       │   │   ├── libswscale.so
│       │   │   └── pkgconfig
│       │   │       ├── libavcodec.pc
│       │   │       ├── libavdevice.pc
│       │   │       ├── libavfilter.pc
│       │   │       ├── libavformat.pc
│       │   │       ├── libavutil.pc
│       │   │       ├── libswresample.pc
│       │   │       └── libswscale.pc
│       │   └── share
│       │       ├── ffmpeg
│       │       │   ├── examples
│       │       │   │   ├── Makefile
│       │       │   │   ├── README
│       │       │   │   ├── avio_http_serve_files.c
│       │       │   │   ├── avio_list_dir.c
│       │       │   │   ├── avio_read_callback.c
│       │       │   │   ├── decode_audio.c
│       │       │   │   ├── decode_filter_audio.c
│       │       │   │   ├── decode_filter_video.c
│       │       │   │   ├── decode_video.c
│       │       │   │   ├── demux_decode.c
│       │       │   │   ├── encode_audio.c
│       │       │   │   ├── encode_video.c
│       │       │   │   ├── extract_mvs.c
│       │       │   │   ├── filter_audio.c
│       │       │   │   ├── hw_decode.c
│       │       │   │   ├── mux.c
│       │       │   │   ├── qsv_decode.c
│       │       │   │   ├── qsv_transcode.c
│       │       │   │   ├── remux.c
│       │       │   │   ├── resample_audio.c
│       │       │   │   ├── scale_video.c
│       │       │   │   ├── show_metadata.c
│       │       │   │   ├── transcode.c
│       │       │   │   ├── transcode_aac.c
│       │       │   │   ├── vaapi_encode.c
│       │       │   │   └── vaapi_transcode.c
│       │       │   ├── ffprobe.xsd
│       │       │   ├── libvpx-1080p.ffpreset
│       │       │   ├── libvpx-1080p50_60.ffpreset
│       │       │   ├── libvpx-360p.ffpreset
│       │       │   ├── libvpx-720p.ffpreset
│       │       │   └── libvpx-720p50_60.ffpreset
│       │       └── man
│       │           ├── man1
│       │           │   ├── ffmpeg-all.1
│       │           │   ├── ffmpeg-bitstream-filters.1
│       │           │   ├── ffmpeg-codecs.1
│       │           │   ├── ffmpeg-devices.1
│       │           │   ├── ffmpeg-filters.1
│       │           │   ├── ffmpeg-formats.1
│       │           │   ├── ffmpeg-protocols.1
│       │           │   ├── ffmpeg-resampler.1
│       │           │   ├── ffmpeg-scaler.1
│       │           │   ├── ffmpeg-utils.1
│       │           │   ├── ffmpeg.1
│       │           │   ├── ffprobe-all.1
│       │           │   └── ffprobe.1
│       │           └── man3
│       │               ├── libavcodec.3
│       │               ├── libavdevice.3
│       │               ├── libavfilter.3
│       │               ├── libavformat.3
│       │               ├── libavutil.3
│       │               ├── libswresample.3
│       │               └── libswscale.3
│       ├── armeabi-v7a
│       │   ├── bin
│       │   │   ├── ffmpeg
│       │   │   └── ffprobe
│       │   ├── include
│       │   │   ├── libavcodec
│       │   │   │   ├── ac3_parser.h
│       │   │   │   ├── adts_parser.h
│       │   │   │   ├── avcodec.h
│       │   │   │   ├── avdct.h
│       │   │   │   ├── bsf.h
│       │   │   │   ├── codec.h
│       │   │   │   ├── codec_desc.h
│       │   │   │   ├── codec_id.h
│       │   │   │   ├── codec_par.h
│       │   │   │   ├── d3d11va.h
│       │   │   │   ├── defs.h
│       │   │   │   ├── dirac.h
│       │   │   │   ├── dv_profile.h
│       │   │   │   ├── dxva2.h
│       │   │   │   ├── exif.h
│       │   │   │   ├── jni.h
│       │   │   │   ├── mediacodec.h
│       │   │   │   ├── packet.h
│       │   │   │   ├── qsv.h
│       │   │   │   ├── smpte_436m.h
│       │   │   │   ├── vdpau.h
│       │   │   │   ├── version.h
│       │   │   │   ├── version_major.h
│       │   │   │   ├── videotoolbox.h
│       │   │   │   └── vorbis_parser.h
│       │   │   ├── libavdevice
│       │   │   │   ├── avdevice.h
│       │   │   │   ├── version.h
│       │   │   │   └── version_major.h
│       │   │   ├── libavfilter
│       │   │   │   ├── avfilter.h
│       │   │   │   ├── buffersink.h
│       │   │   │   ├── buffersrc.h
│       │   │   │   ├── version.h
│       │   │   │   └── version_major.h
│       │   │   ├── libavformat
│       │   │   │   ├── avformat.h
│       │   │   │   ├── avio.h
│       │   │   │   ├── version.h
│       │   │   │   └── version_major.h
│       │   │   ├── libavutil
│       │   │   │   ├── adler32.h
│       │   │   │   ├── aes.h
│       │   │   │   ├── aes_ctr.h
│       │   │   │   ├── ambient_viewing_environment.h
│       │   │   │   ├── attributes.h
│       │   │   │   ├── audio_fifo.h
│       │   │   │   ├── avassert.h
│       │   │   │   ├── avconfig.h
│       │   │   │   ├── avstring.h
│       │   │   │   ├── avutil.h
│       │   │   │   ├── base64.h
│       │   │   │   ├── blowfish.h
│       │   │   │   ├── bprint.h
│       │   │   │   ├── bswap.h
│       │   │   │   ├── buffer.h
│       │   │   │   ├── camellia.h
│       │   │   │   ├── cast5.h
│       │   │   │   ├── channel_layout.h
│       │   │   │   ├── common.h
│       │   │   │   ├── container_fifo.h
│       │   │   │   ├── cpu.h
│       │   │   │   ├── crc.h
│       │   │   │   ├── csp.h
│       │   │   │   ├── des.h
│       │   │   │   ├── detection_bbox.h
│       │   │   │   ├── dict.h
│       │   │   │   ├── display.h
│       │   │   │   ├── dovi_meta.h
│       │   │   │   ├── downmix_info.h
│       │   │   │   ├── encryption_info.h
│       │   │   │   ├── error.h
│       │   │   │   ├── eval.h
│       │   │   │   ├── executor.h
│       │   │   │   ├── ffversion.h
│       │   │   │   ├── fifo.h
│       │   │   │   ├── file.h
│       │   │   │   ├── film_grain_params.h
│       │   │   │   ├── frame.h
│       │   │   │   ├── hash.h
│       │   │   │   ├── hdr_dynamic_metadata.h
│       │   │   │   ├── hdr_dynamic_vivid_metadata.h
│       │   │   │   ├── hmac.h
│       │   │   │   ├── hwcontext.h
│       │   │   │   ├── hwcontext_amf.h
│       │   │   │   ├── hwcontext_cuda.h
│       │   │   │   ├── hwcontext_d3d11va.h
│       │   │   │   ├── hwcontext_d3d12va.h
│       │   │   │   ├── hwcontext_drm.h
│       │   │   │   ├── hwcontext_dxva2.h
│       │   │   │   ├── hwcontext_mediacodec.h
│       │   │   │   ├── hwcontext_oh.h
│       │   │   │   ├── hwcontext_opencl.h
│       │   │   │   ├── hwcontext_qsv.h
│       │   │   │   ├── hwcontext_vaapi.h
│       │   │   │   ├── hwcontext_vdpau.h
│       │   │   │   ├── hwcontext_videotoolbox.h
│       │   │   │   ├── hwcontext_vulkan.h
│       │   │   │   ├── iamf.h
│       │   │   │   ├── imgutils.h
│       │   │   │   ├── intfloat.h
│       │   │   │   ├── intreadwrite.h
│       │   │   │   ├── lfg.h
│       │   │   │   ├── log.h
│       │   │   │   ├── lzo.h
│       │   │   │   ├── macros.h
│       │   │   │   ├── mastering_display_metadata.h
│       │   │   │   ├── mathematics.h
│       │   │   │   ├── md5.h
│       │   │   │   ├── mem.h
│       │   │   │   ├── motion_vector.h
│       │   │   │   ├── murmur3.h
│       │   │   │   ├── opt.h
│       │   │   │   ├── parseutils.h
│       │   │   │   ├── pixdesc.h
│       │   │   │   ├── pixelutils.h
│       │   │   │   ├── pixfmt.h
│       │   │   │   ├── random_seed.h
│       │   │   │   ├── rational.h
│       │   │   │   ├── rc4.h
│       │   │   │   ├── refstruct.h
│       │   │   │   ├── replaygain.h
│       │   │   │   ├── ripemd.h
│       │   │   │   ├── samplefmt.h
│       │   │   │   ├── sha.h
│       │   │   │   ├── sha512.h
│       │   │   │   ├── spherical.h
│       │   │   │   ├── stereo3d.h
│       │   │   │   ├── tdrdi.h
│       │   │   │   ├── tea.h
│       │   │   │   ├── threadmessage.h
│       │   │   │   ├── time.h
│       │   │   │   ├── timecode.h
│       │   │   │   ├── timestamp.h
│       │   │   │   ├── tree.h
│       │   │   │   ├── twofish.h
│       │   │   │   ├── tx.h
│       │   │   │   ├── uuid.h
│       │   │   │   ├── version.h
│       │   │   │   ├── video_enc_params.h
│       │   │   │   ├── video_hint.h
│       │   │   │   └── xtea.h
│       │   │   ├── libswresample
│       │   │   │   ├── swresample.h
│       │   │   │   ├── version.h
│       │   │   │   └── version_major.h
│       │   │   └── libswscale
│       │   │       ├── swscale.h
│       │   │       ├── version.h
│       │   │       └── version_major.h
│       │   ├── lib
│       │   │   ├── libavcodec.so
│       │   │   ├── libavdevice.so
│       │   │   ├── libavfilter.so
│       │   │   ├── libavformat.so
│       │   │   ├── libavutil.so
│       │   │   ├── libswresample.so
│       │   │   ├── libswscale.so
│       │   │   └── pkgconfig
│       │   │       ├── libavcodec.pc
│       │   │       ├── libavdevice.pc
│       │   │       ├── libavfilter.pc
│       │   │       ├── libavformat.pc
│       │   │       ├── libavutil.pc
│       │   │       ├── libswresample.pc
│       │   │       └── libswscale.pc
│       │   └── share
│       │       ├── ffmpeg
│       │       │   ├── examples
│       │       │   │   ├── Makefile
│       │       │   │   ├── README
│       │       │   │   ├── avio_http_serve_files.c
│       │       │   │   ├── avio_list_dir.c
│       │       │   │   ├── avio_read_callback.c
│       │       │   │   ├── decode_audio.c
│       │       │   │   ├── decode_filter_audio.c
│       │       │   │   ├── decode_filter_video.c
│       │       │   │   ├── decode_video.c
│       │       │   │   ├── demux_decode.c
│       │       │   │   ├── encode_audio.c
│       │       │   │   ├── encode_video.c
│       │       │   │   ├── extract_mvs.c
│       │       │   │   ├── filter_audio.c
│       │       │   │   ├── hw_decode.c
│       │       │   │   ├── mux.c
│       │       │   │   ├── qsv_decode.c
│       │       │   │   ├── qsv_transcode.c
│       │       │   │   ├── remux.c
│       │       │   │   ├── resample_audio.c
│       │       │   │   ├── scale_video.c
│       │       │   │   ├── show_metadata.c
│       │       │   │   ├── transcode.c
│       │       │   │   ├── transcode_aac.c
│       │       │   │   ├── vaapi_encode.c
│       │       │   │   └── vaapi_transcode.c
│       │       │   ├── ffprobe.xsd
│       │       │   ├── libvpx-1080p.ffpreset
│       │       │   ├── libvpx-1080p50_60.ffpreset
│       │       │   ├── libvpx-360p.ffpreset
│       │       │   ├── libvpx-720p.ffpreset
│       │       │   └── libvpx-720p50_60.ffpreset
│       │       └── man
│       │           ├── man1
│       │           │   ├── ffmpeg-all.1
│       │           │   ├── ffmpeg-bitstream-filters.1
│       │           │   ├── ffmpeg-codecs.1
│       │           │   ├── ffmpeg-devices.1
│       │           │   ├── ffmpeg-filters.1
│       │           │   ├── ffmpeg-formats.1
│       │           │   ├── ffmpeg-protocols.1
│       │           │   ├── ffmpeg-resampler.1
│       │           │   ├── ffmpeg-scaler.1
│       │           │   ├── ffmpeg-utils.1
│       │           │   ├── ffmpeg.1
│       │           │   ├── ffprobe-all.1
│       │           │   └── ffprobe.1
│       │           └── man3
│       │               ├── libavcodec.3
│       │               ├── libavdevice.3
│       │               ├── libavfilter.3
│       │               ├── libavformat.3
│       │               ├── libavutil.3
│       │               ├── libswresample.3
│       │               └── libswscale.3
│       ├── x86
│       │   ├── bin
│       │   │   ├── ffmpeg
│       │   │   └── ffprobe
│       │   ├── include
│       │   │   ├── libavcodec
│       │   │   │   ├── ac3_parser.h
│       │   │   │   ├── adts_parser.h
│       │   │   │   ├── avcodec.h
│       │   │   │   ├── avdct.h
│       │   │   │   ├── bsf.h
│       │   │   │   ├── codec.h
│       │   │   │   ├── codec_desc.h
│       │   │   │   ├── codec_id.h
│       │   │   │   ├── codec_par.h
│       │   │   │   ├── d3d11va.h
│       │   │   │   ├── defs.h
│       │   │   │   ├── dirac.h
│       │   │   │   ├── dv_profile.h
│       │   │   │   ├── dxva2.h
│       │   │   │   ├── exif.h
│       │   │   │   ├── jni.h
│       │   │   │   ├── mediacodec.h
│       │   │   │   ├── packet.h
│       │   │   │   ├── qsv.h
│       │   │   │   ├── smpte_436m.h
│       │   │   │   ├── vdpau.h
│       │   │   │   ├── version.h
│       │   │   │   ├── version_major.h
│       │   │   │   ├── videotoolbox.h
│       │   │   │   └── vorbis_parser.h
│       │   │   ├── libavdevice
│       │   │   │   ├── avdevice.h
│       │   │   │   ├── version.h
│       │   │   │   └── version_major.h
│       │   │   ├── libavfilter
│       │   │   │   ├── avfilter.h
│       │   │   │   ├── buffersink.h
│       │   │   │   ├── buffersrc.h
│       │   │   │   ├── version.h
│       │   │   │   └── version_major.h
│       │   │   ├── libavformat
│       │   │   │   ├── avformat.h
│       │   │   │   ├── avio.h
│       │   │   │   ├── version.h
│       │   │   │   └── version_major.h
│       │   │   ├── libavutil
│       │   │   │   ├── adler32.h
│       │   │   │   ├── aes.h
│       │   │   │   ├── aes_ctr.h
│       │   │   │   ├── ambient_viewing_environment.h
│       │   │   │   ├── attributes.h
│       │   │   │   ├── audio_fifo.h
│       │   │   │   ├── avassert.h
│       │   │   │   ├── avconfig.h
│       │   │   │   ├── avstring.h
│       │   │   │   ├── avutil.h
│       │   │   │   ├── base64.h
│       │   │   │   ├── blowfish.h
│       │   │   │   ├── bprint.h
│       │   │   │   ├── bswap.h
│       │   │   │   ├── buffer.h
│       │   │   │   ├── camellia.h
│       │   │   │   ├── cast5.h
│       │   │   │   ├── channel_layout.h
│       │   │   │   ├── common.h
│       │   │   │   ├── container_fifo.h
│       │   │   │   ├── cpu.h
│       │   │   │   ├── crc.h
│       │   │   │   ├── csp.h
│       │   │   │   ├── des.h
│       │   │   │   ├── detection_bbox.h
│       │   │   │   ├── dict.h
│       │   │   │   ├── display.h
│       │   │   │   ├── dovi_meta.h
│       │   │   │   ├── downmix_info.h
│       │   │   │   ├── encryption_info.h
│       │   │   │   ├── error.h
│       │   │   │   ├── eval.h
│       │   │   │   ├── executor.h
│       │   │   │   ├── ffversion.h
│       │   │   │   ├── fifo.h
│       │   │   │   ├── file.h
│       │   │   │   ├── film_grain_params.h
│       │   │   │   ├── frame.h
│       │   │   │   ├── hash.h
│       │   │   │   ├── hdr_dynamic_metadata.h
│       │   │   │   ├── hdr_dynamic_vivid_metadata.h
│       │   │   │   ├── hmac.h
│       │   │   │   ├── hwcontext.h
│       │   │   │   ├── hwcontext_amf.h
│       │   │   │   ├── hwcontext_cuda.h
│       │   │   │   ├── hwcontext_d3d11va.h
│       │   │   │   ├── hwcontext_d3d12va.h
│       │   │   │   ├── hwcontext_drm.h
│       │   │   │   ├── hwcontext_dxva2.h
│       │   │   │   ├── hwcontext_mediacodec.h
│       │   │   │   ├── hwcontext_oh.h
│       │   │   │   ├── hwcontext_opencl.h
│       │   │   │   ├── hwcontext_qsv.h
│       │   │   │   ├── hwcontext_vaapi.h
│       │   │   │   ├── hwcontext_vdpau.h
│       │   │   │   ├── hwcontext_videotoolbox.h
│       │   │   │   ├── hwcontext_vulkan.h
│       │   │   │   ├── iamf.h
│       │   │   │   ├── imgutils.h
│       │   │   │   ├── intfloat.h
│       │   │   │   ├── intreadwrite.h
│       │   │   │   ├── lfg.h
│       │   │   │   ├── log.h
│       │   │   │   ├── lzo.h
│       │   │   │   ├── macros.h
│       │   │   │   ├── mastering_display_metadata.h
│       │   │   │   ├── mathematics.h
│       │   │   │   ├── md5.h
│       │   │   │   ├── mem.h
│       │   │   │   ├── motion_vector.h
│       │   │   │   ├── murmur3.h
│       │   │   │   ├── opt.h
│       │   │   │   ├── parseutils.h
│       │   │   │   ├── pixdesc.h
│       │   │   │   ├── pixelutils.h
│       │   │   │   ├── pixfmt.h
│       │   │   │   ├── random_seed.h
│       │   │   │   ├── rational.h
│       │   │   │   ├── rc4.h
│       │   │   │   ├── refstruct.h
│       │   │   │   ├── replaygain.h
│       │   │   │   ├── ripemd.h
│       │   │   │   ├── samplefmt.h
│       │   │   │   ├── sha.h
│       │   │   │   ├── sha512.h
│       │   │   │   ├── spherical.h
│       │   │   │   ├── stereo3d.h
│       │   │   │   ├── tdrdi.h
│       │   │   │   ├── tea.h
│       │   │   │   ├── threadmessage.h
│       │   │   │   ├── time.h
│       │   │   │   ├── timecode.h
│       │   │   │   ├── timestamp.h
│       │   │   │   ├── tree.h
│       │   │   │   ├── twofish.h
│       │   │   │   ├── tx.h
│       │   │   │   ├── uuid.h
│       │   │   │   ├── version.h
│       │   │   │   ├── video_enc_params.h
│       │   │   │   ├── video_hint.h
│       │   │   │   └── xtea.h
│       │   │   ├── libswresample
│       │   │   │   ├── swresample.h
│       │   │   │   ├── version.h
│       │   │   │   └── version_major.h
│       │   │   └── libswscale
│       │   │       ├── swscale.h
│       │   │       ├── version.h
│       │   │       └── version_major.h
│       │   ├── lib
│       │   │   ├── libavcodec.so
│       │   │   ├── libavdevice.so
│       │   │   ├── libavfilter.so
│       │   │   ├── libavformat.so
│       │   │   ├── libavutil.so
│       │   │   ├── libswresample.so
│       │   │   ├── libswscale.so
│       │   │   └── pkgconfig
│       │   │       ├── libavcodec.pc
│       │   │       ├── libavdevice.pc
│       │   │       ├── libavfilter.pc
│       │   │       ├── libavformat.pc
│       │   │       ├── libavutil.pc
│       │   │       ├── libswresample.pc
│       │   │       └── libswscale.pc
│       │   └── share
│       │       ├── ffmpeg
│       │       │   ├── examples
│       │       │   │   ├── Makefile
│       │       │   │   ├── README
│       │       │   │   ├── avio_http_serve_files.c
│       │       │   │   ├── avio_list_dir.c
│       │       │   │   ├── avio_read_callback.c
│       │       │   │   ├── decode_audio.c
│       │       │   │   ├── decode_filter_audio.c
│       │       │   │   ├── decode_filter_video.c
│       │       │   │   ├── decode_video.c
│       │       │   │   ├── demux_decode.c
│       │       │   │   ├── encode_audio.c
│       │       │   │   ├── encode_video.c
│       │       │   │   ├── extract_mvs.c
│       │       │   │   ├── filter_audio.c
│       │       │   │   ├── hw_decode.c
│       │       │   │   ├── mux.c
│       │       │   │   ├── qsv_decode.c
│       │       │   │   ├── qsv_transcode.c
│       │       │   │   ├── remux.c
│       │       │   │   ├── resample_audio.c
│       │       │   │   ├── scale_video.c
│       │       │   │   ├── show_metadata.c
│       │       │   │   ├── transcode.c
│       │       │   │   ├── transcode_aac.c
│       │       │   │   ├── vaapi_encode.c
│       │       │   │   └── vaapi_transcode.c
│       │       │   ├── ffprobe.xsd
│       │       │   ├── libvpx-1080p.ffpreset
│       │       │   ├── libvpx-1080p50_60.ffpreset
│       │       │   ├── libvpx-360p.ffpreset
│       │       │   ├── libvpx-720p.ffpreset
│       │       │   └── libvpx-720p50_60.ffpreset
│       │       └── man
│       │           ├── man1
│       │           │   ├── ffmpeg-all.1
│       │           │   ├── ffmpeg-bitstream-filters.1
│       │           │   ├── ffmpeg-codecs.1
│       │           │   ├── ffmpeg-devices.1
│       │           │   ├── ffmpeg-filters.1
│       │           │   ├── ffmpeg-formats.1
│       │           │   ├── ffmpeg-protocols.1
│       │           │   ├── ffmpeg-resampler.1
│       │           │   ├── ffmpeg-scaler.1
│       │           │   ├── ffmpeg-utils.1
│       │           │   ├── ffmpeg.1
│       │           │   ├── ffprobe-all.1
│       │           │   └── ffprobe.1
│       │           └── man3
│       │               ├── libavcodec.3
│       │               ├── libavdevice.3
│       │               ├── libavfilter.3
│       │               ├── libavformat.3
│       │               ├── libavutil.3
│       │               ├── libswresample.3
│       │               └── libswscale.3
│       └── x86_64
│           ├── bin
│           │   ├── ffmpeg
│           │   └── ffprobe
│           ├── include
│           │   ├── libavcodec
│           │   │   ├── ac3_parser.h
│           │   │   ├── adts_parser.h
│           │   │   ├── avcodec.h
│           │   │   ├── avdct.h
│           │   │   ├── bsf.h
│           │   │   ├── codec.h
│           │   │   ├── codec_desc.h
│           │   │   ├── codec_id.h
│           │   │   ├── codec_par.h
│           │   │   ├── d3d11va.h
│           │   │   ├── defs.h
│           │   │   ├── dirac.h
│           │   │   ├── dv_profile.h
│           │   │   ├── dxva2.h
│           │   │   ├── exif.h
│           │   │   ├── jni.h
│           │   │   ├── mediacodec.h
│           │   │   ├── packet.h
│           │   │   ├── qsv.h
│           │   │   ├── smpte_436m.h
│           │   │   ├── vdpau.h
│           │   │   ├── version.h
│           │   │   ├── version_major.h
│           │   │   ├── videotoolbox.h
│           │   │   └── vorbis_parser.h
│           │   ├── libavdevice
│           │   │   ├── avdevice.h
│           │   │   ├── version.h
│           │   │   └── version_major.h
│           │   ├── libavfilter
│           │   │   ├── avfilter.h
│           │   │   ├── buffersink.h
│           │   │   ├── buffersrc.h
│           │   │   ├── version.h
│           │   │   └── version_major.h
│           │   ├── libavformat
│           │   │   ├── avformat.h
│           │   │   ├── avio.h
│           │   │   ├── version.h
│           │   │   └── version_major.h
│           │   ├── libavutil
│           │   │   ├── adler32.h
│           │   │   ├── aes.h
│           │   │   ├── aes_ctr.h
│           │   │   ├── ambient_viewing_environment.h
│           │   │   ├── attributes.h
│           │   │   ├── audio_fifo.h
│           │   │   ├── avassert.h
│           │   │   ├── avconfig.h
│           │   │   ├── avstring.h
│           │   │   ├── avutil.h
│           │   │   ├── base64.h
│           │   │   ├── blowfish.h
│           │   │   ├── bprint.h
│           │   │   ├── bswap.h
│           │   │   ├── buffer.h
│           │   │   ├── camellia.h
│           │   │   ├── cast5.h
│           │   │   ├── channel_layout.h
│           │   │   ├── common.h
│           │   │   ├── container_fifo.h
│           │   │   ├── cpu.h
│           │   │   ├── crc.h
│           │   │   ├── csp.h
│           │   │   ├── des.h
│           │   │   ├── detection_bbox.h
│           │   │   ├── dict.h
│           │   │   ├── display.h
│           │   │   ├── dovi_meta.h
│           │   │   ├── downmix_info.h
│           │   │   ├── encryption_info.h
│           │   │   ├── error.h
│           │   │   ├── eval.h
│           │   │   ├── executor.h
│           │   │   ├── ffversion.h
│           │   │   ├── fifo.h
│           │   │   ├── file.h
│           │   │   ├── film_grain_params.h
│           │   │   ├── frame.h
│           │   │   ├── hash.h
│           │   │   ├── hdr_dynamic_metadata.h
│           │   │   ├── hdr_dynamic_vivid_metadata.h
│           │   │   ├── hmac.h
│           │   │   ├── hwcontext.h
│           │   │   ├── hwcontext_amf.h
│           │   │   ├── hwcontext_cuda.h
│           │   │   ├── hwcontext_d3d11va.h
│           │   │   ├── hwcontext_d3d12va.h
│           │   │   ├── hwcontext_drm.h
│           │   │   ├── hwcontext_dxva2.h
│           │   │   ├── hwcontext_mediacodec.h
│           │   │   ├── hwcontext_oh.h
│           │   │   ├── hwcontext_opencl.h
│           │   │   ├── hwcontext_qsv.h
│           │   │   ├── hwcontext_vaapi.h
│           │   │   ├── hwcontext_vdpau.h
│           │   │   ├── hwcontext_videotoolbox.h
│           │   │   ├── hwcontext_vulkan.h
│           │   │   ├── iamf.h
│           │   │   ├── imgutils.h
│           │   │   ├── intfloat.h
│           │   │   ├── intreadwrite.h
│           │   │   ├── lfg.h
│           │   │   ├── log.h
│           │   │   ├── lzo.h
│           │   │   ├── macros.h
│           │   │   ├── mastering_display_metadata.h
│           │   │   ├── mathematics.h
│           │   │   ├── md5.h
│           │   │   ├── mem.h
│           │   │   ├── motion_vector.h
│           │   │   ├── murmur3.h
│           │   │   ├── opt.h
│           │   │   ├── parseutils.h
│           │   │   ├── pixdesc.h
│           │   │   ├── pixelutils.h
│           │   │   ├── pixfmt.h
│           │   │   ├── random_seed.h
│           │   │   ├── rational.h
│           │   │   ├── rc4.h
│           │   │   ├── refstruct.h
│           │   │   ├── replaygain.h
│           │   │   ├── ripemd.h
│           │   │   ├── samplefmt.h
│           │   │   ├── sha.h
│           │   │   ├── sha512.h
│           │   │   ├── spherical.h
│           │   │   ├── stereo3d.h
│           │   │   ├── tdrdi.h
│           │   │   ├── tea.h
│           │   │   ├── threadmessage.h
│           │   │   ├── time.h
│           │   │   ├── timecode.h
│           │   │   ├── timestamp.h
│           │   │   ├── tree.h
│           │   │   ├── twofish.h
│           │   │   ├── tx.h
│           │   │   ├── uuid.h
│           │   │   ├── version.h
│           │   │   ├── video_enc_params.h
│           │   │   ├── video_hint.h
│           │   │   └── xtea.h
│           │   ├── libswresample
│           │   │   ├── swresample.h
│           │   │   ├── version.h
│           │   │   └── version_major.h
│           │   └── libswscale
│           │       ├── swscale.h
│           │       ├── version.h
│           │       └── version_major.h
│           ├── lib
│           │   ├── libavcodec.so
│           │   ├── libavdevice.so
│           │   ├── libavfilter.so
│           │   ├── libavformat.so
│           │   ├── libavutil.so
│           │   ├── libswresample.so
│           │   ├── libswscale.so
│           │   └── pkgconfig
│           │       ├── libavcodec.pc
│           │       ├── libavdevice.pc
│           │       ├── libavfilter.pc
│           │       ├── libavformat.pc
│           │       ├── libavutil.pc
│           │       ├── libswresample.pc
│           │       └── libswscale.pc
│           └── share
│               ├── ffmpeg
│               │   ├── examples
│               │   │   ├── Makefile
│               │   │   ├── README
│               │   │   ├── avio_http_serve_files.c
│               │   │   ├── avio_list_dir.c
│               │   │   ├── avio_read_callback.c
│               │   │   ├── decode_audio.c
│               │   │   ├── decode_filter_audio.c
│               │   │   ├── decode_filter_video.c
│               │   │   ├── decode_video.c
│               │   │   ├── demux_decode.c
│               │   │   ├── encode_audio.c
│               │   │   ├── encode_video.c
│               │   │   ├── extract_mvs.c
│               │   │   ├── filter_audio.c
│               │   │   ├── hw_decode.c
│               │   │   ├── mux.c
│               │   │   ├── qsv_decode.c
│               │   │   ├── qsv_transcode.c
│               │   │   ├── remux.c
│               │   │   ├── resample_audio.c
│               │   │   ├── scale_video.c
│               │   │   ├── show_metadata.c
│               │   │   ├── transcode.c
│               │   │   ├── transcode_aac.c
│               │   │   ├── vaapi_encode.c
│               │   │   └── vaapi_transcode.c
│               │   ├── ffprobe.xsd
│               │   ├── libvpx-1080p.ffpreset
│               │   ├── libvpx-1080p50_60.ffpreset
│               │   ├── libvpx-360p.ffpreset
│               │   ├── libvpx-720p.ffpreset
│               │   └── libvpx-720p50_60.ffpreset
│               └── man
│                   ├── man1
│                   │   ├── ffmpeg-all.1
│                   │   ├── ffmpeg-bitstream-filters.1
│                   │   ├── ffmpeg-codecs.1
│                   │   ├── ffmpeg-devices.1
│                   │   ├── ffmpeg-filters.1
│                   │   ├── ffmpeg-formats.1
│                   │   ├── ffmpeg-protocols.1
│                   │   ├── ffmpeg-resampler.1
│                   │   ├── ffmpeg-scaler.1
│                   │   ├── ffmpeg-utils.1
│                   │   ├── ffmpeg.1
│                   │   ├── ffprobe-all.1
│                   │   └── ffprobe.1
│                   └── man3
│                       ├── libavcodec.3
│                       ├── libavdevice.3
│                       ├── libavfilter.3
│                       ├── libavformat.3
│                       ├── libavutil.3
│                       ├── libswresample.3
│                       └── libswscale.3
├── ffmpeg-android-maker.sh
├── ffmpeg_output_tree.log
├── images
│   └── output_structure.png
├── output
│   ├── include
│   │   ├── arm64-v8a
│   │   │   ├── libavcodec
│   │   │   │   ├── ac3_parser.h
│   │   │   │   ├── adts_parser.h
│   │   │   │   ├── avcodec.h
│   │   │   │   ├── avdct.h
│   │   │   │   ├── bsf.h
│   │   │   │   ├── codec.h
│   │   │   │   ├── codec_desc.h
│   │   │   │   ├── codec_id.h
│   │   │   │   ├── codec_par.h
│   │   │   │   ├── d3d11va.h
│   │   │   │   ├── defs.h
│   │   │   │   ├── dirac.h
│   │   │   │   ├── dv_profile.h
│   │   │   │   ├── dxva2.h
│   │   │   │   ├── exif.h
│   │   │   │   ├── jni.h
│   │   │   │   ├── mediacodec.h
│   │   │   │   ├── packet.h
│   │   │   │   ├── qsv.h
│   │   │   │   ├── smpte_436m.h
│   │   │   │   ├── vdpau.h
│   │   │   │   ├── version.h
│   │   │   │   ├── version_major.h
│   │   │   │   ├── videotoolbox.h
│   │   │   │   └── vorbis_parser.h
│   │   │   ├── libavdevice
│   │   │   │   ├── avdevice.h
│   │   │   │   ├── version.h
│   │   │   │   └── version_major.h
│   │   │   ├── libavfilter
│   │   │   │   ├── avfilter.h
│   │   │   │   ├── buffersink.h
│   │   │   │   ├── buffersrc.h
│   │   │   │   ├── version.h
│   │   │   │   └── version_major.h
│   │   │   ├── libavformat
│   │   │   │   ├── avformat.h
│   │   │   │   ├── avio.h
│   │   │   │   ├── version.h
│   │   │   │   └── version_major.h
│   │   │   ├── libavutil
│   │   │   │   ├── adler32.h
│   │   │   │   ├── aes.h
│   │   │   │   ├── aes_ctr.h
│   │   │   │   ├── ambient_viewing_environment.h
│   │   │   │   ├── attributes.h
│   │   │   │   ├── audio_fifo.h
│   │   │   │   ├── avassert.h
│   │   │   │   ├── avconfig.h
│   │   │   │   ├── avstring.h
│   │   │   │   ├── avutil.h
│   │   │   │   ├── base64.h
│   │   │   │   ├── blowfish.h
│   │   │   │   ├── bprint.h
│   │   │   │   ├── bswap.h
│   │   │   │   ├── buffer.h
│   │   │   │   ├── camellia.h
│   │   │   │   ├── cast5.h
│   │   │   │   ├── channel_layout.h
│   │   │   │   ├── common.h
│   │   │   │   ├── container_fifo.h
│   │   │   │   ├── cpu.h
│   │   │   │   ├── crc.h
│   │   │   │   ├── csp.h
│   │   │   │   ├── des.h
│   │   │   │   ├── detection_bbox.h
│   │   │   │   ├── dict.h
│   │   │   │   ├── display.h
│   │   │   │   ├── dovi_meta.h
│   │   │   │   ├── downmix_info.h
│   │   │   │   ├── encryption_info.h
│   │   │   │   ├── error.h
│   │   │   │   ├── eval.h
│   │   │   │   ├── executor.h
│   │   │   │   ├── ffversion.h
│   │   │   │   ├── fifo.h
│   │   │   │   ├── file.h
│   │   │   │   ├── film_grain_params.h
│   │   │   │   ├── frame.h
│   │   │   │   ├── hash.h
│   │   │   │   ├── hdr_dynamic_metadata.h
│   │   │   │   ├── hdr_dynamic_vivid_metadata.h
│   │   │   │   ├── hmac.h
│   │   │   │   ├── hwcontext.h
│   │   │   │   ├── hwcontext_amf.h
│   │   │   │   ├── hwcontext_cuda.h
│   │   │   │   ├── hwcontext_d3d11va.h
│   │   │   │   ├── hwcontext_d3d12va.h
│   │   │   │   ├── hwcontext_drm.h
│   │   │   │   ├── hwcontext_dxva2.h
│   │   │   │   ├── hwcontext_mediacodec.h
│   │   │   │   ├── hwcontext_oh.h
│   │   │   │   ├── hwcontext_opencl.h
│   │   │   │   ├── hwcontext_qsv.h
│   │   │   │   ├── hwcontext_vaapi.h
│   │   │   │   ├── hwcontext_vdpau.h
│   │   │   │   ├── hwcontext_videotoolbox.h
│   │   │   │   ├── hwcontext_vulkan.h
│   │   │   │   ├── iamf.h
│   │   │   │   ├── imgutils.h
│   │   │   │   ├── intfloat.h
│   │   │   │   ├── intreadwrite.h
│   │   │   │   ├── lfg.h
│   │   │   │   ├── log.h
│   │   │   │   ├── lzo.h
│   │   │   │   ├── macros.h
│   │   │   │   ├── mastering_display_metadata.h
│   │   │   │   ├── mathematics.h
│   │   │   │   ├── md5.h
│   │   │   │   ├── mem.h
│   │   │   │   ├── motion_vector.h
│   │   │   │   ├── murmur3.h
│   │   │   │   ├── opt.h
│   │   │   │   ├── parseutils.h
│   │   │   │   ├── pixdesc.h
│   │   │   │   ├── pixelutils.h
│   │   │   │   ├── pixfmt.h
│   │   │   │   ├── random_seed.h
│   │   │   │   ├── rational.h
│   │   │   │   ├── rc4.h
│   │   │   │   ├── refstruct.h
│   │   │   │   ├── replaygain.h
│   │   │   │   ├── ripemd.h
│   │   │   │   ├── samplefmt.h
│   │   │   │   ├── sha.h
│   │   │   │   ├── sha512.h
│   │   │   │   ├── spherical.h
│   │   │   │   ├── stereo3d.h
│   │   │   │   ├── tdrdi.h
│   │   │   │   ├── tea.h
│   │   │   │   ├── threadmessage.h
│   │   │   │   ├── time.h
│   │   │   │   ├── timecode.h
│   │   │   │   ├── timestamp.h
│   │   │   │   ├── tree.h
│   │   │   │   ├── twofish.h
│   │   │   │   ├── tx.h
│   │   │   │   ├── uuid.h
│   │   │   │   ├── version.h
│   │   │   │   ├── video_enc_params.h
│   │   │   │   ├── video_hint.h
│   │   │   │   └── xtea.h
│   │   │   ├── libswresample
│   │   │   │   ├── swresample.h
│   │   │   │   ├── version.h
│   │   │   │   └── version_major.h
│   │   │   └── libswscale
│   │   │       ├── swscale.h
│   │   │       ├── version.h
│   │   │       └── version_major.h
│   │   ├── armeabi-v7a
│   │   │   ├── libavcodec
│   │   │   │   ├── ac3_parser.h
│   │   │   │   ├── adts_parser.h
│   │   │   │   ├── avcodec.h
│   │   │   │   ├── avdct.h
│   │   │   │   ├── bsf.h
│   │   │   │   ├── codec.h
│   │   │   │   ├── codec_desc.h
│   │   │   │   ├── codec_id.h
│   │   │   │   ├── codec_par.h
│   │   │   │   ├── d3d11va.h
│   │   │   │   ├── defs.h
│   │   │   │   ├── dirac.h
│   │   │   │   ├── dv_profile.h
│   │   │   │   ├── dxva2.h
│   │   │   │   ├── exif.h
│   │   │   │   ├── jni.h
│   │   │   │   ├── mediacodec.h
│   │   │   │   ├── packet.h
│   │   │   │   ├── qsv.h
│   │   │   │   ├── smpte_436m.h
│   │   │   │   ├── vdpau.h
│   │   │   │   ├── version.h
│   │   │   │   ├── version_major.h
│   │   │   │   ├── videotoolbox.h
│   │   │   │   └── vorbis_parser.h
│   │   │   ├── libavdevice
│   │   │   │   ├── avdevice.h
│   │   │   │   ├── version.h
│   │   │   │   └── version_major.h
│   │   │   ├── libavfilter
│   │   │   │   ├── avfilter.h
│   │   │   │   ├── buffersink.h
│   │   │   │   ├── buffersrc.h
│   │   │   │   ├── version.h
│   │   │   │   └── version_major.h
│   │   │   ├── libavformat
│   │   │   │   ├── avformat.h
│   │   │   │   ├── avio.h
│   │   │   │   ├── version.h
│   │   │   │   └── version_major.h
│   │   │   ├── libavutil
│   │   │   │   ├── adler32.h
│   │   │   │   ├── aes.h
│   │   │   │   ├── aes_ctr.h
│   │   │   │   ├── ambient_viewing_environment.h
│   │   │   │   ├── attributes.h
│   │   │   │   ├── audio_fifo.h
│   │   │   │   ├── avassert.h
│   │   │   │   ├── avconfig.h
│   │   │   │   ├── avstring.h
│   │   │   │   ├── avutil.h
│   │   │   │   ├── base64.h
│   │   │   │   ├── blowfish.h
│   │   │   │   ├── bprint.h
│   │   │   │   ├── bswap.h
│   │   │   │   ├── buffer.h
│   │   │   │   ├── camellia.h
│   │   │   │   ├── cast5.h
│   │   │   │   ├── channel_layout.h
│   │   │   │   ├── common.h
│   │   │   │   ├── container_fifo.h
│   │   │   │   ├── cpu.h
│   │   │   │   ├── crc.h
│   │   │   │   ├── csp.h
│   │   │   │   ├── des.h
│   │   │   │   ├── detection_bbox.h
│   │   │   │   ├── dict.h
│   │   │   │   ├── display.h
│   │   │   │   ├── dovi_meta.h
│   │   │   │   ├── downmix_info.h
│   │   │   │   ├── encryption_info.h
│   │   │   │   ├── error.h
│   │   │   │   ├── eval.h
│   │   │   │   ├── executor.h
│   │   │   │   ├── ffversion.h
│   │   │   │   ├── fifo.h
│   │   │   │   ├── file.h
│   │   │   │   ├── film_grain_params.h
│   │   │   │   ├── frame.h
│   │   │   │   ├── hash.h
│   │   │   │   ├── hdr_dynamic_metadata.h
│   │   │   │   ├── hdr_dynamic_vivid_metadata.h
│   │   │   │   ├── hmac.h
│   │   │   │   ├── hwcontext.h
│   │   │   │   ├── hwcontext_amf.h
│   │   │   │   ├── hwcontext_cuda.h
│   │   │   │   ├── hwcontext_d3d11va.h
│   │   │   │   ├── hwcontext_d3d12va.h
│   │   │   │   ├── hwcontext_drm.h
│   │   │   │   ├── hwcontext_dxva2.h
│   │   │   │   ├── hwcontext_mediacodec.h
│   │   │   │   ├── hwcontext_oh.h
│   │   │   │   ├── hwcontext_opencl.h
│   │   │   │   ├── hwcontext_qsv.h
│   │   │   │   ├── hwcontext_vaapi.h
│   │   │   │   ├── hwcontext_vdpau.h
│   │   │   │   ├── hwcontext_videotoolbox.h
│   │   │   │   ├── hwcontext_vulkan.h
│   │   │   │   ├── iamf.h
│   │   │   │   ├── imgutils.h
│   │   │   │   ├── intfloat.h
│   │   │   │   ├── intreadwrite.h
│   │   │   │   ├── lfg.h
│   │   │   │   ├── log.h
│   │   │   │   ├── lzo.h
│   │   │   │   ├── macros.h
│   │   │   │   ├── mastering_display_metadata.h
│   │   │   │   ├── mathematics.h
│   │   │   │   ├── md5.h
│   │   │   │   ├── mem.h
│   │   │   │   ├── motion_vector.h
│   │   │   │   ├── murmur3.h
│   │   │   │   ├── opt.h
│   │   │   │   ├── parseutils.h
│   │   │   │   ├── pixdesc.h
│   │   │   │   ├── pixelutils.h
│   │   │   │   ├── pixfmt.h
│   │   │   │   ├── random_seed.h
│   │   │   │   ├── rational.h
│   │   │   │   ├── rc4.h
│   │   │   │   ├── refstruct.h
│   │   │   │   ├── replaygain.h
│   │   │   │   ├── ripemd.h
│   │   │   │   ├── samplefmt.h
│   │   │   │   ├── sha.h
│   │   │   │   ├── sha512.h
│   │   │   │   ├── spherical.h
│   │   │   │   ├── stereo3d.h
│   │   │   │   ├── tdrdi.h
│   │   │   │   ├── tea.h
│   │   │   │   ├── threadmessage.h
│   │   │   │   ├── time.h
│   │   │   │   ├── timecode.h
│   │   │   │   ├── timestamp.h
│   │   │   │   ├── tree.h
│   │   │   │   ├── twofish.h
│   │   │   │   ├── tx.h
│   │   │   │   ├── uuid.h
│   │   │   │   ├── version.h
│   │   │   │   ├── video_enc_params.h
│   │   │   │   ├── video_hint.h
│   │   │   │   └── xtea.h
│   │   │   ├── libswresample
│   │   │   │   ├── swresample.h
│   │   │   │   ├── version.h
│   │   │   │   └── version_major.h
│   │   │   └── libswscale
│   │   │       ├── swscale.h
│   │   │       ├── version.h
│   │   │       └── version_major.h
│   │   ├── x86
│   │   │   ├── libavcodec
│   │   │   │   ├── ac3_parser.h
│   │   │   │   ├── adts_parser.h
│   │   │   │   ├── avcodec.h
│   │   │   │   ├── avdct.h
│   │   │   │   ├── bsf.h
│   │   │   │   ├── codec.h
│   │   │   │   ├── codec_desc.h
│   │   │   │   ├── codec_id.h
│   │   │   │   ├── codec_par.h
│   │   │   │   ├── d3d11va.h
│   │   │   │   ├── defs.h
│   │   │   │   ├── dirac.h
│   │   │   │   ├── dv_profile.h
│   │   │   │   ├── dxva2.h
│   │   │   │   ├── exif.h
│   │   │   │   ├── jni.h
│   │   │   │   ├── mediacodec.h
│   │   │   │   ├── packet.h
│   │   │   │   ├── qsv.h
│   │   │   │   ├── smpte_436m.h
│   │   │   │   ├── vdpau.h
│   │   │   │   ├── version.h
│   │   │   │   ├── version_major.h
│   │   │   │   ├── videotoolbox.h
│   │   │   │   └── vorbis_parser.h
│   │   │   ├── libavdevice
│   │   │   │   ├── avdevice.h
│   │   │   │   ├── version.h
│   │   │   │   └── version_major.h
│   │   │   ├── libavfilter
│   │   │   │   ├── avfilter.h
│   │   │   │   ├── buffersink.h
│   │   │   │   ├── buffersrc.h
│   │   │   │   ├── version.h
│   │   │   │   └── version_major.h
│   │   │   ├── libavformat
│   │   │   │   ├── avformat.h
│   │   │   │   ├── avio.h
│   │   │   │   ├── version.h
│   │   │   │   └── version_major.h
│   │   │   ├── libavutil
│   │   │   │   ├── adler32.h
│   │   │   │   ├── aes.h
│   │   │   │   ├── aes_ctr.h
│   │   │   │   ├── ambient_viewing_environment.h
│   │   │   │   ├── attributes.h
│   │   │   │   ├── audio_fifo.h
│   │   │   │   ├── avassert.h
│   │   │   │   ├── avconfig.h
│   │   │   │   ├── avstring.h
│   │   │   │   ├── avutil.h
│   │   │   │   ├── base64.h
│   │   │   │   ├── blowfish.h
│   │   │   │   ├── bprint.h
│   │   │   │   ├── bswap.h
│   │   │   │   ├── buffer.h
│   │   │   │   ├── camellia.h
│   │   │   │   ├── cast5.h
│   │   │   │   ├── channel_layout.h
│   │   │   │   ├── common.h
│   │   │   │   ├── container_fifo.h
│   │   │   │   ├── cpu.h
│   │   │   │   ├── crc.h
│   │   │   │   ├── csp.h
│   │   │   │   ├── des.h
│   │   │   │   ├── detection_bbox.h
│   │   │   │   ├── dict.h
│   │   │   │   ├── display.h
│   │   │   │   ├── dovi_meta.h
│   │   │   │   ├── downmix_info.h
│   │   │   │   ├── encryption_info.h
│   │   │   │   ├── error.h
│   │   │   │   ├── eval.h
│   │   │   │   ├── executor.h
│   │   │   │   ├── ffversion.h
│   │   │   │   ├── fifo.h
│   │   │   │   ├── file.h
│   │   │   │   ├── film_grain_params.h
│   │   │   │   ├── frame.h
│   │   │   │   ├── hash.h
│   │   │   │   ├── hdr_dynamic_metadata.h
│   │   │   │   ├── hdr_dynamic_vivid_metadata.h
│   │   │   │   ├── hmac.h
│   │   │   │   ├── hwcontext.h
│   │   │   │   ├── hwcontext_amf.h
│   │   │   │   ├── hwcontext_cuda.h
│   │   │   │   ├── hwcontext_d3d11va.h
│   │   │   │   ├── hwcontext_d3d12va.h
│   │   │   │   ├── hwcontext_drm.h
│   │   │   │   ├── hwcontext_dxva2.h
│   │   │   │   ├── hwcontext_mediacodec.h
│   │   │   │   ├── hwcontext_oh.h
│   │   │   │   ├── hwcontext_opencl.h
│   │   │   │   ├── hwcontext_qsv.h
│   │   │   │   ├── hwcontext_vaapi.h
│   │   │   │   ├── hwcontext_vdpau.h
│   │   │   │   ├── hwcontext_videotoolbox.h
│   │   │   │   ├── hwcontext_vulkan.h
│   │   │   │   ├── iamf.h
│   │   │   │   ├── imgutils.h
│   │   │   │   ├── intfloat.h
│   │   │   │   ├── intreadwrite.h
│   │   │   │   ├── lfg.h
│   │   │   │   ├── log.h
│   │   │   │   ├── lzo.h
│   │   │   │   ├── macros.h
│   │   │   │   ├── mastering_display_metadata.h
│   │   │   │   ├── mathematics.h
│   │   │   │   ├── md5.h
│   │   │   │   ├── mem.h
│   │   │   │   ├── motion_vector.h
│   │   │   │   ├── murmur3.h
│   │   │   │   ├── opt.h
│   │   │   │   ├── parseutils.h
│   │   │   │   ├── pixdesc.h
│   │   │   │   ├── pixelutils.h
│   │   │   │   ├── pixfmt.h
│   │   │   │   ├── random_seed.h
│   │   │   │   ├── rational.h
│   │   │   │   ├── rc4.h
│   │   │   │   ├── refstruct.h
│   │   │   │   ├── replaygain.h
│   │   │   │   ├── ripemd.h
│   │   │   │   ├── samplefmt.h
│   │   │   │   ├── sha.h
│   │   │   │   ├── sha512.h
│   │   │   │   ├── spherical.h
│   │   │   │   ├── stereo3d.h
│   │   │   │   ├── tdrdi.h
│   │   │   │   ├── tea.h
│   │   │   │   ├── threadmessage.h
│   │   │   │   ├── time.h
│   │   │   │   ├── timecode.h
│   │   │   │   ├── timestamp.h
│   │   │   │   ├── tree.h
│   │   │   │   ├── twofish.h
│   │   │   │   ├── tx.h
│   │   │   │   ├── uuid.h
│   │   │   │   ├── version.h
│   │   │   │   ├── video_enc_params.h
│   │   │   │   ├── video_hint.h
│   │   │   │   └── xtea.h
│   │   │   ├── libswresample
│   │   │   │   ├── swresample.h
│   │   │   │   ├── version.h
│   │   │   │   └── version_major.h
│   │   │   └── libswscale
│   │   │       ├── swscale.h
│   │   │       ├── version.h
│   │   │       └── version_major.h
│   │   └── x86_64
│   │       ├── libavcodec
│   │       │   ├── ac3_parser.h
│   │       │   ├── adts_parser.h
│   │       │   ├── avcodec.h
│   │       │   ├── avdct.h
│   │       │   ├── bsf.h
│   │       │   ├── codec.h
│   │       │   ├── codec_desc.h
│   │       │   ├── codec_id.h
│   │       │   ├── codec_par.h
│   │       │   ├── d3d11va.h
│   │       │   ├── defs.h
│   │       │   ├── dirac.h
│   │       │   ├── dv_profile.h
│   │       │   ├── dxva2.h
│   │       │   ├── exif.h
│   │       │   ├── jni.h
│   │       │   ├── mediacodec.h
│   │       │   ├── packet.h
│   │       │   ├── qsv.h
│   │       │   ├── smpte_436m.h
│   │       │   ├── vdpau.h
│   │       │   ├── version.h
│   │       │   ├── version_major.h
│   │       │   ├── videotoolbox.h
│   │       │   └── vorbis_parser.h
│   │       ├── libavdevice
│   │       │   ├── avdevice.h
│   │       │   ├── version.h
│   │       │   └── version_major.h
│   │       ├── libavfilter
│   │       │   ├── avfilter.h
│   │       │   ├── buffersink.h
│   │       │   ├── buffersrc.h
│   │       │   ├── version.h
│   │       │   └── version_major.h
│   │       ├── libavformat
│   │       │   ├── avformat.h
│   │       │   ├── avio.h
│   │       │   ├── version.h
│   │       │   └── version_major.h
│   │       ├── libavutil
│   │       │   ├── adler32.h
│   │       │   ├── aes.h
│   │       │   ├── aes_ctr.h
│   │       │   ├── ambient_viewing_environment.h
│   │       │   ├── attributes.h
│   │       │   ├── audio_fifo.h
│   │       │   ├── avassert.h
│   │       │   ├── avconfig.h
│   │       │   ├── avstring.h
│   │       │   ├── avutil.h
│   │       │   ├── base64.h
│   │       │   ├── blowfish.h
│   │       │   ├── bprint.h
│   │       │   ├── bswap.h
│   │       │   ├── buffer.h
│   │       │   ├── camellia.h
│   │       │   ├── cast5.h
│   │       │   ├── channel_layout.h
│   │       │   ├── common.h
│   │       │   ├── container_fifo.h
│   │       │   ├── cpu.h
│   │       │   ├── crc.h
│   │       │   ├── csp.h
│   │       │   ├── des.h
│   │       │   ├── detection_bbox.h
│   │       │   ├── dict.h
│   │       │   ├── display.h
│   │       │   ├── dovi_meta.h
│   │       │   ├── downmix_info.h
│   │       │   ├── encryption_info.h
│   │       │   ├── error.h
│   │       │   ├── eval.h
│   │       │   ├── executor.h
│   │       │   ├── ffversion.h
│   │       │   ├── fifo.h
│   │       │   ├── file.h
│   │       │   ├── film_grain_params.h
│   │       │   ├── frame.h
│   │       │   ├── hash.h
│   │       │   ├── hdr_dynamic_metadata.h
│   │       │   ├── hdr_dynamic_vivid_metadata.h
│   │       │   ├── hmac.h
│   │       │   ├── hwcontext.h
│   │       │   ├── hwcontext_amf.h
│   │       │   ├── hwcontext_cuda.h
│   │       │   ├── hwcontext_d3d11va.h
│   │       │   ├── hwcontext_d3d12va.h
│   │       │   ├── hwcontext_drm.h
│   │       │   ├── hwcontext_dxva2.h
│   │       │   ├── hwcontext_mediacodec.h
│   │       │   ├── hwcontext_oh.h
│   │       │   ├── hwcontext_opencl.h
│   │       │   ├── hwcontext_qsv.h
│   │       │   ├── hwcontext_vaapi.h
│   │       │   ├── hwcontext_vdpau.h
│   │       │   ├── hwcontext_videotoolbox.h
│   │       │   ├── hwcontext_vulkan.h
│   │       │   ├── iamf.h
│   │       │   ├── imgutils.h
│   │       │   ├── intfloat.h
│   │       │   ├── intreadwrite.h
│   │       │   ├── lfg.h
│   │       │   ├── log.h
│   │       │   ├── lzo.h
│   │       │   ├── macros.h
│   │       │   ├── mastering_display_metadata.h
│   │       │   ├── mathematics.h
│   │       │   ├── md5.h
│   │       │   ├── mem.h
│   │       │   ├── motion_vector.h
│   │       │   ├── murmur3.h
│   │       │   ├── opt.h
│   │       │   ├── parseutils.h
│   │       │   ├── pixdesc.h
│   │       │   ├── pixelutils.h
│   │       │   ├── pixfmt.h
│   │       │   ├── random_seed.h
│   │       │   ├── rational.h
│   │       │   ├── rc4.h
│   │       │   ├── refstruct.h
│   │       │   ├── replaygain.h
│   │       │   ├── ripemd.h
│   │       │   ├── samplefmt.h
│   │       │   ├── sha.h
│   │       │   ├── sha512.h
│   │       │   ├── spherical.h
│   │       │   ├── stereo3d.h
│   │       │   ├── tdrdi.h
│   │       │   ├── tea.h
│   │       │   ├── threadmessage.h
│   │       │   ├── time.h
│   │       │   ├── timecode.h
│   │       │   ├── timestamp.h
│   │       │   ├── tree.h
│   │       │   ├── twofish.h
│   │       │   ├── tx.h
│   │       │   ├── uuid.h
│   │       │   ├── version.h
│   │       │   ├── video_enc_params.h
│   │       │   ├── video_hint.h
│   │       │   └── xtea.h
│   │       ├── libswresample
│   │       │   ├── swresample.h
│   │       │   ├── version.h
│   │       │   └── version_major.h
│   │       └── libswscale
│   │           ├── swscale.h
│   │           ├── version.h
│   │           └── version_major.h
│   └── lib
│       ├── arm64-v8a
│       │   ├── libavcodec.so
│       │   ├── libavdevice.so
│       │   ├── libavfilter.so
│       │   ├── libavformat.so
│       │   ├── libavutil.so
│       │   ├── libswresample.so
│       │   └── libswscale.so
│       ├── armeabi-v7a
│       │   ├── libavcodec.so
│       │   ├── libavdevice.so
│       │   ├── libavfilter.so
│       │   ├── libavformat.so
│       │   ├── libavutil.so
│       │   ├── libswresample.so
│       │   └── libswscale.so
│       ├── x86
│       │   ├── libavcodec.so
│       │   ├── libavdevice.so
│       │   ├── libavfilter.so
│       │   ├── libavformat.so
│       │   ├── libavutil.so
│       │   ├── libswresample.so
│       │   └── libswscale.so
│       └── x86_64
│           ├── libavcodec.so
│           ├── libavdevice.so
│           ├── libavfilter.so
│           ├── libavformat.so
│           ├── libavutil.so
│           ├── libswresample.so
│           └── libswscale.so
├── scripts
│   ├── check-host-machine.sh
│   ├── common-functions.sh
│   ├── export-build-variables.sh
│   ├── export-host-variables.sh
│   ├── ffmpeg
│   │   ├── build.sh
│   │   └── download.sh
│   ├── libaom
│   │   ├── android.cmake
│   │   ├── build.sh
│   │   └── download.sh
│   ├── libbluray
│   │   ├── build.sh
│   │   └── download.sh
│   ├── libdav1d
│   │   ├── build.sh
│   │   └── download.sh
│   ├── libfreetype
│   │   ├── build.sh
│   │   └── download.sh
│   ├── libfribidi
│   │   ├── build.sh
│   │   └── download.sh
│   ├── libmp3lame
│   │   ├── build.sh
│   │   └── download.sh
│   ├── libopus
│   │   ├── build.sh
│   │   └── download.sh
│   ├── libspeex
│   │   ├── build.sh
│   │   └── download.sh
│   ├── libtwolame
│   │   ├── build.sh
│   │   └── download.sh
│   ├── libvpx
│   │   ├── build.sh
│   │   └── download.sh
│   ├── libwebp
│   │   ├── build.sh
│   │   └── download.sh
│   ├── libx264
│   │   ├── build.sh
│   │   └── download.sh
│   ├── libx265
│   │   ├── build.sh
│   │   └── download.sh
│   ├── libxml2
│   │   ├── build.sh
│   │   └── download.sh
│   ├── mbedtls
│   │   ├── android.cmake
│   │   ├── build.sh
│   │   └── download.sh
│   └── parse-arguments.sh
├── sources
│   └── ffmpeg
│       └── ffmpeg-8.1
│           ├── CONTRIBUTING.md
│           ├── COPYING.GPLv2
│           ├── COPYING.GPLv3
│           ├── COPYING.LGPLv2.1
│           ├── COPYING.LGPLv3
│           ├── CREDITS
│           ├── Changelog
│           ├── FUNDING.json
│           ├── INSTALL.md
│           ├── LICENSE.md
│           ├── MAINTAINERS
│           ├── Makefile
│           ├── README.md
│           ├── RELEASE
│           ├── RELEASE_NOTES
│           ├── VERSION
│           ├── compat
│           │   ├── aix
│           │   │   └── math.h
│           │   ├── android
│           │   │   ├── binder.c
│           │   │   └── binder.h
│           │   ├── atomics
│           │   │   ├── dummy
│           │   │   │   └── stdatomic.h
│           │   │   └── win32
│           │   │       └── stdatomic.h
│           │   ├── cuda
│           │   │   ├── cuda_runtime.h
│           │   │   └── dynlink_loader.h
│           │   ├── dispatch_semaphore
│           │   │   └── semaphore.h
│           │   ├── djgpp
│           │   │   ├── math.c
│           │   │   └── math.h
│           │   ├── float
│           │   │   ├── float.h
│           │   │   └── limits.h
│           │   ├── getopt.c
│           │   ├── msvcrt
│           │   │   ├── snprintf.c
│           │   │   └── snprintf.h
│           │   ├── os2threads.h
│           │   ├── solaris
│           │   │   └── make_sunver.pl
│           │   ├── stdbit
│           │   │   └── stdbit.h
│           │   ├── strtod.c
│           │   ├── strtod.d
│           │   ├── strtod.o
│           │   ├── va_copy.h
│           │   ├── w32dlfcn.h
│           │   ├── w32pthreads.h
│           │   └── windows
│           │       ├── makedef
│           │       ├── mslink
│           │       └── mswindres
│           ├── config.asm
│           ├── config.h
│           ├── config_components.asm
│           ├── config_components.h
│           ├── configure
│           ├── doc
│           │   ├── APIchanges
│           │   ├── Doxyfile
│           │   ├── Makefile
│           │   ├── authors.texi
│           │   ├── avoptions_codec.texi
│           │   ├── avoptions_format.texi
│           │   ├── bitstream_filters.texi
│           │   ├── bootstrap.min.css
│           │   ├── build_system.txt
│           │   ├── codecs.texi
│           │   ├── community.texi
│           │   ├── config.texi
│           │   ├── decoders.texi
│           │   ├── default.css
│           │   ├── demuxers.texi
│           │   ├── developer.texi
│           │   ├── devices.texi
│           │   ├── doxy
│           │   ├── doxy-wrapper.sh
│           │   ├── drawvg-reference.texi
│           │   ├── encoders.texi
│           │   ├── errno.txt
│           │   ├── examples
│           │   │   ├── Makefile
│           │   │   ├── Makefile.example
│           │   │   ├── README
│           │   │   ├── avio_http_serve_files.c
│           │   │   ├── avio_list_dir.c
│           │   │   ├── avio_read_callback.c
│           │   │   ├── decode_audio.c
│           │   │   ├── decode_filter_audio.c
│           │   │   ├── decode_filter_video.c
│           │   │   ├── decode_video.c
│           │   │   ├── demux_decode.c
│           │   │   ├── encode_audio.c
│           │   │   ├── encode_video.c
│           │   │   ├── extract_mvs.c
│           │   │   ├── filter_audio.c
│           │   │   ├── hw_decode.c
│           │   │   ├── mux.c
│           │   │   ├── pc-uninstalled
│           │   │   │   ├── libavcodec-uninstalled.pc
│           │   │   │   ├── libavdevice-uninstalled.pc
│           │   │   │   ├── libavfilter-uninstalled.pc
│           │   │   │   ├── libavformat-uninstalled.pc
│           │   │   │   ├── libavutil-uninstalled.pc
│           │   │   │   ├── libswresample-uninstalled.pc
│           │   │   │   └── libswscale-uninstalled.pc
│           │   │   ├── qsv_decode.c
│           │   │   ├── qsv_transcode.c
│           │   │   ├── remux.c
│           │   │   ├── resample_audio.c
│           │   │   ├── scale_video.c
│           │   │   ├── show_metadata.c
│           │   │   ├── transcode.c
│           │   │   ├── transcode_aac.c
│           │   │   ├── vaapi_encode.c
│           │   │   └── vaapi_transcode.c
│           │   ├── faq.texi
│           │   ├── fate.texi
│           │   ├── fate_config.sh.template
│           │   ├── ffmpeg-all.1
│           │   ├── ffmpeg-all.pod
│           │   ├── ffmpeg-all.pod.d
│           │   ├── ffmpeg-bitstream-filters.1
│           │   ├── ffmpeg-bitstream-filters.pod
│           │   ├── ffmpeg-bitstream-filters.pod.d
│           │   ├── ffmpeg-bitstream-filters.texi
│           │   ├── ffmpeg-codecs.1
│           │   ├── ffmpeg-codecs.pod
│           │   ├── ffmpeg-codecs.pod.d
│           │   ├── ffmpeg-codecs.texi
│           │   ├── ffmpeg-devices.1
│           │   ├── ffmpeg-devices.pod
│           │   ├── ffmpeg-devices.pod.d
│           │   ├── ffmpeg-devices.texi
│           │   ├── ffmpeg-filters.1
│           │   ├── ffmpeg-filters.pod
│           │   ├── ffmpeg-filters.pod.d
│           │   ├── ffmpeg-filters.texi
│           │   ├── ffmpeg-formats.1
│           │   ├── ffmpeg-formats.pod
│           │   ├── ffmpeg-formats.pod.d
│           │   ├── ffmpeg-formats.texi
│           │   ├── ffmpeg-protocols.1
│           │   ├── ffmpeg-protocols.pod
│           │   ├── ffmpeg-protocols.pod.d
│           │   ├── ffmpeg-protocols.texi
│           │   ├── ffmpeg-resampler.1
│           │   ├── ffmpeg-resampler.pod
│           │   ├── ffmpeg-resampler.pod.d
│           │   ├── ffmpeg-resampler.texi
│           │   ├── ffmpeg-scaler.1
│           │   ├── ffmpeg-scaler.pod
│           │   ├── ffmpeg-scaler.pod.d
│           │   ├── ffmpeg-scaler.texi
│           │   ├── ffmpeg-utils.1
│           │   ├── ffmpeg-utils.pod
│           │   ├── ffmpeg-utils.pod.d
│           │   ├── ffmpeg-utils.texi
│           │   ├── ffmpeg.1
│           │   ├── ffmpeg.pod
│           │   ├── ffmpeg.pod.d
│           │   ├── ffmpeg.texi
│           │   ├── ffmpeg.txt
│           │   ├── ffplay.texi
│           │   ├── ffprobe-all.1
│           │   ├── ffprobe-all.pod
│           │   ├── ffprobe-all.pod.d
│           │   ├── ffprobe.1
│           │   ├── ffprobe.pod
│           │   ├── ffprobe.pod.d
│           │   ├── ffprobe.texi
│           │   ├── ffprobe.xsd
│           │   ├── fftools-common-opts.texi
│           │   ├── filter_design.txt
│           │   ├── filters.texi
│           │   ├── formats.texi
│           │   ├── general.texi
│           │   ├── general_contents.texi
│           │   ├── git-howto.texi
│           │   ├── htmlxref.cnf
│           │   ├── indevs.texi
│           │   ├── infra.txt
│           │   ├── issue_tracker.txt
│           │   ├── lexicon
│           │   ├── libavcodec.3
│           │   ├── libavcodec.pod
│           │   ├── libavcodec.pod.d
│           │   ├── libavcodec.texi
│           │   ├── libavdevice.3
│           │   ├── libavdevice.pod
│           │   ├── libavdevice.pod.d
│           │   ├── libavdevice.texi
│           │   ├── libavfilter.3
│           │   ├── libavfilter.pod
│           │   ├── libavfilter.pod.d
│           │   ├── libavfilter.texi
│           │   ├── libavformat.3
│           │   ├── libavformat.pod
│           │   ├── libavformat.pod.d
│           │   ├── libavformat.texi
│           │   ├── libavutil.3
│           │   ├── libavutil.pod
│           │   ├── libavutil.pod.d
│           │   ├── libavutil.texi
│           │   ├── libswresample.3
│           │   ├── libswresample.pod
│           │   ├── libswresample.pod.d
│           │   ├── libswresample.texi
│           │   ├── libswscale.3
│           │   ├── libswscale.pod
│           │   ├── libswscale.pod.d
│           │   ├── libswscale.texi
│           │   ├── mailing-list-faq.texi
│           │   ├── metadata.texi
│           │   ├── mips.txt
│           │   ├── multithreading.txt
│           │   ├── muxers.texi
│           │   ├── nut.texi
│           │   ├── optimization.txt
│           │   ├── outdevs.texi
│           │   ├── patchwork
│           │   ├── platform.texi
│           │   ├── print_options
│           │   ├── print_options.c
│           │   ├── print_options.d
│           │   ├── print_options.o
│           │   ├── protocols.texi
│           │   ├── rate_distortion.txt
│           │   ├── resampler.texi
│           │   ├── scaler.texi
│           │   ├── snow.txt
│           │   ├── style.min.css
│           │   ├── swresample.txt
│           │   ├── swscale-v2.txt
│           │   ├── swscale.txt
│           │   ├── t2h.init
│           │   ├── t2h.pm
│           │   ├── tablegen.txt
│           │   ├── texi2pod.pl
│           │   ├── texidep.pl
│           │   ├── transforms.md
│           │   ├── undefined.txt
│           │   ├── utils.texi
│           │   └── writing_filters.txt
│           ├── ffbuild
│           │   ├── arch.mak
│           │   ├── bin2c
│           │   ├── bin2c.c
│           │   ├── bin2c_host.d
│           │   ├── bin2c_host.o
│           │   ├── common.mak
│           │   ├── config.fate
│           │   ├── config.log
│           │   ├── config.mak
│           │   ├── config.sh
│           │   ├── library.mak
│           │   ├── libversion.sh
│           │   ├── pkgconfig_generate.sh
│           │   └── version.sh
│           ├── ffmpeg
│           ├── ffmpeg_g
│           ├── ffprobe
│           ├── ffprobe_g
│           ├── fftools
│           │   ├── Makefile
│           │   ├── cmdutils.c
│           │   ├── cmdutils.d
│           │   ├── cmdutils.h
│           │   ├── cmdutils.o
│           │   ├── ffmpeg.c
│           │   ├── ffmpeg.d
│           │   ├── ffmpeg.h
│           │   ├── ffmpeg.o
│           │   ├── ffmpeg_dec.c
│           │   ├── ffmpeg_dec.d
│           │   ├── ffmpeg_dec.o
│           │   ├── ffmpeg_demux.c
│           │   ├── ffmpeg_demux.d
│           │   ├── ffmpeg_demux.o
│           │   ├── ffmpeg_enc.c
│           │   ├── ffmpeg_enc.d
│           │   ├── ffmpeg_enc.o
│           │   ├── ffmpeg_filter.c
│           │   ├── ffmpeg_filter.d
│           │   ├── ffmpeg_filter.o
│           │   ├── ffmpeg_hw.c
│           │   ├── ffmpeg_hw.d
│           │   ├── ffmpeg_hw.o
│           │   ├── ffmpeg_mux.c
│           │   ├── ffmpeg_mux.d
│           │   ├── ffmpeg_mux.h
│           │   ├── ffmpeg_mux.o
│           │   ├── ffmpeg_mux_init.c
│           │   ├── ffmpeg_mux_init.d
│           │   ├── ffmpeg_mux_init.o
│           │   ├── ffmpeg_opt.c
│           │   ├── ffmpeg_opt.d
│           │   ├── ffmpeg_opt.o
│           │   ├── ffmpeg_sched.c
│           │   ├── ffmpeg_sched.d
│           │   ├── ffmpeg_sched.h
│           │   ├── ffmpeg_sched.o
│           │   ├── ffmpeg_utils.h
│           │   ├── ffplay.c
│           │   ├── ffplay_renderer.c
│           │   ├── ffplay_renderer.h
│           │   ├── ffprobe.c
│           │   ├── ffprobe.d
│           │   ├── ffprobe.o
│           │   ├── fftools.manifest
│           │   ├── fftoolsres.rc
│           │   ├── fopen_utf8.h
│           │   ├── graph
│           │   │   ├── graphprint.c
│           │   │   ├── graphprint.d
│           │   │   ├── graphprint.h
│           │   │   └── graphprint.o
│           │   ├── opt_common.c
│           │   ├── opt_common.d
│           │   ├── opt_common.h
│           │   ├── opt_common.o
│           │   ├── resources
│           │   │   ├── Makefile
│           │   │   ├── graph.css
│           │   │   ├── graph.css.c
│           │   │   ├── graph.css.min
│           │   │   ├── graph.css.min.gz
│           │   │   ├── graph.css.o
│           │   │   ├── graph.html
│           │   │   ├── graph.html.c
│           │   │   ├── graph.html.gz
│           │   │   ├── graph.html.o
│           │   │   ├── resman.c
│           │   │   ├── resman.d
│           │   │   ├── resman.h
│           │   │   └── resman.o
│           │   ├── sync_queue.c
│           │   ├── sync_queue.d
│           │   ├── sync_queue.h
│           │   ├── sync_queue.o
│           │   ├── textformat
│           │   │   ├── avtextformat.c
│           │   │   ├── avtextformat.d
│           │   │   ├── avtextformat.h
│           │   │   ├── avtextformat.o
│           │   │   ├── avtextwriters.h
│           │   │   ├── tf_compact.c
│           │   │   ├── tf_compact.d
│           │   │   ├── tf_compact.o
│           │   │   ├── tf_default.c
│           │   │   ├── tf_default.d
│           │   │   ├── tf_default.o
│           │   │   ├── tf_flat.c
│           │   │   ├── tf_flat.d
│           │   │   ├── tf_flat.o
│           │   │   ├── tf_ini.c
│           │   │   ├── tf_ini.d
│           │   │   ├── tf_ini.o
│           │   │   ├── tf_internal.h
│           │   │   ├── tf_json.c
│           │   │   ├── tf_json.d
│           │   │   ├── tf_json.o
│           │   │   ├── tf_mermaid.c
│           │   │   ├── tf_mermaid.d
│           │   │   ├── tf_mermaid.h
│           │   │   ├── tf_mermaid.o
│           │   │   ├── tf_xml.c
│           │   │   ├── tf_xml.d
│           │   │   ├── tf_xml.o
│           │   │   ├── tw_avio.c
│           │   │   ├── tw_avio.d
│           │   │   ├── tw_avio.o
│           │   │   ├── tw_buffer.c
│           │   │   ├── tw_buffer.d
│           │   │   ├── tw_buffer.o
│           │   │   ├── tw_stdout.c
│           │   │   ├── tw_stdout.d
│           │   │   └── tw_stdout.o
│           │   ├── thread_queue.c
│           │   ├── thread_queue.d
│           │   ├── thread_queue.h
│           │   └── thread_queue.o
│           ├── libavcodec
│           │   ├── 012v.c
│           │   ├── 012v.d
│           │   ├── 012v.o
│           │   ├── 4xm.c
│           │   ├── 4xm.d
│           │   ├── 4xm.o
│           │   ├── 8bps.c
│           │   ├── 8bps.d
│           │   ├── 8bps.o
│           │   ├── 8svx.c
│           │   ├── 8svx.d
│           │   ├── 8svx.o
│           │   ├── Makefile
│           │   ├── a64colors.h
│           │   ├── a64multienc.c
│           │   ├── a64multienc.d
│           │   ├── a64multienc.o
│           │   ├── a64tables.h
│           │   ├── aac
│           │   │   ├── Makefile
│           │   │   ├── aacdec.c
│           │   │   ├── aacdec.d
│           │   │   ├── aacdec.h
│           │   │   ├── aacdec.o
│           │   │   ├── aacdec_ac.c
│           │   │   ├── aacdec_ac.d
│           │   │   ├── aacdec_ac.h
│           │   │   ├── aacdec_ac.o
│           │   │   ├── aacdec_dsp_template.c
│           │   │   ├── aacdec_fixed.c
│           │   │   ├── aacdec_fixed.d
│           │   │   ├── aacdec_fixed.o
│           │   │   ├── aacdec_fixed_coupling.h
│           │   │   ├── aacdec_fixed_dequant.h
│           │   │   ├── aacdec_fixed_prediction.h
│           │   │   ├── aacdec_float.c
│           │   │   ├── aacdec_float.d
│           │   │   ├── aacdec_float.o
│           │   │   ├── aacdec_float_coupling.h
│           │   │   ├── aacdec_float_prediction.h
│           │   │   ├── aacdec_latm.h
│           │   │   ├── aacdec_lpd.c
│           │   │   ├── aacdec_lpd.d
│           │   │   ├── aacdec_lpd.h
│           │   │   ├── aacdec_lpd.o
│           │   │   ├── aacdec_proc_template.c
│           │   │   ├── aacdec_tab.c
│           │   │   ├── aacdec_tab.d
│           │   │   ├── aacdec_tab.h
│           │   │   ├── aacdec_tab.o
│           │   │   ├── aacdec_usac.c
│           │   │   ├── aacdec_usac.d
│           │   │   ├── aacdec_usac.h
│           │   │   ├── aacdec_usac.o
│           │   │   ├── aacdec_usac_mps212.c
│           │   │   ├── aacdec_usac_mps212.d
│           │   │   ├── aacdec_usac_mps212.h
│           │   │   └── aacdec_usac_mps212.o
│           │   ├── aac.h
│           │   ├── aac_ac3_parser.c
│           │   ├── aac_ac3_parser.d
│           │   ├── aac_ac3_parser.h
│           │   ├── aac_ac3_parser.o
│           │   ├── aac_defines.h
│           │   ├── aac_parser.c
│           │   ├── aac_parser.d
│           │   ├── aac_parser.o
│           │   ├── aaccoder.c
│           │   ├── aaccoder.d
│           │   ├── aaccoder.o
│           │   ├── aaccoder_trellis.h
│           │   ├── aaccoder_twoloop.h
│           │   ├── aacenc.c
│           │   ├── aacenc.d
│           │   ├── aacenc.h
│           │   ├── aacenc.o
│           │   ├── aacenc_is.c
│           │   ├── aacenc_is.d
│           │   ├── aacenc_is.h
│           │   ├── aacenc_is.o
│           │   ├── aacenc_quantization.h
│           │   ├── aacenc_quantization_misc.h
│           │   ├── aacenc_tns.c
│           │   ├── aacenc_tns.d
│           │   ├── aacenc_tns.h
│           │   ├── aacenc_tns.o
│           │   ├── aacenc_utils.h
│           │   ├── aacencdsp.h
│           │   ├── aacenctab.c
│           │   ├── aacenctab.d
│           │   ├── aacenctab.h
│           │   ├── aacenctab.o
│           │   ├── aacps.c
│           │   ├── aacps.h
│           │   ├── aacps_common.c
│           │   ├── aacps_common.d
│           │   ├── aacps_common.o
│           │   ├── aacps_fixed.c
│           │   ├── aacps_fixed.d
│           │   ├── aacps_fixed.o
│           │   ├── aacps_fixed_tablegen.c
│           │   ├── aacps_fixed_tablegen.h
│           │   ├── aacps_float.c
│           │   ├── aacps_float.d
│           │   ├── aacps_float.o
│           │   ├── aacps_tablegen.c
│           │   ├── aacps_tablegen.h
│           │   ├── aacps_tablegen_template.c
│           │   ├── aacpsdata.c
│           │   ├── aacpsdsp.h
│           │   ├── aacpsdsp_fixed.c
│           │   ├── aacpsdsp_fixed.d
│           │   ├── aacpsdsp_fixed.o
│           │   ├── aacpsdsp_float.c
│           │   ├── aacpsdsp_float.d
│           │   ├── aacpsdsp_float.o
│           │   ├── aacpsdsp_template.c
│           │   ├── aacpsy.c
│           │   ├── aacpsy.d
│           │   ├── aacpsy.o
│           │   ├── aacsbr.c
│           │   ├── aacsbr.d
│           │   ├── aacsbr.h
│           │   ├── aacsbr.o
│           │   ├── aacsbr_fixed.c
│           │   ├── aacsbr_fixed.d
│           │   ├── aacsbr_fixed.o
│           │   ├── aacsbr_template.c
│           │   ├── aacsbrdata.h
│           │   ├── aactab.c
│           │   ├── aactab.d
│           │   ├── aactab.h
│           │   ├── aactab.o
│           │   ├── aandcttab.c
│           │   ├── aandcttab.d
│           │   ├── aandcttab.h
│           │   ├── aandcttab.o
│           │   ├── aarch64
│           │   │   ├── Makefile
│           │   │   ├── aacencdsp_init.c
│           │   │   ├── aacencdsp_init.d
│           │   │   ├── aacencdsp_init.o
│           │   │   ├── aacencdsp_neon.S
│           │   │   ├── aacencdsp_neon.d
│           │   │   ├── aacencdsp_neon.o
│           │   │   ├── aacpsdsp_init_aarch64.c
│           │   │   ├── aacpsdsp_init_aarch64.d
│           │   │   ├── aacpsdsp_init_aarch64.o
│           │   │   ├── aacpsdsp_neon.S
│           │   │   ├── aacpsdsp_neon.d
│           │   │   ├── aacpsdsp_neon.o
│           │   │   ├── ac3dsp_init_aarch64.c
│           │   │   ├── ac3dsp_init_aarch64.d
│           │   │   ├── ac3dsp_init_aarch64.o
│           │   │   ├── ac3dsp_neon.S
│           │   │   ├── ac3dsp_neon.d
│           │   │   ├── ac3dsp_neon.o
│           │   │   ├── cabac.h
│           │   │   ├── fdct.h
│           │   │   ├── fdctdsp_init_aarch64.c
│           │   │   ├── fdctdsp_init_aarch64.d
│           │   │   ├── fdctdsp_init_aarch64.o
│           │   │   ├── fdctdsp_neon.S
│           │   │   ├── fdctdsp_neon.d
│           │   │   ├── fdctdsp_neon.o
│           │   │   ├── fmtconvert_init.c
│           │   │   ├── fmtconvert_init.d
│           │   │   ├── fmtconvert_init.o
│           │   │   ├── fmtconvert_neon.S
│           │   │   ├── fmtconvert_neon.d
│           │   │   ├── fmtconvert_neon.o
│           │   │   ├── h264chroma_init_aarch64.c
│           │   │   ├── h264chroma_init_aarch64.d
│           │   │   ├── h264chroma_init_aarch64.o
│           │   │   ├── h264cmc_neon.S
│           │   │   ├── h264cmc_neon.d
│           │   │   ├── h264cmc_neon.o
│           │   │   ├── h264dsp_init_aarch64.c
│           │   │   ├── h264dsp_init_aarch64.d
│           │   │   ├── h264dsp_init_aarch64.o
│           │   │   ├── h264dsp_neon.S
│           │   │   ├── h264dsp_neon.d
│           │   │   ├── h264dsp_neon.o
│           │   │   ├── h264idct_neon.S
│           │   │   ├── h264idct_neon.d
│           │   │   ├── h264idct_neon.o
│           │   │   ├── h264pred_init.c
│           │   │   ├── h264pred_init.d
│           │   │   ├── h264pred_init.o
│           │   │   ├── h264pred_neon.S
│           │   │   ├── h264pred_neon.d
│           │   │   ├── h264pred_neon.o
│           │   │   ├── h264qpel_init_aarch64.c
│           │   │   ├── h264qpel_init_aarch64.d
│           │   │   ├── h264qpel_init_aarch64.o
│           │   │   ├── h264qpel_neon.S
│           │   │   ├── h264qpel_neon.d
│           │   │   ├── h264qpel_neon.o
│           │   │   ├── h26x
│           │   │   │   ├── dsp.h
│           │   │   │   ├── epel_neon.S
│           │   │   │   ├── epel_neon.d
│           │   │   │   ├── epel_neon.o
│           │   │   │   ├── qpel_neon.S
│           │   │   │   ├── qpel_neon.d
│           │   │   │   ├── qpel_neon.o
│           │   │   │   ├── sao_neon.S
│           │   │   │   ├── sao_neon.d
│           │   │   │   └── sao_neon.o
│           │   │   ├── hevcdsp_deblock_neon.S
│           │   │   ├── hevcdsp_deblock_neon.d
│           │   │   ├── hevcdsp_deblock_neon.o
│           │   │   ├── hevcdsp_dequant_neon.S
│           │   │   ├── hevcdsp_dequant_neon.d
│           │   │   ├── hevcdsp_dequant_neon.o
│           │   │   ├── hevcdsp_idct_neon.S
│           │   │   ├── hevcdsp_idct_neon.d
│           │   │   ├── hevcdsp_idct_neon.o
│           │   │   ├── hevcdsp_init_aarch64.c
│           │   │   ├── hevcdsp_init_aarch64.d
│           │   │   ├── hevcdsp_init_aarch64.o
│           │   │   ├── hpeldsp_init_aarch64.c
│           │   │   ├── hpeldsp_init_aarch64.d
│           │   │   ├── hpeldsp_init_aarch64.o
│           │   │   ├── hpeldsp_neon.S
│           │   │   ├── hpeldsp_neon.d
│           │   │   ├── hpeldsp_neon.o
│           │   │   ├── huffyuvdsp_init_aarch64.c
│           │   │   ├── huffyuvdsp_init_aarch64.d
│           │   │   ├── huffyuvdsp_init_aarch64.o
│           │   │   ├── huffyuvdsp_neon.S
│           │   │   ├── huffyuvdsp_neon.d
│           │   │   ├── huffyuvdsp_neon.o
│           │   │   ├── idct.h
│           │   │   ├── idctdsp_init_aarch64.c
│           │   │   ├── idctdsp_init_aarch64.d
│           │   │   ├── idctdsp_init_aarch64.o
│           │   │   ├── idctdsp_neon.S
│           │   │   ├── idctdsp_neon.d
│           │   │   ├── idctdsp_neon.o
│           │   │   ├── me_cmp_init_aarch64.c
│           │   │   ├── me_cmp_init_aarch64.d
│           │   │   ├── me_cmp_init_aarch64.o
│           │   │   ├── me_cmp_neon.S
│           │   │   ├── me_cmp_neon.d
│           │   │   ├── me_cmp_neon.o
│           │   │   ├── mpegaudiodsp_init.c
│           │   │   ├── mpegaudiodsp_init.d
│           │   │   ├── mpegaudiodsp_init.o
│           │   │   ├── mpegaudiodsp_neon.S
│           │   │   ├── mpegaudiodsp_neon.d
│           │   │   ├── mpegaudiodsp_neon.o
│           │   │   ├── mpegvideoencdsp_init.c
│           │   │   ├── mpegvideoencdsp_init.d
│           │   │   ├── mpegvideoencdsp_init.o
│           │   │   ├── mpegvideoencdsp_neon.S
│           │   │   ├── mpegvideoencdsp_neon.d
│           │   │   ├── mpegvideoencdsp_neon.o
│           │   │   ├── neon.S
│           │   │   ├── neontest.c
│           │   │   ├── opusdsp_init.c
│           │   │   ├── opusdsp_init.d
│           │   │   ├── opusdsp_init.o
│           │   │   ├── opusdsp_neon.S
│           │   │   ├── opusdsp_neon.d
│           │   │   ├── opusdsp_neon.o
│           │   │   ├── pixblockdsp_init_aarch64.c
│           │   │   ├── pixblockdsp_init_aarch64.d
│           │   │   ├── pixblockdsp_init_aarch64.o
│           │   │   ├── pixblockdsp_neon.S
│           │   │   ├── pixblockdsp_neon.d
│           │   │   ├── pixblockdsp_neon.o
│           │   │   ├── pngdsp_init.c
│           │   │   ├── pngdsp_init.d
│           │   │   ├── pngdsp_init.o
│           │   │   ├── pngdsp_neon.S
│           │   │   ├── pngdsp_neon.d
│           │   │   ├── pngdsp_neon.o
│           │   │   ├── rv40dsp_init_aarch64.c
│           │   │   ├── rv40dsp_init_aarch64.d
│           │   │   ├── rv40dsp_init_aarch64.o
│           │   │   ├── sbrdsp_init_aarch64.c
│           │   │   ├── sbrdsp_init_aarch64.d
│           │   │   ├── sbrdsp_init_aarch64.o
│           │   │   ├── sbrdsp_neon.S
│           │   │   ├── sbrdsp_neon.d
│           │   │   ├── sbrdsp_neon.o
│           │   │   ├── simple_idct_neon.S
│           │   │   ├── simple_idct_neon.d
│           │   │   ├── simple_idct_neon.o
│           │   │   ├── synth_filter_init.c
│           │   │   ├── synth_filter_init.d
│           │   │   ├── synth_filter_init.o
│           │   │   ├── synth_filter_neon.S
│           │   │   ├── synth_filter_neon.d
│           │   │   ├── synth_filter_neon.o
│           │   │   ├── vc1dsp_init_aarch64.c
│           │   │   ├── vc1dsp_init_aarch64.d
│           │   │   ├── vc1dsp_init_aarch64.o
│           │   │   ├── vc1dsp_neon.S
│           │   │   ├── vc1dsp_neon.d
│           │   │   ├── vc1dsp_neon.o
│           │   │   ├── videodsp.S
│           │   │   ├── videodsp.d
│           │   │   ├── videodsp.o
│           │   │   ├── videodsp_init.c
│           │   │   ├── videodsp_init.d
│           │   │   ├── videodsp_init.o
│           │   │   ├── vorbisdsp_init.c
│           │   │   ├── vorbisdsp_init.d
│           │   │   ├── vorbisdsp_init.o
│           │   │   ├── vorbisdsp_neon.S
│           │   │   ├── vorbisdsp_neon.d
│           │   │   ├── vorbisdsp_neon.o
│           │   │   ├── vp8dsp.h
│           │   │   ├── vp8dsp_init_aarch64.c
│           │   │   ├── vp8dsp_init_aarch64.d
│           │   │   ├── vp8dsp_init_aarch64.o
│           │   │   ├── vp8dsp_neon.S
│           │   │   ├── vp8dsp_neon.d
│           │   │   ├── vp8dsp_neon.o
│           │   │   ├── vp9dsp_init.h
│           │   │   ├── vp9dsp_init_10bpp_aarch64.c
│           │   │   ├── vp9dsp_init_10bpp_aarch64.d
│           │   │   ├── vp9dsp_init_10bpp_aarch64.o
│           │   │   ├── vp9dsp_init_12bpp_aarch64.c
│           │   │   ├── vp9dsp_init_12bpp_aarch64.d
│           │   │   ├── vp9dsp_init_12bpp_aarch64.o
│           │   │   ├── vp9dsp_init_16bpp_aarch64_template.c
│           │   │   ├── vp9dsp_init_aarch64.c
│           │   │   ├── vp9dsp_init_aarch64.d
│           │   │   ├── vp9dsp_init_aarch64.o
│           │   │   ├── vp9itxfm_16bpp_neon.S
│           │   │   ├── vp9itxfm_16bpp_neon.d
│           │   │   ├── vp9itxfm_16bpp_neon.o
│           │   │   ├── vp9itxfm_neon.S
│           │   │   ├── vp9itxfm_neon.d
│           │   │   ├── vp9itxfm_neon.o
│           │   │   ├── vp9lpf_16bpp_neon.S
│           │   │   ├── vp9lpf_16bpp_neon.d
│           │   │   ├── vp9lpf_16bpp_neon.o
│           │   │   ├── vp9lpf_neon.S
│           │   │   ├── vp9lpf_neon.d
│           │   │   ├── vp9lpf_neon.o
│           │   │   ├── vp9mc_16bpp_neon.S
│           │   │   ├── vp9mc_16bpp_neon.d
│           │   │   ├── vp9mc_16bpp_neon.o
│           │   │   ├── vp9mc_aarch64.S
│           │   │   ├── vp9mc_aarch64.d
│           │   │   ├── vp9mc_aarch64.o
│           │   │   ├── vp9mc_neon.S
│           │   │   ├── vp9mc_neon.d
│           │   │   ├── vp9mc_neon.o
│           │   │   └── vvc
│           │   │       ├── Makefile
│           │   │       ├── alf.S
│           │   │       ├── alf.d
│           │   │       ├── alf.o
│           │   │       ├── alf_template.c
│           │   │       ├── dsp_init.c
│           │   │       ├── dsp_init.d
│           │   │       ├── dsp_init.o
│           │   │       ├── inter.S
│           │   │       ├── inter.d
│           │   │       ├── inter.o
│           │   │       ├── inter_sme2.S
│           │   │       ├── inter_sme2.d
│           │   │       ├── inter_sme2.o
│           │   │       ├── sad.S
│           │   │       ├── sad.d
│           │   │       └── sad.o
│           │   ├── aasc.c
│           │   ├── aasc.d
│           │   ├── aasc.o
│           │   ├── ac3.c
│           │   ├── ac3.d
│           │   ├── ac3.h
│           │   ├── ac3.o
│           │   ├── ac3_channel_layout_tab.c
│           │   ├── ac3_channel_layout_tab.d
│           │   ├── ac3_channel_layout_tab.h
│           │   ├── ac3_channel_layout_tab.o
│           │   ├── ac3_parser.c
│           │   ├── ac3_parser.d
│           │   ├── ac3_parser.h
│           │   ├── ac3_parser.o
│           │   ├── ac3_parser_internal.h
│           │   ├── ac3dec.c
│           │   ├── ac3dec.h
│           │   ├── ac3dec_data.c
│           │   ├── ac3dec_data.d
│           │   ├── ac3dec_data.h
│           │   ├── ac3dec_data.o
│           │   ├── ac3dec_fixed.c
│           │   ├── ac3dec_fixed.d
│           │   ├── ac3dec_fixed.o
│           │   ├── ac3dec_float.c
│           │   ├── ac3dec_float.d
│           │   ├── ac3dec_float.o
│           │   ├── ac3defs.h
│           │   ├── ac3dsp.c
│           │   ├── ac3dsp.d
│           │   ├── ac3dsp.h
│           │   ├── ac3dsp.o
│           │   ├── ac3enc.c
│           │   ├── ac3enc.d
│           │   ├── ac3enc.h
│           │   ├── ac3enc.o
│           │   ├── ac3enc_fixed.c
│           │   ├── ac3enc_fixed.d
│           │   ├── ac3enc_fixed.o
│           │   ├── ac3enc_float.c
│           │   ├── ac3enc_float.d
│           │   ├── ac3enc_float.o
│           │   ├── ac3enc_template.c
│           │   ├── ac3tab.c
│           │   ├── ac3tab.d
│           │   ├── ac3tab.h
│           │   ├── ac3tab.o
│           │   ├── acelp_filters.c
│           │   ├── acelp_filters.d
│           │   ├── acelp_filters.h
│           │   ├── acelp_filters.o
│           │   ├── acelp_pitch_delay.c
│           │   ├── acelp_pitch_delay.d
│           │   ├── acelp_pitch_delay.h
│           │   ├── acelp_pitch_delay.o
│           │   ├── acelp_vectors.c
│           │   ├── acelp_vectors.d
│           │   ├── acelp_vectors.h
│           │   ├── acelp_vectors.o
│           │   ├── adpcm.c
│           │   ├── adpcm.d
│           │   ├── adpcm.h
│           │   ├── adpcm.o
│           │   ├── adpcm_data.c
│           │   ├── adpcm_data.d
│           │   ├── adpcm_data.h
│           │   ├── adpcm_data.o
│           │   ├── adpcmenc.c
│           │   ├── adpcmenc.d
│           │   ├── adpcmenc.o
│           │   ├── adts_header.c
│           │   ├── adts_header.d
│           │   ├── adts_header.h
│           │   ├── adts_header.o
│           │   ├── adts_parser.c
│           │   ├── adts_parser.d
│           │   ├── adts_parser.h
│           │   ├── adts_parser.o
│           │   ├── adx.c
│           │   ├── adx.d
│           │   ├── adx.h
│           │   ├── adx.o
│           │   ├── adx_parser.c
│           │   ├── adx_parser.d
│           │   ├── adx_parser.o
│           │   ├── adxdec.c
│           │   ├── adxdec.d
│           │   ├── adxdec.o
│           │   ├── adxenc.c
│           │   ├── adxenc.d
│           │   ├── adxenc.o
│           │   ├── agm.c
│           │   ├── agm.d
│           │   ├── agm.o
│           │   ├── ahx_parser.c
│           │   ├── aic.c
│           │   ├── aic.d
│           │   ├── aic.o
│           │   ├── alac.c
│           │   ├── alac.d
│           │   ├── alac.o
│           │   ├── alac_data.c
│           │   ├── alac_data.d
│           │   ├── alac_data.h
│           │   ├── alac_data.o
│           │   ├── alacdsp.c
│           │   ├── alacdsp.d
│           │   ├── alacdsp.h
│           │   ├── alacdsp.o
│           │   ├── alacenc.c
│           │   ├── alacenc.d
│           │   ├── alacenc.o
│           │   ├── aliaspixdec.c
│           │   ├── aliaspixdec.d
│           │   ├── aliaspixdec.o
│           │   ├── aliaspixenc.c
│           │   ├── aliaspixenc.d
│           │   ├── aliaspixenc.o
│           │   ├── allcodecs.c
│           │   ├── allcodecs.d
│           │   ├── allcodecs.o
│           │   ├── alsdec.c
│           │   ├── alsdec.d
│           │   ├── alsdec.o
│           │   ├── amfdec.c
│           │   ├── amfdec.h
│           │   ├── amfenc.c
│           │   ├── amfenc.h
│           │   ├── amfenc_av1.c
│           │   ├── amfenc_h264.c
│           │   ├── amfenc_hevc.c
│           │   ├── amr.h
│           │   ├── amr_parser.c
│           │   ├── amr_parser.d
│           │   ├── amr_parser.o
│           │   ├── amrnbdata.h
│           │   ├── amrnbdec.c
│           │   ├── amrnbdec.d
│           │   ├── amrnbdec.o
│           │   ├── amrwbdata.h
│           │   ├── amrwbdec.c
│           │   ├── amrwbdec.d
│           │   ├── amrwbdec.o
│           │   ├── anm.c
│           │   ├── anm.d
│           │   ├── anm.o
│           │   ├── ansi.c
│           │   ├── ansi.d
│           │   ├── ansi.o
│           │   ├── aom_film_grain.c
│           │   ├── aom_film_grain.d
│           │   ├── aom_film_grain.h
│           │   ├── aom_film_grain.o
│           │   ├── aom_film_grain_template.c
│           │   ├── apac.c
│           │   ├── apac.d
│           │   ├── apac.o
│           │   ├── apedec.c
│           │   ├── apedec.d
│           │   ├── apedec.o
│           │   ├── apng.h
│           │   ├── aptx.c
│           │   ├── aptx.d
│           │   ├── aptx.h
│           │   ├── aptx.o
│           │   ├── aptxdec.c
│           │   ├── aptxdec.d
│           │   ├── aptxdec.o
│           │   ├── aptxenc.c
│           │   ├── aptxenc.d
│           │   ├── aptxenc.o
│           │   ├── apv.h
│           │   ├── apv_decode.c
│           │   ├── apv_decode.d
│           │   ├── apv_decode.h
│           │   ├── apv_decode.o
│           │   ├── apv_dsp.c
│           │   ├── apv_dsp.d
│           │   ├── apv_dsp.h
│           │   ├── apv_dsp.o
│           │   ├── apv_entropy.c
│           │   ├── apv_entropy.d
│           │   ├── apv_entropy.o
│           │   ├── apv_parser.c
│           │   ├── apv_parser.d
│           │   ├── apv_parser.o
│           │   ├── arbc.c
│           │   ├── arbc.d
│           │   ├── arbc.o
│           │   ├── argo.c
│           │   ├── argo.d
│           │   ├── argo.o
│           │   ├── arm
│           │   │   ├── Makefile
│           │   │   ├── aac.h
│           │   │   ├── aacpsdsp_init_arm.c
│           │   │   ├── aacpsdsp_init_arm.d
│           │   │   ├── aacpsdsp_init_arm.o
│           │   │   ├── aacpsdsp_neon.S
│           │   │   ├── aacpsdsp_neon.d
│           │   │   ├── aacpsdsp_neon.o
│           │   │   ├── ac3dsp_arm.S
│           │   │   ├── ac3dsp_arm.d
│           │   │   ├── ac3dsp_arm.o
│           │   │   ├── ac3dsp_armv6.S
│           │   │   ├── ac3dsp_armv6.d
│           │   │   ├── ac3dsp_armv6.o
│           │   │   ├── ac3dsp_init_arm.c
│           │   │   ├── ac3dsp_init_arm.d
│           │   │   ├── ac3dsp_init_arm.o
│           │   │   ├── ac3dsp_neon.S
│           │   │   ├── ac3dsp_neon.d
│           │   │   ├── ac3dsp_neon.o
│           │   │   ├── asm-offsets.h
│           │   │   ├── audiodsp_arm.h
│           │   │   ├── audiodsp_init_arm.c
│           │   │   ├── audiodsp_init_arm.d
│           │   │   ├── audiodsp_init_arm.o
│           │   │   ├── audiodsp_init_neon.c
│           │   │   ├── audiodsp_init_neon.d
│           │   │   ├── audiodsp_init_neon.o
│           │   │   ├── audiodsp_neon.S
│           │   │   ├── audiodsp_neon.d
│           │   │   ├── audiodsp_neon.o
│           │   │   ├── blockdsp_arm.h
│           │   │   ├── blockdsp_init_arm.c
│           │   │   ├── blockdsp_init_arm.d
│           │   │   ├── blockdsp_init_arm.o
│           │   │   ├── blockdsp_init_neon.c
│           │   │   ├── blockdsp_init_neon.d
│           │   │   ├── blockdsp_init_neon.o
│           │   │   ├── blockdsp_neon.S
│           │   │   ├── blockdsp_neon.d
│           │   │   ├── blockdsp_neon.o
│           │   │   ├── cabac.h
│           │   │   ├── dca.h
│           │   │   ├── flacdsp_arm.S
│           │   │   ├── flacdsp_arm.d
│           │   │   ├── flacdsp_arm.o
│           │   │   ├── flacdsp_init_arm.c
│           │   │   ├── flacdsp_init_arm.d
│           │   │   ├── flacdsp_init_arm.o
│           │   │   ├── fmtconvert_init_arm.c
│           │   │   ├── fmtconvert_init_arm.d
│           │   │   ├── fmtconvert_init_arm.o
│           │   │   ├── fmtconvert_neon.S
│           │   │   ├── fmtconvert_neon.d
│           │   │   ├── fmtconvert_neon.o
│           │   │   ├── fmtconvert_vfp.S
│           │   │   ├── fmtconvert_vfp.d
│           │   │   ├── fmtconvert_vfp.o
│           │   │   ├── g722dsp_init_arm.c
│           │   │   ├── g722dsp_init_arm.d
│           │   │   ├── g722dsp_init_arm.o
│           │   │   ├── g722dsp_neon.S
│           │   │   ├── g722dsp_neon.d
│           │   │   ├── g722dsp_neon.o
│           │   │   ├── h264chroma_init_arm.c
│           │   │   ├── h264chroma_init_arm.d
│           │   │   ├── h264chroma_init_arm.o
│           │   │   ├── h264cmc_neon.S
│           │   │   ├── h264cmc_neon.d
│           │   │   ├── h264cmc_neon.o
│           │   │   ├── h264dsp_init_arm.c
│           │   │   ├── h264dsp_init_arm.d
│           │   │   ├── h264dsp_init_arm.o
│           │   │   ├── h264dsp_neon.S
│           │   │   ├── h264dsp_neon.d
│           │   │   ├── h264dsp_neon.o
│           │   │   ├── h264idct_neon.S
│           │   │   ├── h264idct_neon.d
│           │   │   ├── h264idct_neon.o
│           │   │   ├── h264pred_init_arm.c
│           │   │   ├── h264pred_init_arm.d
│           │   │   ├── h264pred_init_arm.o
│           │   │   ├── h264pred_neon.S
│           │   │   ├── h264pred_neon.d
│           │   │   ├── h264pred_neon.o
│           │   │   ├── h264qpel_init_arm.c
│           │   │   ├── h264qpel_init_arm.d
│           │   │   ├── h264qpel_init_arm.o
│           │   │   ├── h264qpel_neon.S
│           │   │   ├── h264qpel_neon.d
│           │   │   ├── h264qpel_neon.o
│           │   │   ├── hevcdsp_arm.h
│           │   │   ├── hevcdsp_deblock_neon.S
│           │   │   ├── hevcdsp_deblock_neon.d
│           │   │   ├── hevcdsp_deblock_neon.o
│           │   │   ├── hevcdsp_idct_neon.S
│           │   │   ├── hevcdsp_idct_neon.d
│           │   │   ├── hevcdsp_idct_neon.o
│           │   │   ├── hevcdsp_init_arm.c
│           │   │   ├── hevcdsp_init_arm.d
│           │   │   ├── hevcdsp_init_arm.o
│           │   │   ├── hevcdsp_init_neon.c
│           │   │   ├── hevcdsp_init_neon.d
│           │   │   ├── hevcdsp_init_neon.o
│           │   │   ├── hevcdsp_qpel_neon.S
│           │   │   ├── hevcdsp_qpel_neon.d
│           │   │   ├── hevcdsp_qpel_neon.o
│           │   │   ├── hevcdsp_sao_neon.S
│           │   │   ├── hevcdsp_sao_neon.d
│           │   │   ├── hevcdsp_sao_neon.o
│           │   │   ├── hpeldsp_arm.S
│           │   │   ├── hpeldsp_arm.d
│           │   │   ├── hpeldsp_arm.h
│           │   │   ├── hpeldsp_arm.o
│           │   │   ├── hpeldsp_armv6.S
│           │   │   ├── hpeldsp_armv6.d
│           │   │   ├── hpeldsp_armv6.o
│           │   │   ├── hpeldsp_init_arm.c
│           │   │   ├── hpeldsp_init_arm.d
│           │   │   ├── hpeldsp_init_arm.o
│           │   │   ├── hpeldsp_init_armv6.c
│           │   │   ├── hpeldsp_init_armv6.d
│           │   │   ├── hpeldsp_init_armv6.o
│           │   │   ├── hpeldsp_init_neon.c
│           │   │   ├── hpeldsp_init_neon.d
│           │   │   ├── hpeldsp_init_neon.o
│           │   │   ├── hpeldsp_neon.S
│           │   │   ├── hpeldsp_neon.d
│           │   │   ├── hpeldsp_neon.o
│           │   │   ├── idct.h
│           │   │   ├── idctdsp_arm.S
│           │   │   ├── idctdsp_arm.d
│           │   │   ├── idctdsp_arm.h
│           │   │   ├── idctdsp_arm.o
│           │   │   ├── idctdsp_armv6.S
│           │   │   ├── idctdsp_armv6.d
│           │   │   ├── idctdsp_armv6.o
│           │   │   ├── idctdsp_init_arm.c
│           │   │   ├── idctdsp_init_arm.d
│           │   │   ├── idctdsp_init_arm.o
│           │   │   ├── idctdsp_init_armv5te.c
│           │   │   ├── idctdsp_init_armv5te.d
│           │   │   ├── idctdsp_init_armv5te.o
│           │   │   ├── idctdsp_init_armv6.c
│           │   │   ├── idctdsp_init_armv6.d
│           │   │   ├── idctdsp_init_armv6.o
│           │   │   ├── idctdsp_init_neon.c
│           │   │   ├── idctdsp_init_neon.d
│           │   │   ├── idctdsp_init_neon.o
│           │   │   ├── idctdsp_neon.S
│           │   │   ├── idctdsp_neon.d
│           │   │   ├── idctdsp_neon.o
│           │   │   ├── int_neon.S
│           │   │   ├── int_neon.d
│           │   │   ├── int_neon.o
│           │   │   ├── jrevdct_arm.S
│           │   │   ├── jrevdct_arm.d
│           │   │   ├── jrevdct_arm.o
│           │   │   ├── lossless_audiodsp_init_arm.c
│           │   │   ├── lossless_audiodsp_init_arm.d
│           │   │   ├── lossless_audiodsp_init_arm.o
│           │   │   ├── lossless_audiodsp_neon.S
│           │   │   ├── lossless_audiodsp_neon.d
│           │   │   ├── lossless_audiodsp_neon.o
│           │   │   ├── mathops.h
│           │   │   ├── me_cmp_armv6.S
│           │   │   ├── me_cmp_armv6.d
│           │   │   ├── me_cmp_armv6.o
│           │   │   ├── me_cmp_init_arm.c
│           │   │   ├── me_cmp_init_arm.d
│           │   │   ├── me_cmp_init_arm.o
│           │   │   ├── mlpdsp_armv5te.S
│           │   │   ├── mlpdsp_armv5te.d
│           │   │   ├── mlpdsp_armv5te.o
│           │   │   ├── mlpdsp_armv6.S
│           │   │   ├── mlpdsp_armv6.d
│           │   │   ├── mlpdsp_armv6.o
│           │   │   ├── mlpdsp_init_arm.c
│           │   │   ├── mlpdsp_init_arm.d
│           │   │   ├── mlpdsp_init_arm.o
│           │   │   ├── mpegaudiodsp_fixed_armv6.S
│           │   │   ├── mpegaudiodsp_fixed_armv6.d
│           │   │   ├── mpegaudiodsp_fixed_armv6.o
│           │   │   ├── mpegaudiodsp_init_arm.c
│           │   │   ├── mpegaudiodsp_init_arm.d
│           │   │   ├── mpegaudiodsp_init_arm.o
│           │   │   ├── mpegvideo_arm.c
│           │   │   ├── mpegvideo_arm.d
│           │   │   ├── mpegvideo_arm.h
│           │   │   ├── mpegvideo_arm.o
│           │   │   ├── mpegvideo_armv5te.c
│           │   │   ├── mpegvideo_armv5te.d
│           │   │   ├── mpegvideo_armv5te.o
│           │   │   ├── mpegvideo_armv5te_s.S
│           │   │   ├── mpegvideo_armv5te_s.d
│           │   │   ├── mpegvideo_armv5te_s.o
│           │   │   ├── mpegvideo_neon.S
│           │   │   ├── mpegvideo_neon.d
│           │   │   ├── mpegvideo_neon.o
│           │   │   ├── mpegvideoencdsp_armv6.S
│           │   │   ├── mpegvideoencdsp_armv6.d
│           │   │   ├── mpegvideoencdsp_armv6.o
│           │   │   ├── mpegvideoencdsp_init_arm.c
│           │   │   ├── mpegvideoencdsp_init_arm.d
│           │   │   ├── mpegvideoencdsp_init_arm.o
│           │   │   ├── neon.S
│           │   │   ├── neontest.c
│           │   │   ├── pixblockdsp_armv6.S
│           │   │   ├── pixblockdsp_armv6.d
│           │   │   ├── pixblockdsp_armv6.o
│           │   │   ├── pixblockdsp_init_arm.c
│           │   │   ├── pixblockdsp_init_arm.d
│           │   │   ├── pixblockdsp_init_arm.o
│           │   │   ├── pixblockdsp_neon.S
│           │   │   ├── pixblockdsp_neon.d
│           │   │   ├── pixblockdsp_neon.o
│           │   │   ├── rv34dsp_init_arm.c
│           │   │   ├── rv34dsp_init_arm.d
│           │   │   ├── rv34dsp_init_arm.o
│           │   │   ├── rv34dsp_neon.S
│           │   │   ├── rv34dsp_neon.d
│           │   │   ├── rv34dsp_neon.o
│           │   │   ├── rv40dsp_init_arm.c
│           │   │   ├── rv40dsp_init_arm.d
│           │   │   ├── rv40dsp_init_arm.o
│           │   │   ├── rv40dsp_neon.S
│           │   │   ├── rv40dsp_neon.d
│           │   │   ├── rv40dsp_neon.o
│           │   │   ├── sbcdsp_armv6.S
│           │   │   ├── sbcdsp_armv6.d
│           │   │   ├── sbcdsp_armv6.o
│           │   │   ├── sbcdsp_init_arm.c
│           │   │   ├── sbcdsp_init_arm.d
│           │   │   ├── sbcdsp_init_arm.o
│           │   │   ├── sbcdsp_neon.S
│           │   │   ├── sbcdsp_neon.d
│           │   │   ├── sbcdsp_neon.o
│           │   │   ├── sbrdsp_init_arm.c
│           │   │   ├── sbrdsp_init_arm.d
│           │   │   ├── sbrdsp_init_arm.o
│           │   │   ├── sbrdsp_neon.S
│           │   │   ├── sbrdsp_neon.d
│           │   │   ├── sbrdsp_neon.o
│           │   │   ├── simple_idct_arm.S
│           │   │   ├── simple_idct_arm.d
│           │   │   ├── simple_idct_arm.o
│           │   │   ├── simple_idct_armv5te.S
│           │   │   ├── simple_idct_armv5te.d
│           │   │   ├── simple_idct_armv5te.o
│           │   │   ├── simple_idct_armv6.S
│           │   │   ├── simple_idct_armv6.d
│           │   │   ├── simple_idct_armv6.o
│           │   │   ├── simple_idct_neon.S
│           │   │   ├── simple_idct_neon.d
│           │   │   ├── simple_idct_neon.o
│           │   │   ├── startcode.h
│           │   │   ├── startcode_armv6.S
│           │   │   ├── startcode_armv6.d
│           │   │   ├── startcode_armv6.o
│           │   │   ├── synth_filter_init_arm.c
│           │   │   ├── synth_filter_init_arm.d
│           │   │   ├── synth_filter_init_arm.o
│           │   │   ├── synth_filter_neon.S
│           │   │   ├── synth_filter_neon.d
│           │   │   ├── synth_filter_neon.o
│           │   │   ├── synth_filter_vfp.S
│           │   │   ├── synth_filter_vfp.d
│           │   │   ├── synth_filter_vfp.o
│           │   │   ├── vc1dsp.h
│           │   │   ├── vc1dsp_init_arm.c
│           │   │   ├── vc1dsp_init_arm.d
│           │   │   ├── vc1dsp_init_arm.o
│           │   │   ├── vc1dsp_init_neon.c
│           │   │   ├── vc1dsp_init_neon.d
│           │   │   ├── vc1dsp_init_neon.o
│           │   │   ├── vc1dsp_neon.S
│           │   │   ├── vc1dsp_neon.d
│           │   │   ├── vc1dsp_neon.o
│           │   │   ├── videodsp_arm.h
│           │   │   ├── videodsp_armv5te.S
│           │   │   ├── videodsp_armv5te.d
│           │   │   ├── videodsp_armv5te.o
│           │   │   ├── videodsp_init_arm.c
│           │   │   ├── videodsp_init_arm.d
│           │   │   ├── videodsp_init_arm.o
│           │   │   ├── videodsp_init_armv5te.c
│           │   │   ├── videodsp_init_armv5te.d
│           │   │   ├── videodsp_init_armv5te.o
│           │   │   ├── vorbisdsp_init_arm.c
│           │   │   ├── vorbisdsp_init_arm.d
│           │   │   ├── vorbisdsp_init_arm.o
│           │   │   ├── vorbisdsp_neon.S
│           │   │   ├── vorbisdsp_neon.d
│           │   │   ├── vorbisdsp_neon.o
│           │   │   ├── vp3dsp_init_arm.c
│           │   │   ├── vp3dsp_init_arm.d
│           │   │   ├── vp3dsp_init_arm.o
│           │   │   ├── vp3dsp_neon.S
│           │   │   ├── vp3dsp_neon.d
│           │   │   ├── vp3dsp_neon.o
│           │   │   ├── vp8.h
│           │   │   ├── vp8_armv6.S
│           │   │   ├── vp8_armv6.d
│           │   │   ├── vp8_armv6.o
│           │   │   ├── vp8dsp.h
│           │   │   ├── vp8dsp_armv6.S
│           │   │   ├── vp8dsp_armv6.d
│           │   │   ├── vp8dsp_armv6.o
│           │   │   ├── vp8dsp_init_arm.c
│           │   │   ├── vp8dsp_init_arm.d
│           │   │   ├── vp8dsp_init_arm.o
│           │   │   ├── vp8dsp_init_armv6.c
│           │   │   ├── vp8dsp_init_armv6.d
│           │   │   ├── vp8dsp_init_armv6.o
│           │   │   ├── vp8dsp_init_neon.c
│           │   │   ├── vp8dsp_init_neon.d
│           │   │   ├── vp8dsp_init_neon.o
│           │   │   ├── vp8dsp_neon.S
│           │   │   ├── vp8dsp_neon.d
│           │   │   ├── vp8dsp_neon.o
│           │   │   ├── vp9dsp_init.h
│           │   │   ├── vp9dsp_init_10bpp_arm.c
│           │   │   ├── vp9dsp_init_10bpp_arm.d
│           │   │   ├── vp9dsp_init_10bpp_arm.o
│           │   │   ├── vp9dsp_init_12bpp_arm.c
│           │   │   ├── vp9dsp_init_12bpp_arm.d
│           │   │   ├── vp9dsp_init_12bpp_arm.o
│           │   │   ├── vp9dsp_init_16bpp_arm_template.c
│           │   │   ├── vp9dsp_init_arm.c
│           │   │   ├── vp9dsp_init_arm.d
│           │   │   ├── vp9dsp_init_arm.o
│           │   │   ├── vp9itxfm_16bpp_neon.S
│           │   │   ├── vp9itxfm_16bpp_neon.d
│           │   │   ├── vp9itxfm_16bpp_neon.o
│           │   │   ├── vp9itxfm_neon.S
│           │   │   ├── vp9itxfm_neon.d
│           │   │   ├── vp9itxfm_neon.o
│           │   │   ├── vp9lpf_16bpp_neon.S
│           │   │   ├── vp9lpf_16bpp_neon.d
│           │   │   ├── vp9lpf_16bpp_neon.o
│           │   │   ├── vp9lpf_neon.S
│           │   │   ├── vp9lpf_neon.d
│           │   │   ├── vp9lpf_neon.o
│           │   │   ├── vp9mc_16bpp_neon.S
│           │   │   ├── vp9mc_16bpp_neon.d
│           │   │   ├── vp9mc_16bpp_neon.o
│           │   │   ├── vp9mc_neon.S
│           │   │   ├── vp9mc_neon.d
│           │   │   ├── vp9mc_neon.o
│           │   │   └── vpx_arith.h
│           │   ├── ass.c
│           │   ├── ass.d
│           │   ├── ass.h
│           │   ├── ass.o
│           │   ├── ass_split.c
│           │   ├── ass_split.d
│           │   ├── ass_split.h
│           │   ├── ass_split.o
│           │   ├── assdec.c
│           │   ├── assdec.d
│           │   ├── assdec.o
│           │   ├── assenc.c
│           │   ├── assenc.d
│           │   ├── assenc.o
│           │   ├── asv.c
│           │   ├── asv.d
│           │   ├── asv.h
│           │   ├── asv.o
│           │   ├── asvdec.c
│           │   ├── asvdec.d
│           │   ├── asvdec.o
│           │   ├── asvenc.c
│           │   ├── asvenc.d
│           │   ├── asvenc.o
│           │   ├── atrac.c
│           │   ├── atrac.d
│           │   ├── atrac.h
│           │   ├── atrac.o
│           │   ├── atrac1.c
│           │   ├── atrac1.d
│           │   ├── atrac1.o
│           │   ├── atrac1data.h
│           │   ├── atrac3.c
│           │   ├── atrac3.d
│           │   ├── atrac3.o
│           │   ├── atrac3data.h
│           │   ├── atrac3plus.c
│           │   ├── atrac3plus.d
│           │   ├── atrac3plus.h
│           │   ├── atrac3plus.o
│           │   ├── atrac3plus_data.h
│           │   ├── atrac3plusdec.c
│           │   ├── atrac3plusdec.d
│           │   ├── atrac3plusdec.o
│           │   ├── atrac3plusdsp.c
│           │   ├── atrac3plusdsp.d
│           │   ├── atrac3plusdsp.o
│           │   ├── atrac9dec.c
│           │   ├── atrac9dec.d
│           │   ├── atrac9dec.o
│           │   ├── atrac9tab.h
│           │   ├── atsc_a53.c
│           │   ├── atsc_a53.d
│           │   ├── atsc_a53.h
│           │   ├── atsc_a53.o
│           │   ├── audio_frame_queue.c
│           │   ├── audio_frame_queue.d
│           │   ├── audio_frame_queue.h
│           │   ├── audio_frame_queue.o
│           │   ├── audiodsp.c
│           │   ├── audiodsp.d
│           │   ├── audiodsp.h
│           │   ├── audiodsp.o
│           │   ├── audiotoolboxdec.c
│           │   ├── audiotoolboxenc.c
│           │   ├── aura.c
│           │   ├── aura.d
│           │   ├── aura.o
│           │   ├── av1.h
│           │   ├── av1_levels.c
│           │   ├── av1_levels.h
│           │   ├── av1_parse.c
│           │   ├── av1_parse.d
│           │   ├── av1_parse.h
│           │   ├── av1_parse.o
│           │   ├── av1_parser.c
│           │   ├── av1_parser.d
│           │   ├── av1_parser.o
│           │   ├── av1dec.c
│           │   ├── av1dec.d
│           │   ├── av1dec.h
│           │   ├── av1dec.o
│           │   ├── avcodec.c
│           │   ├── avcodec.d
│           │   ├── avcodec.h
│           │   ├── avcodec.o
│           │   ├── avcodec_internal.h
│           │   ├── avcodecres.rc
│           │   ├── avdct.c
│           │   ├── avdct.d
│           │   ├── avdct.h
│           │   ├── avdct.o
│           │   ├── avrndec.c
│           │   ├── avrndec.d
│           │   ├── avrndec.o
│           │   ├── avs.c
│           │   ├── avs.d
│           │   ├── avs.o
│           │   ├── avs2.c
│           │   ├── avs2.d
│           │   ├── avs2.h
│           │   ├── avs2.o
│           │   ├── avs2_parser.c
│           │   ├── avs2_parser.d
│           │   ├── avs2_parser.o
│           │   ├── avs3.h
│           │   ├── avs3_parser.c
│           │   ├── avs3_parser.d
│           │   ├── avs3_parser.o
│           │   ├── avuidec.c
│           │   ├── avuidec.d
│           │   ├── avuidec.o
│           │   ├── avuienc.c
│           │   ├── avuienc.d
│           │   ├── avuienc.o
│           │   ├── bethsoftvideo.c
│           │   ├── bethsoftvideo.d
│           │   ├── bethsoftvideo.h
│           │   ├── bethsoftvideo.o
│           │   ├── bfi.c
│           │   ├── bfi.d
│           │   ├── bfi.o
│           │   ├── bgmc.c
│           │   ├── bgmc.d
│           │   ├── bgmc.h
│           │   ├── bgmc.o
│           │   ├── bink.c
│           │   ├── bink.d
│           │   ├── bink.o
│           │   ├── binkaudio.c
│           │   ├── binkaudio.d
│           │   ├── binkaudio.o
│           │   ├── binkdata.h
│           │   ├── binkdsp.c
│           │   ├── binkdsp.d
│           │   ├── binkdsp.h
│           │   ├── binkdsp.o
│           │   ├── bintext.c
│           │   ├── bintext.d
│           │   ├── bintext.h
│           │   ├── bintext.o
│           │   ├── bit_depth_template.c
│           │   ├── bitpacked_dec.c
│           │   ├── bitpacked_dec.d
│           │   ├── bitpacked_dec.o
│           │   ├── bitpacked_enc.c
│           │   ├── bitpacked_enc.d
│           │   ├── bitpacked_enc.o
│           │   ├── bitstream.c
│           │   ├── bitstream.d
│           │   ├── bitstream.h
│           │   ├── bitstream.o
│           │   ├── bitstream_filters.c
│           │   ├── bitstream_filters.d
│           │   ├── bitstream_filters.o
│           │   ├── bitstream_template.h
│           │   ├── blockdsp.c
│           │   ├── blockdsp.d
│           │   ├── blockdsp.h
│           │   ├── blockdsp.o
│           │   ├── bmp.c
│           │   ├── bmp.d
│           │   ├── bmp.h
│           │   ├── bmp.o
│           │   ├── bmp_parser.c
│           │   ├── bmp_parser.d
│           │   ├── bmp_parser.o
│           │   ├── bmpenc.c
│           │   ├── bmpenc.d
│           │   ├── bmpenc.o
│           │   ├── bmvaudio.c
│           │   ├── bmvaudio.d
│           │   ├── bmvaudio.o
│           │   ├── bmvvideo.c
│           │   ├── bmvvideo.d
│           │   ├── bmvvideo.o
│           │   ├── bonk.c
│           │   ├── bonk.d
│           │   ├── bonk.o
│           │   ├── brenderpix.c
│           │   ├── brenderpix.d
│           │   ├── brenderpix.o
│           │   ├── bsf
│           │   │   ├── Makefile
│           │   │   ├── aac_adtstoasc.c
│           │   │   ├── aac_adtstoasc.d
│           │   │   ├── aac_adtstoasc.o
│           │   │   ├── ahx_to_mp2.c
│           │   │   ├── apv_metadata.c
│           │   │   ├── apv_metadata.d
│           │   │   ├── apv_metadata.o
│           │   │   ├── av1_frame_merge.c
│           │   │   ├── av1_frame_merge.d
│           │   │   ├── av1_frame_merge.o
│           │   │   ├── av1_frame_split.c
│           │   │   ├── av1_frame_split.d
│           │   │   ├── av1_frame_split.o
│           │   │   ├── av1_metadata.c
│           │   │   ├── av1_metadata.d
│           │   │   ├── av1_metadata.o
│           │   │   ├── chomp.c
│           │   │   ├── chomp.d
│           │   │   ├── chomp.o
│           │   │   ├── dca_core.c
│           │   │   ├── dca_core.d
│           │   │   ├── dca_core.o
│           │   │   ├── dovi_rpu.c
│           │   │   ├── dovi_rpu.d
│           │   │   ├── dovi_rpu.o
│           │   │   ├── dts2pts.c
│           │   │   ├── dts2pts.d
│           │   │   ├── dts2pts.o
│           │   │   ├── dump_extradata.c
│           │   │   ├── dump_extradata.d
│           │   │   ├── dump_extradata.o
│           │   │   ├── dv_error_marker.c
│           │   │   ├── dv_error_marker.d
│           │   │   ├── dv_error_marker.o
│           │   │   ├── eac3_core.c
│           │   │   ├── eac3_core.d
│           │   │   ├── eac3_core.o
│           │   │   ├── eia608_to_smpte436m.c
│           │   │   ├── eia608_to_smpte436m.d
│           │   │   ├── eia608_to_smpte436m.o
│           │   │   ├── evc_frame_merge.c
│           │   │   ├── evc_frame_merge.d
│           │   │   ├── evc_frame_merge.o
│           │   │   ├── extract_extradata.c
│           │   │   ├── extract_extradata.d
│           │   │   ├── extract_extradata.o
│           │   │   ├── filter_units.c
│           │   │   ├── filter_units.d
│           │   │   ├── filter_units.o
│           │   │   ├── h264_metadata.c
│           │   │   ├── h264_metadata.d
│           │   │   ├── h264_metadata.o
│           │   │   ├── h264_mp4toannexb.c
│           │   │   ├── h264_mp4toannexb.d
│           │   │   ├── h264_mp4toannexb.o
│           │   │   ├── h264_redundant_pps.c
│           │   │   ├── h264_redundant_pps.d
│           │   │   ├── h264_redundant_pps.o
│           │   │   ├── h265_metadata.c
│           │   │   ├── h265_metadata.d
│           │   │   ├── h265_metadata.o
│           │   │   ├── h266_metadata.c
│           │   │   ├── h266_metadata.d
│           │   │   ├── h266_metadata.o
│           │   │   ├── hapqa_extract.c
│           │   │   ├── hapqa_extract.d
│           │   │   ├── hapqa_extract.o
│           │   │   ├── hevc_mp4toannexb.c
│           │   │   ├── hevc_mp4toannexb.d
│           │   │   ├── hevc_mp4toannexb.o
│           │   │   ├── imx_dump_header.c
│           │   │   ├── imx_dump_header.d
│           │   │   ├── imx_dump_header.o
│           │   │   ├── lcevc_metadata.c
│           │   │   ├── lcevc_metadata.d
│           │   │   ├── lcevc_metadata.o
│           │   │   ├── media100_to_mjpegb.c
│           │   │   ├── media100_to_mjpegb.d
│           │   │   ├── media100_to_mjpegb.o
│           │   │   ├── mjpeg2jpeg.c
│           │   │   ├── mjpeg2jpeg.d
│           │   │   ├── mjpeg2jpeg.o
│           │   │   ├── mjpega_dump_header.c
│           │   │   ├── mjpega_dump_header.d
│           │   │   ├── mjpega_dump_header.o
│           │   │   ├── movsub.c
│           │   │   ├── movsub.d
│           │   │   ├── movsub.o
│           │   │   ├── mpeg2_metadata.c
│           │   │   ├── mpeg2_metadata.d
│           │   │   ├── mpeg2_metadata.o
│           │   │   ├── mpeg4_unpack_bframes.c
│           │   │   ├── mpeg4_unpack_bframes.d
│           │   │   ├── mpeg4_unpack_bframes.o
│           │   │   ├── noise.c
│           │   │   ├── noise.d
│           │   │   ├── noise.o
│           │   │   ├── null.c
│           │   │   ├── null.d
│           │   │   ├── null.o
│           │   │   ├── opus_metadata.c
│           │   │   ├── opus_metadata.d
│           │   │   ├── opus_metadata.o
│           │   │   ├── pcm_rechunk.c
│           │   │   ├── pcm_rechunk.d
│           │   │   ├── pcm_rechunk.o
│           │   │   ├── pgs_frame_merge.c
│           │   │   ├── pgs_frame_merge.d
│           │   │   ├── pgs_frame_merge.o
│           │   │   ├── prores_metadata.c
│           │   │   ├── prores_metadata.d
│           │   │   ├── prores_metadata.o
│           │   │   ├── remove_extradata.c
│           │   │   ├── remove_extradata.d
│           │   │   ├── remove_extradata.o
│           │   │   ├── setts.c
│           │   │   ├── setts.d
│           │   │   ├── setts.o
│           │   │   ├── showinfo.c
│           │   │   ├── showinfo.d
│           │   │   ├── showinfo.o
│           │   │   ├── smpte436m_to_eia608.c
│           │   │   ├── smpte436m_to_eia608.d
│           │   │   ├── smpte436m_to_eia608.o
│           │   │   ├── trace_headers.c
│           │   │   ├── trace_headers.d
│           │   │   ├── trace_headers.o
│           │   │   ├── truehd_core.c
│           │   │   ├── truehd_core.d
│           │   │   ├── truehd_core.o
│           │   │   ├── vp9_metadata.c
│           │   │   ├── vp9_metadata.d
│           │   │   ├── vp9_metadata.o
│           │   │   ├── vp9_raw_reorder.c
│           │   │   ├── vp9_raw_reorder.d
│           │   │   ├── vp9_raw_reorder.o
│           │   │   ├── vp9_superframe.c
│           │   │   ├── vp9_superframe.d
│           │   │   ├── vp9_superframe.o
│           │   │   ├── vp9_superframe_split.c
│           │   │   ├── vp9_superframe_split.d
│           │   │   ├── vp9_superframe_split.o
│           │   │   ├── vvc_mp4toannexb.c
│           │   │   ├── vvc_mp4toannexb.d
│           │   │   └── vvc_mp4toannexb.o
│           │   ├── bsf.c
│           │   ├── bsf.d
│           │   ├── bsf.h
│           │   ├── bsf.o
│           │   ├── bsf_internal.h
│           │   ├── bsf_list.c
│           │   ├── bswapdsp.c
│           │   ├── bswapdsp.d
│           │   ├── bswapdsp.h
│           │   ├── bswapdsp.o
│           │   ├── bytestream.h
│           │   ├── c93.c
│           │   ├── c93.d
│           │   ├── c93.o
│           │   ├── cabac.c
│           │   ├── cabac.d
│           │   ├── cabac.h
│           │   ├── cabac.o
│           │   ├── cabac_functions.h
│           │   ├── canopus.c
│           │   ├── canopus.d
│           │   ├── canopus.h
│           │   ├── canopus.o
│           │   ├── cavs.c
│           │   ├── cavs.d
│           │   ├── cavs.h
│           │   ├── cavs.o
│           │   ├── cavs_parser.c
│           │   ├── cavs_parser.d
│           │   ├── cavs_parser.o
│           │   ├── cavsdata.c
│           │   ├── cavsdata.d
│           │   ├── cavsdata.o
│           │   ├── cavsdec.c
│           │   ├── cavsdec.d
│           │   ├── cavsdec.o
│           │   ├── cavsdsp.c
│           │   ├── cavsdsp.d
│           │   ├── cavsdsp.h
│           │   ├── cavsdsp.o
│           │   ├── cbrt_data.c
│           │   ├── cbrt_data.d
│           │   ├── cbrt_data.h
│           │   ├── cbrt_data.o
│           │   ├── cbrt_data_fixed.c
│           │   ├── cbrt_data_fixed.d
│           │   ├── cbrt_data_fixed.o
│           │   ├── cbrt_fixed_tablegen.c
│           │   ├── cbrt_tablegen.c
│           │   ├── cbrt_tablegen.h
│           │   ├── cbrt_tablegen_common.c
│           │   ├── cbrt_tablegen_common.d
│           │   ├── cbrt_tablegen_common.o
│           │   ├── cbrt_tablegen_template.c
│           │   ├── cbs.c
│           │   ├── cbs.d
│           │   ├── cbs.h
│           │   ├── cbs.o
│           │   ├── cbs_apv.c
│           │   ├── cbs_apv.d
│           │   ├── cbs_apv.h
│           │   ├── cbs_apv.o
│           │   ├── cbs_apv_syntax_template.c
│           │   ├── cbs_av1.c
│           │   ├── cbs_av1.d
│           │   ├── cbs_av1.h
│           │   ├── cbs_av1.o
│           │   ├── cbs_av1_syntax_template.c
│           │   ├── cbs_bsf.c
│           │   ├── cbs_bsf.d
│           │   ├── cbs_bsf.h
│           │   ├── cbs_bsf.o
│           │   ├── cbs_h264.c
│           │   ├── cbs_h264.d
│           │   ├── cbs_h264.h
│           │   ├── cbs_h264.o
│           │   ├── cbs_h2645.c
│           │   ├── cbs_h2645.d
│           │   ├── cbs_h2645.h
│           │   ├── cbs_h2645.o
│           │   ├── cbs_h264_syntax_template.c
│           │   ├── cbs_h265.c
│           │   ├── cbs_h265.d
│           │   ├── cbs_h265.h
│           │   ├── cbs_h265.o
│           │   ├── cbs_h265_syntax_template.c
│           │   ├── cbs_h266.c
│           │   ├── cbs_h266.d
│           │   ├── cbs_h266.h
│           │   ├── cbs_h266.o
│           │   ├── cbs_h266_syntax_template.c
│           │   ├── cbs_internal.h
│           │   ├── cbs_jpeg.c
│           │   ├── cbs_jpeg.h
│           │   ├── cbs_jpeg_syntax_template.c
│           │   ├── cbs_lcevc.c
│           │   ├── cbs_lcevc.d
│           │   ├── cbs_lcevc.h
│           │   ├── cbs_lcevc.o
│           │   ├── cbs_lcevc_syntax_template.c
│           │   ├── cbs_mpeg2.c
│           │   ├── cbs_mpeg2.d
│           │   ├── cbs_mpeg2.h
│           │   ├── cbs_mpeg2.o
│           │   ├── cbs_mpeg2_syntax_template.c
│           │   ├── cbs_sei.c
│           │   ├── cbs_sei.d
│           │   ├── cbs_sei.h
│           │   ├── cbs_sei.o
│           │   ├── cbs_sei_syntax_template.c
│           │   ├── cbs_vp8.c
│           │   ├── cbs_vp8.d
│           │   ├── cbs_vp8.h
│           │   ├── cbs_vp8.o
│           │   ├── cbs_vp8_syntax_template.c
│           │   ├── cbs_vp9.c
│           │   ├── cbs_vp9.d
│           │   ├── cbs_vp9.h
│           │   ├── cbs_vp9.o
│           │   ├── cbs_vp9_syntax_template.c
│           │   ├── ccaption_dec.c
│           │   ├── ccaption_dec.d
│           │   ├── ccaption_dec.o
│           │   ├── cdgraphics.c
│           │   ├── cdgraphics.d
│           │   ├── cdgraphics.o
│           │   ├── cdtoons.c
│           │   ├── cdtoons.d
│           │   ├── cdtoons.o
│           │   ├── cdxl.c
│           │   ├── cdxl.d
│           │   ├── cdxl.o
│           │   ├── celp_filters.c
│           │   ├── celp_filters.d
│           │   ├── celp_filters.h
│           │   ├── celp_filters.o
│           │   ├── celp_math.c
│           │   ├── celp_math.d
│           │   ├── celp_math.h
│           │   ├── celp_math.o
│           │   ├── cfhd.c
│           │   ├── cfhd.d
│           │   ├── cfhd.h
│           │   ├── cfhd.o
│           │   ├── cfhddata.c
│           │   ├── cfhddata.d
│           │   ├── cfhddata.o
│           │   ├── cfhddsp.c
│           │   ├── cfhddsp.d
│           │   ├── cfhddsp.h
│           │   ├── cfhddsp.o
│           │   ├── cfhdenc.c
│           │   ├── cfhdenc.d
│           │   ├── cfhdenc.o
│           │   ├── cfhdencdsp.c
│           │   ├── cfhdencdsp.d
│           │   ├── cfhdencdsp.h
│           │   ├── cfhdencdsp.o
│           │   ├── cga_data.c
│           │   ├── cga_data.d
│           │   ├── cga_data.h
│           │   ├── cga_data.o
│           │   ├── cinepak.c
│           │   ├── cinepak.d
│           │   ├── cinepak.o
│           │   ├── cinepakenc.c
│           │   ├── cinepakenc.d
│           │   ├── cinepakenc.o
│           │   ├── clearvideo.c
│           │   ├── clearvideo.d
│           │   ├── clearvideo.o
│           │   ├── clearvideodata.h
│           │   ├── cljrdec.c
│           │   ├── cljrdec.d
│           │   ├── cljrdec.o
│           │   ├── cljrenc.c
│           │   ├── cljrenc.d
│           │   ├── cljrenc.o
│           │   ├── cllc.c
│           │   ├── cllc.d
│           │   ├── cllc.o
│           │   ├── cngdec.c
│           │   ├── cngdec.d
│           │   ├── cngdec.o
│           │   ├── cngenc.c
│           │   ├── cngenc.d
│           │   ├── cngenc.o
│           │   ├── codec.h
│           │   ├── codec2utils.h
│           │   ├── codec_desc.c
│           │   ├── codec_desc.d
│           │   ├── codec_desc.h
│           │   ├── codec_desc.o
│           │   ├── codec_id.h
│           │   ├── codec_internal.h
│           │   ├── codec_list.c
│           │   ├── codec_par.c
│           │   ├── codec_par.d
│           │   ├── codec_par.h
│           │   ├── codec_par.o
│           │   ├── cook.c
│           │   ├── cook.d
│           │   ├── cook.o
│           │   ├── cook_parser.c
│           │   ├── cook_parser.d
│           │   ├── cook_parser.o
│           │   ├── cookdata.h
│           │   ├── copy_block.h
│           │   ├── cpia.c
│           │   ├── cpia.d
│           │   ├── cpia.o
│           │   ├── cri.c
│           │   ├── cri.d
│           │   ├── cri.o
│           │   ├── cri_parser.c
│           │   ├── cri_parser.d
│           │   ├── cri_parser.o
│           │   ├── cscd.c
│           │   ├── cscd.d
│           │   ├── cscd.o
│           │   ├── cuviddec.c
│           │   ├── cyuv.c
│           │   ├── cyuv.d
│           │   ├── cyuv.o
│           │   ├── d3d11va.c
│           │   ├── d3d11va.d
│           │   ├── d3d11va.h
│           │   ├── d3d11va.o
│           │   ├── d3d12va_av1.c
│           │   ├── d3d12va_decode.c
│           │   ├── d3d12va_decode.h
│           │   ├── d3d12va_encode.c
│           │   ├── d3d12va_encode.h
│           │   ├── d3d12va_encode_av1.c
│           │   ├── d3d12va_encode_h264.c
│           │   ├── d3d12va_encode_hevc.c
│           │   ├── d3d12va_h264.c
│           │   ├── d3d12va_hevc.c
│           │   ├── d3d12va_mpeg2.c
│           │   ├── d3d12va_vc1.c
│           │   ├── d3d12va_vp9.c
│           │   ├── dca.c
│           │   ├── dca.d
│           │   ├── dca.h
│           │   ├── dca.o
│           │   ├── dca_core.c
│           │   ├── dca_core.d
│           │   ├── dca_core.h
│           │   ├── dca_core.o
│           │   ├── dca_exss.c
│           │   ├── dca_exss.d
│           │   ├── dca_exss.h
│           │   ├── dca_exss.o
│           │   ├── dca_lbr.c
│           │   ├── dca_lbr.d
│           │   ├── dca_lbr.h
│           │   ├── dca_lbr.o
│           │   ├── dca_parser.c
│           │   ├── dca_parser.d
│           │   ├── dca_parser.o
│           │   ├── dca_sample_rate_tab.c
│           │   ├── dca_sample_rate_tab.d
│           │   ├── dca_sample_rate_tab.h
│           │   ├── dca_sample_rate_tab.o
│           │   ├── dca_syncwords.h
│           │   ├── dca_xll.c
│           │   ├── dca_xll.d
│           │   ├── dca_xll.h
│           │   ├── dca_xll.o
│           │   ├── dcaadpcm.c
│           │   ├── dcaadpcm.d
│           │   ├── dcaadpcm.h
│           │   ├── dcaadpcm.o
│           │   ├── dcadata.c
│           │   ├── dcadata.d
│           │   ├── dcadata.h
│           │   ├── dcadata.o
│           │   ├── dcadct.c
│           │   ├── dcadct.d
│           │   ├── dcadct.h
│           │   ├── dcadct.o
│           │   ├── dcadec.c
│           │   ├── dcadec.d
│           │   ├── dcadec.h
│           │   ├── dcadec.o
│           │   ├── dcadsp.c
│           │   ├── dcadsp.d
│           │   ├── dcadsp.h
│           │   ├── dcadsp.o
│           │   ├── dcaenc.c
│           │   ├── dcaenc.d
│           │   ├── dcaenc.h
│           │   ├── dcaenc.o
│           │   ├── dcahuff.c
│           │   ├── dcahuff.d
│           │   ├── dcahuff.h
│           │   ├── dcahuff.o
│           │   ├── dcamath.h
│           │   ├── dct.h
│           │   ├── dct32.h
│           │   ├── dct32_fixed.c
│           │   ├── dct32_fixed.d
│           │   ├── dct32_fixed.o
│           │   ├── dct32_float.c
│           │   ├── dct32_float.d
│           │   ├── dct32_float.o
│           │   ├── dct32_template.c
│           │   ├── dctref.c
│           │   ├── dctref.h
│           │   ├── dds.c
│           │   ├── dds.d
│           │   ├── dds.o
│           │   ├── decode.c
│           │   ├── decode.d
│           │   ├── decode.h
│           │   ├── decode.o
│           │   ├── decode_bsf.h
│           │   ├── defs.h
│           │   ├── dfa.c
│           │   ├── dfa.d
│           │   ├── dfa.o
│           │   ├── dfpwmdec.c
│           │   ├── dfpwmdec.d
│           │   ├── dfpwmdec.o
│           │   ├── dfpwmenc.c
│           │   ├── dfpwmenc.d
│           │   ├── dfpwmenc.o
│           │   ├── dirac.c
│           │   ├── dirac.d
│           │   ├── dirac.h
│           │   ├── dirac.o
│           │   ├── dirac_arith.c
│           │   ├── dirac_arith.d
│           │   ├── dirac_arith.h
│           │   ├── dirac_arith.o
│           │   ├── dirac_dwt.c
│           │   ├── dirac_dwt.d
│           │   ├── dirac_dwt.h
│           │   ├── dirac_dwt.o
│           │   ├── dirac_dwt_template.c
│           │   ├── dirac_parser.c
│           │   ├── dirac_parser.d
│           │   ├── dirac_parser.o
│           │   ├── dirac_vlc.c
│           │   ├── dirac_vlc.d
│           │   ├── dirac_vlc.h
│           │   ├── dirac_vlc.o
│           │   ├── diracdec.c
│           │   ├── diracdec.d
│           │   ├── diracdec.o
│           │   ├── diracdsp.c
│           │   ├── diracdsp.d
│           │   ├── diracdsp.h
│           │   ├── diracdsp.o
│           │   ├── diractab.c
│           │   ├── diractab.d
│           │   ├── diractab.h
│           │   ├── diractab.o
│           │   ├── dnxhd_parser.c
│           │   ├── dnxhd_parser.d
│           │   ├── dnxhd_parser.o
│           │   ├── dnxhddata.c
│           │   ├── dnxhddata.d
│           │   ├── dnxhddata.h
│           │   ├── dnxhddata.o
│           │   ├── dnxhddec.c
│           │   ├── dnxhddec.d
│           │   ├── dnxhddec.o
│           │   ├── dnxhdenc.c
│           │   ├── dnxhdenc.d
│           │   ├── dnxhdenc.h
│           │   ├── dnxhdenc.o
│           │   ├── dnxuc_parser.c
│           │   ├── dnxuc_parser.d
│           │   ├── dnxuc_parser.o
│           │   ├── dolby_e.c
│           │   ├── dolby_e.d
│           │   ├── dolby_e.h
│           │   ├── dolby_e.o
│           │   ├── dolby_e_parse.c
│           │   ├── dolby_e_parse.d
│           │   ├── dolby_e_parse.o
│           │   ├── dolby_e_parser.c
│           │   ├── dolby_e_parser.d
│           │   ├── dolby_e_parser.o
│           │   ├── dovi_rpu.c
│           │   ├── dovi_rpu.d
│           │   ├── dovi_rpu.h
│           │   ├── dovi_rpu.o
│           │   ├── dovi_rpudec.c
│           │   ├── dovi_rpudec.d
│           │   ├── dovi_rpudec.o
│           │   ├── dovi_rpuenc.c
│           │   ├── dovi_rpuenc.d
│           │   ├── dovi_rpuenc.o
│           │   ├── dpcm.c
│           │   ├── dpcm.d
│           │   ├── dpcm.o
│           │   ├── dpx.c
│           │   ├── dpx.d
│           │   ├── dpx.h
│           │   ├── dpx.o
│           │   ├── dpx_parser.c
│           │   ├── dpx_parser.d
│           │   ├── dpx_parser.o
│           │   ├── dpxenc.c
│           │   ├── dpxenc.d
│           │   ├── dpxenc.o
│           │   ├── dsd.c
│           │   ├── dsd.d
│           │   ├── dsd.h
│           │   ├── dsd.o
│           │   ├── dsddec.c
│           │   ├── dsddec.d
│           │   ├── dsddec.o
│           │   ├── dsicinaudio.c
│           │   ├── dsicinaudio.d
│           │   ├── dsicinaudio.o
│           │   ├── dsicinvideo.c
│           │   ├── dsicinvideo.d
│           │   ├── dsicinvideo.o
│           │   ├── dss_sp.c
│           │   ├── dss_sp.d
│           │   ├── dss_sp.o
│           │   ├── dstdec.c
│           │   ├── dstdec.d
│           │   ├── dstdec.o
│           │   ├── dv.c
│           │   ├── dv.d
│           │   ├── dv.h
│           │   ├── dv.o
│           │   ├── dv_internal.h
│           │   ├── dv_profile.c
│           │   ├── dv_profile.d
│           │   ├── dv_profile.h
│           │   ├── dv_profile.o
│           │   ├── dv_profile_internal.h
│           │   ├── dv_tablegen.c
│           │   ├── dv_tablegen.h
│           │   ├── dvaudio.h
│           │   ├── dvaudio_parser.c
│           │   ├── dvaudio_parser.d
│           │   ├── dvaudio_parser.o
│           │   ├── dvaudiodec.c
│           │   ├── dvaudiodec.d
│           │   ├── dvaudiodec.o
│           │   ├── dvbsub_parser.c
│           │   ├── dvbsub_parser.d
│           │   ├── dvbsub_parser.o
│           │   ├── dvbsubdec.c
│           │   ├── dvbsubdec.d
│           │   ├── dvbsubdec.o
│           │   ├── dvbsubenc.c
│           │   ├── dvbsubenc.d
│           │   ├── dvbsubenc.o
│           │   ├── dvbtxt.h
│           │   ├── dvd_nav_parser.c
│           │   ├── dvd_nav_parser.d
│           │   ├── dvd_nav_parser.o
│           │   ├── dvdata.c
│           │   ├── dvdata.d
│           │   ├── dvdata.h
│           │   ├── dvdata.o
│           │   ├── dvdec.c
│           │   ├── dvdec.d
│           │   ├── dvdec.o
│           │   ├── dvdsub.c
│           │   ├── dvdsub.d
│           │   ├── dvdsub.h
│           │   ├── dvdsub.o
│           │   ├── dvdsub_parser.c
│           │   ├── dvdsub_parser.d
│           │   ├── dvdsub_parser.o
│           │   ├── dvdsubdec.c
│           │   ├── dvdsubdec.d
│           │   ├── dvdsubdec.o
│           │   ├── dvdsubenc.c
│           │   ├── dvdsubenc.d
│           │   ├── dvdsubenc.o
│           │   ├── dvenc.c
│           │   ├── dvenc.d
│           │   ├── dvenc.o
│           │   ├── dxa.c
│           │   ├── dxa.d
│           │   ├── dxa.o
│           │   ├── dxtory.c
│           │   ├── dxtory.d
│           │   ├── dxtory.o
│           │   ├── dxv.c
│           │   ├── dxv.d
│           │   ├── dxv.h
│           │   ├── dxv.o
│           │   ├── dxva2.c
│           │   ├── dxva2.h
│           │   ├── dxva2_av1.c
│           │   ├── dxva2_h264.c
│           │   ├── dxva2_hevc.c
│           │   ├── dxva2_internal.h
│           │   ├── dxva2_mpeg2.c
│           │   ├── dxva2_vc1.c
│           │   ├── dxva2_vp9.c
│           │   ├── dxvenc.c
│           │   ├── dxvenc.d
│           │   ├── dxvenc.o
│           │   ├── dynamic_hdr_vivid.c
│           │   ├── dynamic_hdr_vivid.d
│           │   ├── dynamic_hdr_vivid.h
│           │   ├── dynamic_hdr_vivid.o
│           │   ├── eac3_data.c
│           │   ├── eac3_data.d
│           │   ├── eac3_data.h
│           │   ├── eac3_data.o
│           │   ├── eac3dec.c
│           │   ├── eac3enc.c
│           │   ├── eac3enc.d
│           │   ├── eac3enc.h
│           │   ├── eac3enc.o
│           │   ├── eacmv.c
│           │   ├── eacmv.d
│           │   ├── eacmv.o
│           │   ├── eaidct.c
│           │   ├── eaidct.d
│           │   ├── eaidct.h
│           │   ├── eaidct.o
│           │   ├── eamad.c
│           │   ├── eamad.d
│           │   ├── eamad.o
│           │   ├── eatgq.c
│           │   ├── eatgq.d
│           │   ├── eatgq.o
│           │   ├── eatgv.c
│           │   ├── eatgv.d
│           │   ├── eatgv.o
│           │   ├── eatqi.c
│           │   ├── eatqi.d
│           │   ├── eatqi.o
│           │   ├── elbg.c
│           │   ├── elbg.d
│           │   ├── elbg.h
│           │   ├── elbg.o
│           │   ├── elsdec.c
│           │   ├── elsdec.d
│           │   ├── elsdec.h
│           │   ├── elsdec.o
│           │   ├── encode.c
│           │   ├── encode.d
│           │   ├── encode.h
│           │   ├── encode.o
│           │   ├── error_resilience.c
│           │   ├── error_resilience.d
│           │   ├── error_resilience.h
│           │   ├── error_resilience.o
│           │   ├── escape124.c
│           │   ├── escape124.d
│           │   ├── escape124.o
│           │   ├── escape130.c
│           │   ├── escape130.d
│           │   ├── escape130.o
│           │   ├── evc.h
│           │   ├── evc_parse.c
│           │   ├── evc_parse.d
│           │   ├── evc_parse.h
│           │   ├── evc_parse.o
│           │   ├── evc_parser.c
│           │   ├── evc_parser.d
│           │   ├── evc_parser.o
│           │   ├── evc_ps.c
│           │   ├── evc_ps.d
│           │   ├── evc_ps.h
│           │   ├── evc_ps.o
│           │   ├── evrcdata.h
│           │   ├── evrcdec.c
│           │   ├── evrcdec.d
│           │   ├── evrcdec.o
│           │   ├── executor.c
│           │   ├── executor.d
│           │   ├── executor.h
│           │   ├── executor.o
│           │   ├── exif.c
│           │   ├── exif.d
│           │   ├── exif.h
│           │   ├── exif.o
│           │   ├── exif_internal.h
│           │   ├── exr.c
│           │   ├── exr.d
│           │   ├── exr.o
│           │   ├── exrdsp.c
│           │   ├── exrdsp.d
│           │   ├── exrdsp.h
│           │   ├── exrdsp.o
│           │   ├── exrenc.c
│           │   ├── exrenc.d
│           │   ├── exrenc.o
│           │   ├── faandct.c
│           │   ├── faandct.d
│           │   ├── faandct.h
│           │   ├── faandct.o
│           │   ├── faanidct.c
│           │   ├── faanidct.d
│           │   ├── faanidct.h
│           │   ├── faanidct.o
│           │   ├── fastaudio.c
│           │   ├── fastaudio.d
│           │   ├── fastaudio.o
│           │   ├── faxcompr.c
│           │   ├── faxcompr.d
│           │   ├── faxcompr.h
│           │   ├── faxcompr.o
│           │   ├── fdctdsp.c
│           │   ├── fdctdsp.d
│           │   ├── fdctdsp.h
│           │   ├── fdctdsp.o
│           │   ├── ffjni.c
│           │   ├── ffjni.h
│           │   ├── fflcms2.c
│           │   ├── fflcms2.h
│           │   ├── ffv1.c
│           │   ├── ffv1.d
│           │   ├── ffv1.h
│           │   ├── ffv1.o
│           │   ├── ffv1_parse.c
│           │   ├── ffv1_parse.d
│           │   ├── ffv1_parse.o
│           │   ├── ffv1_parser.c
│           │   ├── ffv1_parser.d
│           │   ├── ffv1_parser.o
│           │   ├── ffv1_template.c
│           │   ├── ffv1_vulkan.c
│           │   ├── ffv1_vulkan.h
│           │   ├── ffv1dec.c
│           │   ├── ffv1dec.d
│           │   ├── ffv1dec.o
│           │   ├── ffv1dec_template.c
│           │   ├── ffv1enc.c
│           │   ├── ffv1enc.d
│           │   ├── ffv1enc.h
│           │   ├── ffv1enc.o
│           │   ├── ffv1enc_template.c
│           │   ├── ffv1enc_vulkan.c
│           │   ├── ffwavesynth.c
│           │   ├── ffwavesynth.d
│           │   ├── ffwavesynth.o
│           │   ├── fic.c
│           │   ├── fic.d
│           │   ├── fic.o
│           │   ├── file_open.c
│           │   ├── fits.c
│           │   ├── fits.d
│           │   ├── fits.h
│           │   ├── fits.o
│           │   ├── fitsdec.c
│           │   ├── fitsdec.d
│           │   ├── fitsdec.o
│           │   ├── fitsenc.c
│           │   ├── fitsenc.d
│           │   ├── fitsenc.o
│           │   ├── flac.c
│           │   ├── flac.d
│           │   ├── flac.h
│           │   ├── flac.o
│           │   ├── flac_parse.h
│           │   ├── flac_parser.c
│           │   ├── flac_parser.d
│           │   ├── flac_parser.o
│           │   ├── flacdata.c
│           │   ├── flacdata.d
│           │   ├── flacdata.h
│           │   ├── flacdata.o
│           │   ├── flacdec.c
│           │   ├── flacdec.d
│           │   ├── flacdec.o
│           │   ├── flacdsp.c
│           │   ├── flacdsp.d
│           │   ├── flacdsp.h
│           │   ├── flacdsp.o
│           │   ├── flacdsp_lpc_template.c
│           │   ├── flacdsp_template.c
│           │   ├── flacenc.c
│           │   ├── flacenc.d
│           │   ├── flacenc.o
│           │   ├── flacencdsp.c
│           │   ├── flacencdsp.d
│           │   ├── flacencdsp.h
│           │   ├── flacencdsp.o
│           │   ├── flashsv.c
│           │   ├── flashsv.d
│           │   ├── flashsv.o
│           │   ├── flashsv2enc.c
│           │   ├── flashsv2enc.d
│           │   ├── flashsv2enc.o
│           │   ├── flashsvenc.c
│           │   ├── flashsvenc.d
│           │   ├── flashsvenc.o
│           │   ├── flicvideo.c
│           │   ├── flicvideo.d
│           │   ├── flicvideo.o
│           │   ├── float2half.c
│           │   ├── float2half.d
│           │   ├── float2half.o
│           │   ├── float_scalarproduct.c
│           │   ├── float_scalarproduct.d
│           │   ├── float_scalarproduct.o
│           │   ├── flvdec.c
│           │   ├── flvdec.d
│           │   ├── flvdec.h
│           │   ├── flvdec.o
│           │   ├── flvenc.c
│           │   ├── flvenc.d
│           │   ├── flvenc.h
│           │   ├── flvenc.o
│           │   ├── fmtconvert.c
│           │   ├── fmtconvert.d
│           │   ├── fmtconvert.h
│           │   ├── fmtconvert.o
│           │   ├── fmvc.c
│           │   ├── fmvc.d
│           │   ├── fmvc.o
│           │   ├── frame_thread_encoder.c
│           │   ├── frame_thread_encoder.d
│           │   ├── frame_thread_encoder.h
│           │   ├── frame_thread_encoder.o
│           │   ├── fraps.c
│           │   ├── fraps.d
│           │   ├── fraps.o
│           │   ├── frwu.c
│           │   ├── frwu.d
│           │   ├── frwu.o
│           │   ├── ftr.c
│           │   ├── ftr.d
│           │   ├── ftr.o
│           │   ├── ftr_parser.c
│           │   ├── ftr_parser.d
│           │   ├── ftr_parser.o
│           │   ├── g2meet.c
│           │   ├── g2meet.d
│           │   ├── g2meet.o
│           │   ├── g722.c
│           │   ├── g722.d
│           │   ├── g722.h
│           │   ├── g722.o
│           │   ├── g722dec.c
│           │   ├── g722dec.d
│           │   ├── g722dec.o
│           │   ├── g722dsp.c
│           │   ├── g722dsp.d
│           │   ├── g722dsp.h
│           │   ├── g722dsp.o
│           │   ├── g722enc.c
│           │   ├── g722enc.d
│           │   ├── g722enc.o
│           │   ├── g723_1.c
│           │   ├── g723_1.d
│           │   ├── g723_1.h
│           │   ├── g723_1.o
│           │   ├── g723_1_parser.c
│           │   ├── g723_1_parser.d
│           │   ├── g723_1_parser.o
│           │   ├── g723_1dec.c
│           │   ├── g723_1dec.d
│           │   ├── g723_1dec.o
│           │   ├── g723_1enc.c
│           │   ├── g723_1enc.d
│           │   ├── g723_1enc.o
│           │   ├── g726.c
│           │   ├── g726.d
│           │   ├── g726.o
│           │   ├── g728_template.c
│           │   ├── g728data.h
│           │   ├── g728dec.c
│           │   ├── g728dec.d
│           │   ├── g728dec.o
│           │   ├── g729.h
│           │   ├── g729_parser.c
│           │   ├── g729_parser.d
│           │   ├── g729_parser.o
│           │   ├── g729data.h
│           │   ├── g729dec.c
│           │   ├── g729dec.d
│           │   ├── g729dec.o
│           │   ├── g729postfilter.c
│           │   ├── g729postfilter.d
│           │   ├── g729postfilter.h
│           │   ├── g729postfilter.o
│           │   ├── gdv.c
│           │   ├── gdv.d
│           │   ├── gdv.o
│           │   ├── gemdec.c
│           │   ├── gemdec.d
│           │   ├── gemdec.o
│           │   ├── get_bits.h
│           │   ├── get_buffer.c
│           │   ├── get_buffer.d
│           │   ├── get_buffer.o
│           │   ├── gif.c
│           │   ├── gif.d
│           │   ├── gif.h
│           │   ├── gif.o
│           │   ├── gif_parser.c
│           │   ├── gif_parser.d
│           │   ├── gif_parser.o
│           │   ├── gifdec.c
│           │   ├── gifdec.d
│           │   ├── gifdec.o
│           │   ├── golomb.c
│           │   ├── golomb.d
│           │   ├── golomb.h
│           │   ├── golomb.o
│           │   ├── gsm.h
│           │   ├── gsm_parser.c
│           │   ├── gsm_parser.d
│           │   ├── gsm_parser.o
│           │   ├── gsmdec.c
│           │   ├── gsmdec.d
│           │   ├── gsmdec.o
│           │   ├── gsmdec_data.c
│           │   ├── gsmdec_data.d
│           │   ├── gsmdec_data.h
│           │   ├── gsmdec_data.o
│           │   ├── gsmdec_template.c
│           │   ├── h261.c
│           │   ├── h261.d
│           │   ├── h261.h
│           │   ├── h261.o
│           │   ├── h261_parser.c
│           │   ├── h261_parser.d
│           │   ├── h261_parser.o
│           │   ├── h261data.c
│           │   ├── h261data.d
│           │   ├── h261data.o
│           │   ├── h261dec.c
│           │   ├── h261dec.d
│           │   ├── h261dec.o
│           │   ├── h261enc.c
│           │   ├── h261enc.d
│           │   ├── h261enc.h
│           │   ├── h261enc.o
│           │   ├── h263.c
│           │   ├── h263.d
│           │   ├── h263.h
│           │   ├── h263.o
│           │   ├── h263_parser.c
│           │   ├── h263_parser.d
│           │   ├── h263_parser.o
│           │   ├── h263data.c
│           │   ├── h263data.d
│           │   ├── h263data.h
│           │   ├── h263data.o
│           │   ├── h263dec.c
│           │   ├── h263dec.d
│           │   ├── h263dec.h
│           │   ├── h263dec.o
│           │   ├── h263dsp.c
│           │   ├── h263dsp.d
│           │   ├── h263dsp.h
│           │   ├── h263dsp.o
│           │   ├── h263enc.h
│           │   ├── h264.h
│           │   ├── h2645_parse.c
│           │   ├── h2645_parse.d
│           │   ├── h2645_parse.h
│           │   ├── h2645_parse.o
│           │   ├── h2645_sei.c
│           │   ├── h2645_sei.d
│           │   ├── h2645_sei.h
│           │   ├── h2645_sei.o
│           │   ├── h2645_vui.c
│           │   ├── h2645_vui.d
│           │   ├── h2645_vui.h
│           │   ├── h2645_vui.o
│           │   ├── h2645data.c
│           │   ├── h2645data.d
│           │   ├── h2645data.h
│           │   ├── h2645data.o
│           │   ├── h264_cabac.c
│           │   ├── h264_cabac.d
│           │   ├── h264_cabac.o
│           │   ├── h264_cavlc.c
│           │   ├── h264_cavlc.d
│           │   ├── h264_cavlc.o
│           │   ├── h264_direct.c
│           │   ├── h264_direct.d
│           │   ├── h264_direct.o
│           │   ├── h264_levels.c
│           │   ├── h264_levels.d
│           │   ├── h264_levels.h
│           │   ├── h264_levels.o
│           │   ├── h264_loopfilter.c
│           │   ├── h264_loopfilter.d
│           │   ├── h264_loopfilter.o
│           │   ├── h264_mb.c
│           │   ├── h264_mb.d
│           │   ├── h264_mb.o
│           │   ├── h264_mb_template.c
│           │   ├── h264_mc_template.c
│           │   ├── h264_mvpred.h
│           │   ├── h264_parse.c
│           │   ├── h264_parse.d
│           │   ├── h264_parse.h
│           │   ├── h264_parse.o
│           │   ├── h264_parser.c
│           │   ├── h264_parser.d
│           │   ├── h264_parser.o
│           │   ├── h264_picture.c
│           │   ├── h264_picture.d
│           │   ├── h264_picture.o
│           │   ├── h264_ps.c
│           │   ├── h264_ps.d
│           │   ├── h264_ps.h
│           │   ├── h264_ps.o
│           │   ├── h264_refs.c
│           │   ├── h264_refs.d
│           │   ├── h264_refs.o
│           │   ├── h264_sei.c
│           │   ├── h264_sei.d
│           │   ├── h264_sei.h
│           │   ├── h264_sei.o
│           │   ├── h264_slice.c
│           │   ├── h264_slice.d
│           │   ├── h264_slice.o
│           │   ├── h264addpx_template.c
│           │   ├── h264chroma.c
│           │   ├── h264chroma.d
│           │   ├── h264chroma.h
│           │   ├── h264chroma.o
│           │   ├── h264chroma_template.c
│           │   ├── h264data.c
│           │   ├── h264data.d
│           │   ├── h264data.h
│           │   ├── h264data.o
│           │   ├── h264dec.c
│           │   ├── h264dec.d
│           │   ├── h264dec.h
│           │   ├── h264dec.o
│           │   ├── h264dsp.c
│           │   ├── h264dsp.d
│           │   ├── h264dsp.h
│           │   ├── h264dsp.o
│           │   ├── h264dsp_template.c
│           │   ├── h264idct.c
│           │   ├── h264idct.d
│           │   ├── h264idct.h
│           │   ├── h264idct.o
│           │   ├── h264idct_template.c
│           │   ├── h264pred.c
│           │   ├── h264pred.d
│           │   ├── h264pred.h
│           │   ├── h264pred.o
│           │   ├── h264pred_template.c
│           │   ├── h264qpel.c
│           │   ├── h264qpel.d
│           │   ├── h264qpel.h
│           │   ├── h264qpel.o
│           │   ├── h264qpel_template.c
│           │   ├── h265_profile_level.c
│           │   ├── h265_profile_level.d
│           │   ├── h265_profile_level.h
│           │   ├── h265_profile_level.o
│           │   ├── h26x
│           │   │   ├── h2656_deblock_template.c
│           │   │   ├── h2656_inter_template.c
│           │   │   └── h2656_sao_template.c
│           │   ├── h274.c
│           │   ├── h274.d
│           │   ├── h274.h
│           │   ├── h274.o
│           │   ├── half2float.c
│           │   ├── half2float.d
│           │   ├── half2float.o
│           │   ├── hap.c
│           │   ├── hap.d
│           │   ├── hap.h
│           │   ├── hap.o
│           │   ├── hapdec.c
│           │   ├── hapdec.d
│           │   ├── hapdec.o
│           │   ├── hapenc.c
│           │   ├── hashtable.c
│           │   ├── hashtable.d
│           │   ├── hashtable.h
│           │   ├── hashtable.o
│           │   ├── hca_data.h
│           │   ├── hcadec.c
│           │   ├── hcadec.d
│           │   ├── hcadec.o
│           │   ├── hcom.c
│           │   ├── hcom.d
│           │   ├── hcom.o
│           │   ├── hdr_parser.c
│           │   ├── hdr_parser.d
│           │   ├── hdr_parser.o
│           │   ├── hdrdec.c
│           │   ├── hdrdec.d
│           │   ├── hdrdec.o
│           │   ├── hdrenc.c
│           │   ├── hdrenc.d
│           │   ├── hdrenc.o
│           │   ├── hevc
│           │   │   ├── Makefile
│           │   │   ├── cabac.c
│           │   │   ├── cabac.d
│           │   │   ├── cabac.o
│           │   │   ├── data.c
│           │   │   ├── data.d
│           │   │   ├── data.h
│           │   │   ├── data.o
│           │   │   ├── dsp.c
│           │   │   ├── dsp.d
│           │   │   ├── dsp.h
│           │   │   ├── dsp.o
│           │   │   ├── dsp_template.c
│           │   │   ├── filter.c
│           │   │   ├── filter.d
│           │   │   ├── filter.o
│           │   │   ├── hevc.h
│           │   │   ├── hevcdec.c
│           │   │   ├── hevcdec.d
│           │   │   ├── hevcdec.h
│           │   │   ├── hevcdec.o
│           │   │   ├── mvs.c
│           │   │   ├── mvs.d
│           │   │   ├── mvs.o
│           │   │   ├── parse.c
│           │   │   ├── parse.d
│           │   │   ├── parse.h
│           │   │   ├── parse.o
│           │   │   ├── parser.c
│           │   │   ├── parser.d
│           │   │   ├── parser.o
│           │   │   ├── pred.c
│           │   │   ├── pred.d
│           │   │   ├── pred.h
│           │   │   ├── pred.o
│           │   │   ├── pred_template.c
│           │   │   ├── ps.c
│           │   │   ├── ps.d
│           │   │   ├── ps.h
│           │   │   ├── ps.o
│           │   │   ├── ps_enc.c
│           │   │   ├── refs.c
│           │   │   ├── refs.d
│           │   │   ├── refs.o
│           │   │   ├── sei.c
│           │   │   ├── sei.d
│           │   │   ├── sei.h
│           │   │   └── sei.o
│           │   ├── hnm4video.c
│           │   ├── hnm4video.d
│           │   ├── hnm4video.o
│           │   ├── hpel_template.c
│           │   ├── hpeldsp.c
│           │   ├── hpeldsp.d
│           │   ├── hpeldsp.h
│           │   ├── hpeldsp.o
│           │   ├── hq_common.c
│           │   ├── hq_common.d
│           │   ├── hq_common.h
│           │   ├── hq_common.o
│           │   ├── hq_hqa.c
│           │   ├── hq_hqa.d
│           │   ├── hq_hqa.o
│           │   ├── hq_hqadata.h
│           │   ├── hq_hqadsp.c
│           │   ├── hq_hqadsp.d
│           │   ├── hq_hqadsp.h
│           │   ├── hq_hqadsp.o
│           │   ├── hqx.c
│           │   ├── hqx.d
│           │   ├── hqx.o
│           │   ├── hqxdsp.c
│           │   ├── hqxdsp.d
│           │   ├── hqxdsp.h
│           │   ├── hqxdsp.o
│           │   ├── hqxvlc.h
│           │   ├── htmlsubtitles.c
│           │   ├── htmlsubtitles.d
│           │   ├── htmlsubtitles.h
│           │   ├── htmlsubtitles.o
│           │   ├── huffman.c
│           │   ├── huffman.d
│           │   ├── huffman.h
│           │   ├── huffman.o
│           │   ├── huffyuv.c
│           │   ├── huffyuv.d
│           │   ├── huffyuv.h
│           │   ├── huffyuv.o
│           │   ├── huffyuvdec.c
│           │   ├── huffyuvdec.d
│           │   ├── huffyuvdec.o
│           │   ├── huffyuvdsp.c
│           │   ├── huffyuvdsp.d
│           │   ├── huffyuvdsp.h
│           │   ├── huffyuvdsp.o
│           │   ├── huffyuvenc.c
│           │   ├── huffyuvenc.d
│           │   ├── huffyuvenc.o
│           │   ├── huffyuvencdsp.c
│           │   ├── huffyuvencdsp.d
│           │   ├── huffyuvencdsp.h
│           │   ├── huffyuvencdsp.o
│           │   ├── hw_base_encode.c
│           │   ├── hw_base_encode.h
│           │   ├── hw_base_encode_h264.c
│           │   ├── hw_base_encode_h264.h
│           │   ├── hw_base_encode_h265.c
│           │   ├── hw_base_encode_h265.h
│           │   ├── hwaccel_internal.h
│           │   ├── hwaccels.h
│           │   ├── hwconfig.h
│           │   ├── idcinvideo.c
│           │   ├── idcinvideo.d
│           │   ├── idcinvideo.o
│           │   ├── idctdsp.c
│           │   ├── idctdsp.d
│           │   ├── idctdsp.h
│           │   ├── idctdsp.o
│           │   ├── iff.c
│           │   ├── iff.d
│           │   ├── iff.o
│           │   ├── ilbcdata.h
│           │   ├── ilbcdec.c
│           │   ├── ilbcdec.d
│           │   ├── ilbcdec.o
│           │   ├── imc.c
│           │   ├── imc.d
│           │   ├── imc.o
│           │   ├── imcdata.h
│           │   ├── imgconvert.c
│           │   ├── imgconvert.d
│           │   ├── imgconvert.o
│           │   ├── imm4.c
│           │   ├── imm4.d
│           │   ├── imm4.o
│           │   ├── imm5.c
│           │   ├── imm5.d
│           │   ├── imm5.o
│           │   ├── imx.c
│           │   ├── imx.d
│           │   ├── imx.o
│           │   ├── indeo2.c
│           │   ├── indeo2.d
│           │   ├── indeo2.o
│           │   ├── indeo2data.h
│           │   ├── indeo3.c
│           │   ├── indeo3.d
│           │   ├── indeo3.o
│           │   ├── indeo3data.h
│           │   ├── indeo4.c
│           │   ├── indeo4.d
│           │   ├── indeo4.o
│           │   ├── indeo4data.h
│           │   ├── indeo5.c
│           │   ├── indeo5.d
│           │   ├── indeo5.o
│           │   ├── indeo5data.h
│           │   ├── intelh263dec.c
│           │   ├── intelh263dec.d
│           │   ├── intelh263dec.o
│           │   ├── internal.h
│           │   ├── interplayacm.c
│           │   ├── interplayacm.d
│           │   ├── interplayacm.o
│           │   ├── interplayvideo.c
│           │   ├── interplayvideo.d
│           │   ├── interplayvideo.o
│           │   ├── intrax8.c
│           │   ├── intrax8.d
│           │   ├── intrax8.h
│           │   ├── intrax8.o
│           │   ├── intrax8dsp.c
│           │   ├── intrax8dsp.d
│           │   ├── intrax8dsp.h
│           │   ├── intrax8dsp.o
│           │   ├── intrax8huf.h
│           │   ├── ipu_parser.c
│           │   ├── ipu_parser.d
│           │   ├── ipu_parser.o
│           │   ├── ituh263dec.c
│           │   ├── ituh263dec.d
│           │   ├── ituh263dec.o
│           │   ├── ituh263enc.c
│           │   ├── ituh263enc.d
│           │   ├── ituh263enc.o
│           │   ├── itut35.h
│           │   ├── ivi.c
│           │   ├── ivi.d
│           │   ├── ivi.h
│           │   ├── ivi.o
│           │   ├── ivi_dsp.c
│           │   ├── ivi_dsp.d
│           │   ├── ivi_dsp.h
│           │   ├── ivi_dsp.o
│           │   ├── j2kenc.c
│           │   ├── j2kenc.d
│           │   ├── j2kenc.o
│           │   ├── jacosub.h
│           │   ├── jacosubdec.c
│           │   ├── jacosubdec.d
│           │   ├── jacosubdec.o
│           │   ├── jfdctfst.c
│           │   ├── jfdctfst.d
│           │   ├── jfdctfst.o
│           │   ├── jfdctint.c
│           │   ├── jfdctint.d
│           │   ├── jfdctint.o
│           │   ├── jfdctint_template.c
│           │   ├── jni.c
│           │   ├── jni.d
│           │   ├── jni.h
│           │   ├── jni.o
│           │   ├── jpeg2000.c
│           │   ├── jpeg2000.d
│           │   ├── jpeg2000.h
│           │   ├── jpeg2000.o
│           │   ├── jpeg2000_parser.c
│           │   ├── jpeg2000_parser.d
│           │   ├── jpeg2000_parser.o
│           │   ├── jpeg2000dec.c
│           │   ├── jpeg2000dec.d
│           │   ├── jpeg2000dec.h
│           │   ├── jpeg2000dec.o
│           │   ├── jpeg2000dsp.c
│           │   ├── jpeg2000dsp.d
│           │   ├── jpeg2000dsp.h
│           │   ├── jpeg2000dsp.o
│           │   ├── jpeg2000dwt.c
│           │   ├── jpeg2000dwt.d
│           │   ├── jpeg2000dwt.h
│           │   ├── jpeg2000dwt.o
│           │   ├── jpeg2000htdec.c
│           │   ├── jpeg2000htdec.d
│           │   ├── jpeg2000htdec.h
│           │   ├── jpeg2000htdec.o
│           │   ├── jpegls.c
│           │   ├── jpegls.d
│           │   ├── jpegls.h
│           │   ├── jpegls.o
│           │   ├── jpeglsdec.c
│           │   ├── jpeglsdec.d
│           │   ├── jpeglsdec.h
│           │   ├── jpeglsdec.o
│           │   ├── jpeglsenc.c
│           │   ├── jpeglsenc.d
│           │   ├── jpeglsenc.o
│           │   ├── jpegquanttables.c
│           │   ├── jpegquanttables.d
│           │   ├── jpegquanttables.h
│           │   ├── jpegquanttables.o
│           │   ├── jpegtables.c
│           │   ├── jpegtables.d
│           │   ├── jpegtables.h
│           │   ├── jpegtables.o
│           │   ├── jpegtabs.h
│           │   ├── jpegxl.h
│           │   ├── jpegxl_parse.c
│           │   ├── jpegxl_parse.d
│           │   ├── jpegxl_parse.h
│           │   ├── jpegxl_parse.o
│           │   ├── jpegxl_parser.c
│           │   ├── jpegxl_parser.d
│           │   ├── jpegxl_parser.o
│           │   ├── jpegxs.h
│           │   ├── jpegxs_parser.c
│           │   ├── jpegxs_parser.d
│           │   ├── jpegxs_parser.o
│           │   ├── jrevdct.c
│           │   ├── jrevdct.d
│           │   ├── jrevdct.o
│           │   ├── jvdec.c
│           │   ├── jvdec.d
│           │   ├── jvdec.o
│           │   ├── kbdwin.c
│           │   ├── kbdwin.d
│           │   ├── kbdwin.h
│           │   ├── kbdwin.o
│           │   ├── kgv1dec.c
│           │   ├── kgv1dec.d
│           │   ├── kgv1dec.o
│           │   ├── kmvc.c
│           │   ├── kmvc.d
│           │   ├── kmvc.o
│           │   ├── lagarith.c
│           │   ├── lagarith.d
│           │   ├── lagarith.o
│           │   ├── lagarithrac.c
│           │   ├── lagarithrac.d
│           │   ├── lagarithrac.h
│           │   ├── lagarithrac.o
│           │   ├── latm_parser.c
│           │   ├── latm_parser.d
│           │   ├── latm_parser.o
│           │   ├── lcevc.h
│           │   ├── lcevc_parse.h
│           │   ├── lcevc_parser.c
│           │   ├── lcevc_parser.d
│           │   ├── lcevc_parser.o
│           │   ├── lcevcdec.c
│           │   ├── lcevcdec.h
│           │   ├── lcl.h
│           │   ├── lcldec.c
│           │   ├── lcldec.d
│           │   ├── lcldec.o
│           │   ├── lclenc.c
│           │   ├── lclenc.d
│           │   ├── lclenc.o
│           │   ├── leaddata.h
│           │   ├── leaddec.c
│           │   ├── leaddec.d
│           │   ├── leaddec.o
│           │   ├── leb.h
│           │   ├── libaom.c
│           │   ├── libaom.h
│           │   ├── libaomdec.c
│           │   ├── libaomenc.c
│           │   ├── libaribb24.c
│           │   ├── libaribcaption.c
│           │   ├── libavcodec.pc
│           │   ├── libavcodec.so -> libavcodec.so.62
│           │   ├── libavcodec.so.62
│           │   ├── libavcodec.v
│           │   ├── libavcodec.ver
│           │   ├── libavcodec.version
│           │   ├── libcelt_dec.c
│           │   ├── libcodec2.c
│           │   ├── libdav1d.c
│           │   ├── libdavs2.c
│           │   ├── libfdk-aacdec.c
│           │   ├── libfdk-aacenc.c
│           │   ├── libgsmdec.c
│           │   ├── libgsmenc.c
│           │   ├── libilbc.c
│           │   ├── libjxl.c
│           │   ├── libjxl.h
│           │   ├── libjxldec.c
│           │   ├── libjxlenc.c
│           │   ├── libkvazaar.c
│           │   ├── liblc3dec.c
│           │   ├── liblc3enc.c
│           │   ├── libmp3lame.c
│           │   ├── libmpeghdec.c
│           │   ├── liboapvenc.c
│           │   ├── libopencore-amr.c
│           │   ├── libopenh264.c
│           │   ├── libopenh264.h
│           │   ├── libopenh264dec.c
│           │   ├── libopenh264enc.c
│           │   ├── libopenjpegenc.c
│           │   ├── libopus.c
│           │   ├── libopus.h
│           │   ├── libopusdec.c
│           │   ├── libopusenc.c
│           │   ├── librav1e.c
│           │   ├── librsvgdec.c
│           │   ├── libshine.c
│           │   ├── libspeexdec.c
│           │   ├── libspeexenc.c
│           │   ├── libsvtav1.c
│           │   ├── libsvtjpegxsdec.c
│           │   ├── libsvtjpegxsenc.c
│           │   ├── libtheoraenc.c
│           │   ├── libtwolame.c
│           │   ├── libuavs3d.c
│           │   ├── libvo-amrwbenc.c
│           │   ├── libvorbisdec.c
│           │   ├── libvorbisenc.c
│           │   ├── libvpx.h
│           │   ├── libvpxdec.c
│           │   ├── libvpxenc.c
│           │   ├── libvvenc.c
│           │   ├── libwebpenc.c
│           │   ├── libwebpenc_animencoder.c
│           │   ├── libwebpenc_common.c
│           │   ├── libwebpenc_common.h
│           │   ├── libx264.c
│           │   ├── libx265.c
│           │   ├── libxavs.c
│           │   ├── libxavs2.c
│           │   ├── libxevd.c
│           │   ├── libxeve.c
│           │   ├── libxvid.c
│           │   ├── libzvbi-teletextdec.c
│           │   ├── ljpegenc.c
│           │   ├── ljpegenc.d
│           │   ├── ljpegenc.o
│           │   ├── loco.c
│           │   ├── loco.d
│           │   ├── loco.o
│           │   ├── log2_tab.c
│           │   ├── log2_tab.d
│           │   ├── log2_tab.o
│           │   ├── loongarch
│           │   │   ├── Makefile
│           │   │   ├── cabac.h
│           │   │   ├── h264_cabac.c
│           │   │   ├── h264_deblock_lasx.c
│           │   │   ├── h264_intrapred_init_loongarch.c
│           │   │   ├── h264_intrapred_loongarch.h
│           │   │   ├── h264chroma.S
│           │   │   ├── h264chroma_init_loongarch.c
│           │   │   ├── h264chroma_loongarch.h
│           │   │   ├── h264dsp.S
│           │   │   ├── h264dsp_init_loongarch.c
│           │   │   ├── h264dsp_lasx.c
│           │   │   ├── h264dsp_loongarch.h
│           │   │   ├── h264idct.S
│           │   │   ├── h264idct_loongarch.c
│           │   │   ├── h264intrapred.S
│           │   │   ├── h264qpel.S
│           │   │   ├── h264qpel_init_loongarch.c
│           │   │   ├── h264qpel_lasx.c
│           │   │   ├── h264qpel_loongarch.h
│           │   │   ├── h264qpel_lsx.c
│           │   │   ├── hevc_add_res.S
│           │   │   ├── hevc_idct.S
│           │   │   ├── hevc_idct_lsx.c
│           │   │   ├── hevc_lpf_sao_lsx.c
│           │   │   ├── hevc_mc.S
│           │   │   ├── hevc_mc_bi_lsx.c
│           │   │   ├── hevc_mc_uni_lsx.c
│           │   │   ├── hevc_mc_uniw_lsx.c
│           │   │   ├── hevcdsp_init_loongarch.c
│           │   │   ├── hevcdsp_lasx.h
│           │   │   ├── hevcdsp_lsx.c
│           │   │   ├── hevcdsp_lsx.h
│           │   │   ├── hpeldsp_init_loongarch.c
│           │   │   ├── hpeldsp_lasx.c
│           │   │   ├── hpeldsp_lasx.h
│           │   │   ├── idctdsp_init_loongarch.c
│           │   │   ├── idctdsp_lasx.c
│           │   │   ├── idctdsp_loongarch.h
│           │   │   ├── loongson_asm.S
│           │   │   ├── simple_idct_lasx.c
│           │   │   ├── vc1dsp_init_loongarch.c
│           │   │   ├── vc1dsp_lasx.c
│           │   │   ├── vc1dsp_loongarch.h
│           │   │   ├── videodsp_init.c
│           │   │   ├── vp8_lpf_lsx.c
│           │   │   ├── vp8_mc_lsx.c
│           │   │   ├── vp8dsp_init_loongarch.c
│           │   │   ├── vp8dsp_loongarch.h
│           │   │   ├── vp9_idct_lsx.c
│           │   │   ├── vp9_intra_lsx.c
│           │   │   ├── vp9_lpf_lsx.c
│           │   │   ├── vp9_mc_lsx.c
│           │   │   ├── vp9dsp_init_loongarch.c
│           │   │   └── vp9dsp_loongarch.h
│           │   ├── lossless_audiodsp.c
│           │   ├── lossless_audiodsp.d
│           │   ├── lossless_audiodsp.h
│           │   ├── lossless_audiodsp.o
│           │   ├── lossless_videodsp.c
│           │   ├── lossless_videodsp.d
│           │   ├── lossless_videodsp.h
│           │   ├── lossless_videodsp.o
│           │   ├── lossless_videoencdsp.c
│           │   ├── lossless_videoencdsp.d
│           │   ├── lossless_videoencdsp.h
│           │   ├── lossless_videoencdsp.o
│           │   ├── lpc.c
│           │   ├── lpc.d
│           │   ├── lpc.h
│           │   ├── lpc.o
│           │   ├── lpc_functions.h
│           │   ├── lscrdec.c
│           │   ├── lscrdec.d
│           │   ├── lscrdec.o
│           │   ├── lsp.c
│           │   ├── lsp.d
│           │   ├── lsp.h
│           │   ├── lsp.o
│           │   ├── lzf.c
│           │   ├── lzf.d
│           │   ├── lzf.h
│           │   ├── lzf.o
│           │   ├── lzw.c
│           │   ├── lzw.d
│           │   ├── lzw.h
│           │   ├── lzw.o
│           │   ├── lzwenc.c
│           │   ├── lzwenc.d
│           │   ├── lzwenc.o
│           │   ├── m101.c
│           │   ├── m101.d
│           │   ├── m101.o
│           │   ├── mace.c
│           │   ├── mace.d
│           │   ├── mace.o
│           │   ├── magicyuv.c
│           │   ├── magicyuv.d
│           │   ├── magicyuv.o
│           │   ├── magicyuvenc.c
│           │   ├── magicyuvenc.d
│           │   ├── magicyuvenc.o
│           │   ├── mathops.h
│           │   ├── mathtables.c
│           │   ├── mathtables.d
│           │   ├── mathtables.o
│           │   ├── mdec.c
│           │   ├── mdec.d
│           │   ├── mdec.o
│           │   ├── me_cmp.c
│           │   ├── me_cmp.d
│           │   ├── me_cmp.h
│           │   ├── me_cmp.o
│           │   ├── mediacodec.c
│           │   ├── mediacodec.d
│           │   ├── mediacodec.h
│           │   ├── mediacodec.o
│           │   ├── mediacodec_surface.c
│           │   ├── mediacodec_surface.h
│           │   ├── mediacodec_sw_buffer.c
│           │   ├── mediacodec_sw_buffer.h
│           │   ├── mediacodec_wrapper.c
│           │   ├── mediacodec_wrapper.h
│           │   ├── mediacodecdec.c
│           │   ├── mediacodecdec_common.c
│           │   ├── mediacodecdec_common.h
│           │   ├── mediacodecenc.c
│           │   ├── metasound.c
│           │   ├── metasound.d
│           │   ├── metasound.o
│           │   ├── metasound_data.h
│           │   ├── metasound_twinvq_data.h
│           │   ├── mf_utils.c
│           │   ├── mf_utils.h
│           │   ├── mfenc.c
│           │   ├── microdvddec.c
│           │   ├── microdvddec.d
│           │   ├── microdvddec.o
│           │   ├── midivid.c
│           │   ├── midivid.d
│           │   ├── midivid.o
│           │   ├── mimic.c
│           │   ├── mimic.d
│           │   ├── mimic.o
│           │   ├── mips
│           │   │   ├── Makefile
│           │   │   ├── ac3dsp_mips.c
│           │   │   ├── acelp_filters_mips.c
│           │   │   ├── acelp_vectors_mips.c
│           │   │   ├── amrwbdec_mips.c
│           │   │   ├── amrwbdec_mips.h
│           │   │   ├── blockdsp_init_mips.c
│           │   │   ├── blockdsp_mips.h
│           │   │   ├── blockdsp_mmi.c
│           │   │   ├── blockdsp_msa.c
│           │   │   ├── cabac.h
│           │   │   ├── celp_filters_mips.c
│           │   │   ├── celp_math_mips.c
│           │   │   ├── compute_antialias_fixed.h
│           │   │   ├── compute_antialias_float.h
│           │   │   ├── constants.c
│           │   │   ├── constants.h
│           │   │   ├── fmtconvert_mips.c
│           │   │   ├── h263dsp_init_mips.c
│           │   │   ├── h263dsp_mips.h
│           │   │   ├── h263dsp_msa.c
│           │   │   ├── h264_deblock_msa.c
│           │   │   ├── h264chroma_init_mips.c
│           │   │   ├── h264chroma_mips.h
│           │   │   ├── h264chroma_mmi.c
│           │   │   ├── h264chroma_msa.c
│           │   │   ├── h264dsp_init_mips.c
│           │   │   ├── h264dsp_mips.h
│           │   │   ├── h264dsp_mmi.c
│           │   │   ├── h264dsp_msa.c
│           │   │   ├── h264idct_msa.c
│           │   │   ├── h264pred_init_mips.c
│           │   │   ├── h264pred_mips.h
│           │   │   ├── h264pred_mmi.c
│           │   │   ├── h264pred_msa.c
│           │   │   ├── h264qpel_init_mips.c
│           │   │   ├── h264qpel_mmi.c
│           │   │   ├── h264qpel_msa.c
│           │   │   ├── hevc_idct_msa.c
│           │   │   ├── hevc_lpf_sao_msa.c
│           │   │   ├── hevc_macros_msa.h
│           │   │   ├── hevc_mc_bi_msa.c
│           │   │   ├── hevc_mc_biw_msa.c
│           │   │   ├── hevc_mc_uni_msa.c
│           │   │   ├── hevc_mc_uniw_msa.c
│           │   │   ├── hevcdsp_init_mips.c
│           │   │   ├── hevcdsp_mips.h
│           │   │   ├── hevcdsp_mmi.c
│           │   │   ├── hevcdsp_msa.c
│           │   │   ├── hevcpred_init_mips.c
│           │   │   ├── hevcpred_mips.h
│           │   │   ├── hevcpred_msa.c
│           │   │   ├── hpeldsp_init_mips.c
│           │   │   ├── hpeldsp_mips.h
│           │   │   ├── hpeldsp_mmi.c
│           │   │   ├── hpeldsp_msa.c
│           │   │   ├── idctdsp_init_mips.c
│           │   │   ├── idctdsp_mips.h
│           │   │   ├── idctdsp_mmi.c
│           │   │   ├── idctdsp_msa.c
│           │   │   ├── lsp_mips.h
│           │   │   ├── mathops.h
│           │   │   ├── me_cmp_init_mips.c
│           │   │   ├── me_cmp_mips.h
│           │   │   ├── me_cmp_msa.c
│           │   │   ├── mpegaudiodsp_mips_fixed.c
│           │   │   ├── mpegaudiodsp_mips_float.c
│           │   │   ├── mpegvideo_init_mips.c
│           │   │   ├── mpegvideo_mips.h
│           │   │   ├── mpegvideo_mmi.c
│           │   │   ├── mpegvideo_msa.c
│           │   │   ├── mpegvideoencdsp_init_mips.c
│           │   │   ├── mpegvideoencdsp_mmi.c
│           │   │   ├── mpegvideoencdsp_msa.c
│           │   │   ├── pixblockdsp_init_mips.c
│           │   │   ├── pixblockdsp_mips.h
│           │   │   ├── pixblockdsp_mmi.c
│           │   │   ├── pixblockdsp_msa.c
│           │   │   ├── qpeldsp_init_mips.c
│           │   │   ├── qpeldsp_mips.h
│           │   │   ├── qpeldsp_msa.c
│           │   │   ├── simple_idct_mmi.c
│           │   │   ├── simple_idct_msa.c
│           │   │   ├── vc1dsp_init_mips.c
│           │   │   ├── vc1dsp_mips.h
│           │   │   ├── vc1dsp_mmi.c
│           │   │   ├── vc1dsp_msa.c
│           │   │   ├── videodsp_init.c
│           │   │   ├── vp3dsp_idct_mmi.c
│           │   │   ├── vp3dsp_idct_msa.c
│           │   │   ├── vp3dsp_init_mips.c
│           │   │   ├── vp3dsp_mips.h
│           │   │   ├── vp8_idct_msa.c
│           │   │   ├── vp8_lpf_msa.c
│           │   │   ├── vp8_mc_msa.c
│           │   │   ├── vp8dsp_init_mips.c
│           │   │   ├── vp8dsp_mips.h
│           │   │   ├── vp8dsp_mmi.c
│           │   │   ├── vp9_idct_msa.c
│           │   │   ├── vp9_intra_msa.c
│           │   │   ├── vp9_lpf_msa.c
│           │   │   ├── vp9_mc_mmi.c
│           │   │   ├── vp9_mc_msa.c
│           │   │   ├── vp9dsp_init_mips.c
│           │   │   ├── vp9dsp_mips.h
│           │   │   ├── wmv2dsp_init_mips.c
│           │   │   ├── wmv2dsp_mips.h
│           │   │   ├── wmv2dsp_mmi.c
│           │   │   ├── xvid_idct_mmi.c
│           │   │   ├── xvididct_init_mips.c
│           │   │   └── xvididct_mips.h
│           │   ├── misc4.c
│           │   ├── misc4.d
│           │   ├── misc4.o
│           │   ├── misc4_parser.c
│           │   ├── misc4_parser.d
│           │   ├── misc4_parser.o
│           │   ├── mjpeg.h
│           │   ├── mjpeg_parser.c
│           │   ├── mjpeg_parser.d
│           │   ├── mjpeg_parser.o
│           │   ├── mjpegbdec.c
│           │   ├── mjpegbdec.d
│           │   ├── mjpegbdec.o
│           │   ├── mjpegdec.c
│           │   ├── mjpegdec.d
│           │   ├── mjpegdec.h
│           │   ├── mjpegdec.o
│           │   ├── mjpegdec_common.c
│           │   ├── mjpegdec_common.d
│           │   ├── mjpegdec_common.o
│           │   ├── mjpegenc.c
│           │   ├── mjpegenc.d
│           │   ├── mjpegenc.h
│           │   ├── mjpegenc.o
│           │   ├── mjpegenc_common.c
│           │   ├── mjpegenc_common.d
│           │   ├── mjpegenc_common.h
│           │   ├── mjpegenc_common.o
│           │   ├── mjpegenc_huffman.c
│           │   ├── mjpegenc_huffman.d
│           │   ├── mjpegenc_huffman.h
│           │   ├── mjpegenc_huffman.o
│           │   ├── mlp.c
│           │   ├── mlp.d
│           │   ├── mlp.h
│           │   ├── mlp.o
│           │   ├── mlp_parse.c
│           │   ├── mlp_parse.d
│           │   ├── mlp_parse.h
│           │   ├── mlp_parse.o
│           │   ├── mlp_parser.c
│           │   ├── mlp_parser.d
│           │   ├── mlp_parser.o
│           │   ├── mlpdec.c
│           │   ├── mlpdec.d
│           │   ├── mlpdec.o
│           │   ├── mlpdsp.c
│           │   ├── mlpdsp.d
│           │   ├── mlpdsp.h
│           │   ├── mlpdsp.o
│           │   ├── mlpenc.c
│           │   ├── mlpenc.d
│           │   ├── mlpenc.o
│           │   ├── mlz.c
│           │   ├── mlz.d
│           │   ├── mlz.h
│           │   ├── mlz.o
│           │   ├── mmaldec.c
│           │   ├── mmvideo.c
│           │   ├── mmvideo.d
│           │   ├── mmvideo.o
│           │   ├── mobiclip.c
│           │   ├── mobiclip.d
│           │   ├── mobiclip.o
│           │   ├── motion_est.c
│           │   ├── motion_est.d
│           │   ├── motion_est.h
│           │   ├── motion_est.o
│           │   ├── motion_est_template.c
│           │   ├── motionpixels.c
│           │   ├── motionpixels.d
│           │   ├── motionpixels.o
│           │   ├── motionpixels_tablegen.c
│           │   ├── motionpixels_tablegen.h
│           │   ├── movtextdec.c
│           │   ├── movtextdec.d
│           │   ├── movtextdec.o
│           │   ├── movtextenc.c
│           │   ├── movtextenc.d
│           │   ├── movtextenc.o
│           │   ├── mpc.c
│           │   ├── mpc.d
│           │   ├── mpc.h
│           │   ├── mpc.o
│           │   ├── mpc7.c
│           │   ├── mpc7.d
│           │   ├── mpc7.o
│           │   ├── mpc7data.h
│           │   ├── mpc8.c
│           │   ├── mpc8.d
│           │   ├── mpc8.o
│           │   ├── mpc8data.h
│           │   ├── mpc8huff.h
│           │   ├── mpcdata.h
│           │   ├── mpeg12.c
│           │   ├── mpeg12.d
│           │   ├── mpeg12.h
│           │   ├── mpeg12.o
│           │   ├── mpeg12data.c
│           │   ├── mpeg12data.d
│           │   ├── mpeg12data.h
│           │   ├── mpeg12data.o
│           │   ├── mpeg12dec.c
│           │   ├── mpeg12dec.d
│           │   ├── mpeg12dec.h
│           │   ├── mpeg12dec.o
│           │   ├── mpeg12enc.c
│           │   ├── mpeg12enc.d
│           │   ├── mpeg12enc.h
│           │   ├── mpeg12enc.o
│           │   ├── mpeg12framerate.c
│           │   ├── mpeg12framerate.d
│           │   ├── mpeg12framerate.o
│           │   ├── mpeg12vlc.h
│           │   ├── mpeg4audio.c
│           │   ├── mpeg4audio.d
│           │   ├── mpeg4audio.h
│           │   ├── mpeg4audio.o
│           │   ├── mpeg4audio_copy_pce.h
│           │   ├── mpeg4audio_sample_rates.c
│           │   ├── mpeg4audio_sample_rates.d
│           │   ├── mpeg4audio_sample_rates.h
│           │   ├── mpeg4audio_sample_rates.o
│           │   ├── mpeg4data.h
│           │   ├── mpeg4video.c
│           │   ├── mpeg4video.d
│           │   ├── mpeg4video.h
│           │   ├── mpeg4video.o
│           │   ├── mpeg4video_parser.c
│           │   ├── mpeg4video_parser.d
│           │   ├── mpeg4video_parser.o
│           │   ├── mpeg4videodata.h
│           │   ├── mpeg4videodec.c
│           │   ├── mpeg4videodec.d
│           │   ├── mpeg4videodec.h
│           │   ├── mpeg4videodec.o
│           │   ├── mpeg4videodefs.h
│           │   ├── mpeg4videodsp.c
│           │   ├── mpeg4videodsp.d
│           │   ├── mpeg4videodsp.h
│           │   ├── mpeg4videodsp.o
│           │   ├── mpeg4videoenc.c
│           │   ├── mpeg4videoenc.d
│           │   ├── mpeg4videoenc.h
│           │   ├── mpeg4videoenc.o
│           │   ├── mpeg_er.c
│           │   ├── mpeg_er.d
│           │   ├── mpeg_er.h
│           │   ├── mpeg_er.o
│           │   ├── mpegaudio.c
│           │   ├── mpegaudio.d
│           │   ├── mpegaudio.h
│           │   ├── mpegaudio.o
│           │   ├── mpegaudio_parser.c
│           │   ├── mpegaudio_parser.d
│           │   ├── mpegaudio_parser.o
│           │   ├── mpegaudio_tablegen.c
│           │   ├── mpegaudio_tablegen.h
│           │   ├── mpegaudiodata.c
│           │   ├── mpegaudiodata.d
│           │   ├── mpegaudiodata.h
│           │   ├── mpegaudiodata.o
│           │   ├── mpegaudiodec_common.c
│           │   ├── mpegaudiodec_common.d
│           │   ├── mpegaudiodec_common.o
│           │   ├── mpegaudiodec_common_tablegen.c
│           │   ├── mpegaudiodec_common_tablegen.h
│           │   ├── mpegaudiodec_fixed.c
│           │   ├── mpegaudiodec_fixed.d
│           │   ├── mpegaudiodec_fixed.o
│           │   ├── mpegaudiodec_float.c
│           │   ├── mpegaudiodec_float.d
│           │   ├── mpegaudiodec_float.o
│           │   ├── mpegaudiodec_template.c
│           │   ├── mpegaudiodecheader.c
│           │   ├── mpegaudiodecheader.d
│           │   ├── mpegaudiodecheader.h
│           │   ├── mpegaudiodecheader.o
│           │   ├── mpegaudiodsp.c
│           │   ├── mpegaudiodsp.d
│           │   ├── mpegaudiodsp.h
│           │   ├── mpegaudiodsp.o
│           │   ├── mpegaudiodsp_data.c
│           │   ├── mpegaudiodsp_data.d
│           │   ├── mpegaudiodsp_data.o
│           │   ├── mpegaudiodsp_fixed.c
│           │   ├── mpegaudiodsp_fixed.d
│           │   ├── mpegaudiodsp_fixed.o
│           │   ├── mpegaudiodsp_float.c
│           │   ├── mpegaudiodsp_float.d
│           │   ├── mpegaudiodsp_float.o
│           │   ├── mpegaudiodsp_template.c
│           │   ├── mpegaudioenc.c
│           │   ├── mpegaudioenc.d
│           │   ├── mpegaudioenc.o
│           │   ├── mpegaudiotab.h
│           │   ├── mpegaudiotabs.c
│           │   ├── mpegaudiotabs.d
│           │   ├── mpegaudiotabs.h
│           │   ├── mpegaudiotabs.o
│           │   ├── mpegpicture.c
│           │   ├── mpegpicture.d
│           │   ├── mpegpicture.h
│           │   ├── mpegpicture.o
│           │   ├── mpegutils.c
│           │   ├── mpegutils.d
│           │   ├── mpegutils.h
│           │   ├── mpegutils.o
│           │   ├── mpegvideo.c
│           │   ├── mpegvideo.d
│           │   ├── mpegvideo.h
│           │   ├── mpegvideo.o
│           │   ├── mpegvideo_dec.c
│           │   ├── mpegvideo_dec.d
│           │   ├── mpegvideo_dec.o
│           │   ├── mpegvideo_enc.c
│           │   ├── mpegvideo_enc.d
│           │   ├── mpegvideo_enc.o
│           │   ├── mpegvideo_motion.c
│           │   ├── mpegvideo_motion.d
│           │   ├── mpegvideo_motion.o
│           │   ├── mpegvideo_parser.c
│           │   ├── mpegvideo_parser.d
│           │   ├── mpegvideo_parser.o
│           │   ├── mpegvideo_unquantize.c
│           │   ├── mpegvideo_unquantize.d
│           │   ├── mpegvideo_unquantize.h
│           │   ├── mpegvideo_unquantize.o
│           │   ├── mpegvideodata.c
│           │   ├── mpegvideodata.d
│           │   ├── mpegvideodata.h
│           │   ├── mpegvideodata.o
│           │   ├── mpegvideodec.h
│           │   ├── mpegvideoenc.h
│           │   ├── mpegvideoencdsp.c
│           │   ├── mpegvideoencdsp.d
│           │   ├── mpegvideoencdsp.h
│           │   ├── mpegvideoencdsp.o
│           │   ├── mpl2dec.c
│           │   ├── mpl2dec.d
│           │   ├── mpl2dec.o
│           │   ├── mqc.c
│           │   ├── mqc.d
│           │   ├── mqc.h
│           │   ├── mqc.o
│           │   ├── mqcdec.c
│           │   ├── mqcdec.d
│           │   ├── mqcdec.o
│           │   ├── mqcenc.c
│           │   ├── mqcenc.d
│           │   ├── mqcenc.o
│           │   ├── mscc.c
│           │   ├── mscc.d
│           │   ├── mscc.o
│           │   ├── msgsmdec.c
│           │   ├── msgsmdec.d
│           │   ├── msgsmdec.h
│           │   ├── msgsmdec.o
│           │   ├── msmpeg4.c
│           │   ├── msmpeg4.d
│           │   ├── msmpeg4.h
│           │   ├── msmpeg4.o
│           │   ├── msmpeg4_vc1_data.c
│           │   ├── msmpeg4_vc1_data.d
│           │   ├── msmpeg4_vc1_data.h
│           │   ├── msmpeg4_vc1_data.o
│           │   ├── msmpeg4data.c
│           │   ├── msmpeg4data.d
│           │   ├── msmpeg4data.h
│           │   ├── msmpeg4data.o
│           │   ├── msmpeg4dec.c
│           │   ├── msmpeg4dec.d
│           │   ├── msmpeg4dec.h
│           │   ├── msmpeg4dec.o
│           │   ├── msmpeg4enc.c
│           │   ├── msmpeg4enc.d
│           │   ├── msmpeg4enc.h
│           │   ├── msmpeg4enc.o
│           │   ├── msp2dec.c
│           │   ├── msp2dec.d
│           │   ├── msp2dec.o
│           │   ├── msrle.c
│           │   ├── msrle.d
│           │   ├── msrle.o
│           │   ├── msrledec.c
│           │   ├── msrledec.d
│           │   ├── msrledec.h
│           │   ├── msrledec.o
│           │   ├── msrleenc.c
│           │   ├── msrleenc.d
│           │   ├── msrleenc.o
│           │   ├── mss1.c
│           │   ├── mss1.d
│           │   ├── mss1.o
│           │   ├── mss12.c
│           │   ├── mss12.d
│           │   ├── mss12.h
│           │   ├── mss12.o
│           │   ├── mss2.c
│           │   ├── mss2.d
│           │   ├── mss2.o
│           │   ├── mss2dsp.c
│           │   ├── mss2dsp.d
│           │   ├── mss2dsp.h
│           │   ├── mss2dsp.o
│           │   ├── mss3.c
│           │   ├── mss3.d
│           │   ├── mss3.o
│           │   ├── mss34dsp.c
│           │   ├── mss34dsp.d
│           │   ├── mss34dsp.h
│           │   ├── mss34dsp.o
│           │   ├── mss4.c
│           │   ├── mss4.d
│           │   ├── mss4.o
│           │   ├── msvideo1.c
│           │   ├── msvideo1.d
│           │   ├── msvideo1.o
│           │   ├── msvideo1enc.c
│           │   ├── msvideo1enc.d
│           │   ├── msvideo1enc.o
│           │   ├── mv30.c
│           │   ├── mv30.d
│           │   ├── mv30.o
│           │   ├── mvcdec.c
│           │   ├── mvcdec.d
│           │   ├── mvcdec.o
│           │   ├── mvha.c
│           │   ├── mvha.d
│           │   ├── mvha.o
│           │   ├── mwsc.c
│           │   ├── mwsc.d
│           │   ├── mwsc.o
│           │   ├── mxpegdec.c
│           │   ├── mxpegdec.d
│           │   ├── mxpegdec.o
│           │   ├── nellymoser.c
│           │   ├── nellymoser.d
│           │   ├── nellymoser.h
│           │   ├── nellymoser.o
│           │   ├── nellymoserdec.c
│           │   ├── nellymoserdec.d
│           │   ├── nellymoserdec.o
│           │   ├── nellymoserenc.c
│           │   ├── nellymoserenc.d
│           │   ├── nellymoserenc.o
│           │   ├── neon
│           │   │   ├── Makefile
│           │   │   ├── mpegvideo.c
│           │   │   ├── mpegvideo.d
│           │   │   └── mpegvideo.o
│           │   ├── notchlc.c
│           │   ├── notchlc.d
│           │   ├── notchlc.o
│           │   ├── null.c
│           │   ├── null.d
│           │   ├── null.o
│           │   ├── nuv.c
│           │   ├── nuv.d
│           │   ├── nuv.o
│           │   ├── nvdec.c
│           │   ├── nvdec.h
│           │   ├── nvdec_av1.c
│           │   ├── nvdec_h264.c
│           │   ├── nvdec_hevc.c
│           │   ├── nvdec_mjpeg.c
│           │   ├── nvdec_mpeg12.c
│           │   ├── nvdec_mpeg4.c
│           │   ├── nvdec_vc1.c
│           │   ├── nvdec_vp8.c
│           │   ├── nvdec_vp9.c
│           │   ├── nvenc.c
│           │   ├── nvenc.h
│           │   ├── nvenc_av1.c
│           │   ├── nvenc_h264.c
│           │   ├── nvenc_hevc.c
│           │   ├── ohcodec.c
│           │   ├── ohcodec.h
│           │   ├── ohdec.c
│           │   ├── ohenc.c
│           │   ├── omx.c
│           │   ├── on2avc.c
│           │   ├── on2avc.d
│           │   ├── on2avc.o
│           │   ├── on2avcdata.c
│           │   ├── on2avcdata.d
│           │   ├── on2avcdata.h
│           │   ├── on2avcdata.o
│           │   ├── options.c
│           │   ├── options.d
│           │   ├── options.o
│           │   ├── options_table.h
│           │   ├── opus
│           │   │   ├── Makefile
│           │   │   ├── celt.c
│           │   │   ├── celt.d
│           │   │   ├── celt.h
│           │   │   ├── celt.o
│           │   │   ├── dec.c
│           │   │   ├── dec.d
│           │   │   ├── dec.o
│           │   │   ├── dec_celt.c
│           │   │   ├── dec_celt.d
│           │   │   ├── dec_celt.o
│           │   │   ├── dsp.c
│           │   │   ├── dsp.d
│           │   │   ├── dsp.h
│           │   │   ├── dsp.o
│           │   │   ├── enc.c
│           │   │   ├── enc.d
│           │   │   ├── enc.h
│           │   │   ├── enc.o
│           │   │   ├── enc_psy.c
│           │   │   ├── enc_psy.d
│           │   │   ├── enc_psy.h
│           │   │   ├── enc_psy.o
│           │   │   ├── enc_utils.h
│           │   │   ├── frame_duration_tab.c
│           │   │   ├── frame_duration_tab.d
│           │   │   ├── frame_duration_tab.o
│           │   │   ├── opus.h
│           │   │   ├── parse.c
│           │   │   ├── parse.d
│           │   │   ├── parse.h
│           │   │   ├── parse.o
│           │   │   ├── parser.c
│           │   │   ├── parser.d
│           │   │   ├── parser.o
│           │   │   ├── pvq.c
│           │   │   ├── pvq.d
│           │   │   ├── pvq.h
│           │   │   ├── pvq.o
│           │   │   ├── rc.c
│           │   │   ├── rc.d
│           │   │   ├── rc.h
│           │   │   ├── rc.o
│           │   │   ├── silk.c
│           │   │   ├── silk.d
│           │   │   ├── silk.h
│           │   │   ├── silk.o
│           │   │   ├── tab.c
│           │   │   ├── tab.d
│           │   │   ├── tab.h
│           │   │   └── tab.o
│           │   ├── osq.c
│           │   ├── osq.d
│           │   ├── osq.o
│           │   ├── packet.c
│           │   ├── packet.d
│           │   ├── packet.h
│           │   ├── packet.o
│           │   ├── packet_internal.h
│           │   ├── paf.h
│           │   ├── pafaudio.c
│           │   ├── pafaudio.d
│           │   ├── pafaudio.o
│           │   ├── pafvideo.c
│           │   ├── pafvideo.d
│           │   ├── pafvideo.o
│           │   ├── pamenc.c
│           │   ├── pamenc.d
│           │   ├── pamenc.o
│           │   ├── parser.c
│           │   ├── parser.d
│           │   ├── parser.h
│           │   ├── parser.o
│           │   ├── parser_internal.h
│           │   ├── parser_list.c
│           │   ├── parsers.c
│           │   ├── parsers.d
│           │   ├── parsers.o
│           │   ├── pcm-bluray.c
│           │   ├── pcm-bluray.d
│           │   ├── pcm-bluray.o
│           │   ├── pcm-blurayenc.c
│           │   ├── pcm-blurayenc.d
│           │   ├── pcm-blurayenc.o
│           │   ├── pcm-dvd.c
│           │   ├── pcm-dvd.d
│           │   ├── pcm-dvd.o
│           │   ├── pcm-dvdenc.c
│           │   ├── pcm-dvdenc.d
│           │   ├── pcm-dvdenc.o
│           │   ├── pcm.c
│           │   ├── pcm.d
│           │   ├── pcm.o
│           │   ├── pcm_tablegen.c
│           │   ├── pcm_tablegen.h
│           │   ├── pcx.c
│           │   ├── pcx.d
│           │   ├── pcx.o
│           │   ├── pcxenc.c
│           │   ├── pcxenc.d
│           │   ├── pcxenc.o
│           │   ├── pdvdec.c
│           │   ├── pdvdec.d
│           │   ├── pdvdec.o
│           │   ├── pel_template.c
│           │   ├── pgssubdec.c
│           │   ├── pgssubdec.d
│           │   ├── pgssubdec.o
│           │   ├── pgxdec.c
│           │   ├── pgxdec.d
│           │   ├── pgxdec.o
│           │   ├── photocd.c
│           │   ├── photocd.d
│           │   ├── photocd.o
│           │   ├── pictordec.c
│           │   ├── pictordec.d
│           │   ├── pictordec.o
│           │   ├── pixblockdsp.c
│           │   ├── pixblockdsp.d
│           │   ├── pixblockdsp.h
│           │   ├── pixblockdsp.o
│           │   ├── pixels.h
│           │   ├── pixlet.c
│           │   ├── pixlet.d
│           │   ├── pixlet.o
│           │   ├── png.c
│           │   ├── png.d
│           │   ├── png.h
│           │   ├── png.o
│           │   ├── png_parser.c
│           │   ├── png_parser.d
│           │   ├── png_parser.o
│           │   ├── pngdec.c
│           │   ├── pngdec.d
│           │   ├── pngdec.o
│           │   ├── pngdsp.c
│           │   ├── pngdsp.d
│           │   ├── pngdsp.h
│           │   ├── pngdsp.o
│           │   ├── pngenc.c
│           │   ├── pngenc.d
│           │   ├── pngenc.o
│           │   ├── pnm.c
│           │   ├── pnm.d
│           │   ├── pnm.h
│           │   ├── pnm.o
│           │   ├── pnm_parser.c
│           │   ├── pnm_parser.d
│           │   ├── pnm_parser.o
│           │   ├── pnmdec.c
│           │   ├── pnmdec.d
│           │   ├── pnmdec.o
│           │   ├── pnmenc.c
│           │   ├── pnmenc.d
│           │   ├── pnmenc.o
│           │   ├── ppc
│           │   │   ├── Makefile
│           │   │   ├── asm.S
│           │   │   ├── audiodsp.c
│           │   │   ├── blockdsp.c
│           │   │   ├── fdct.h
│           │   │   ├── fdctdsp.c
│           │   │   ├── fmtconvert_altivec.c
│           │   │   ├── h264chroma_init.c
│           │   │   ├── h264chroma_template.c
│           │   │   ├── h264dsp.c
│           │   │   ├── h264qpel.c
│           │   │   ├── h264qpel_template.c
│           │   │   ├── hevcdsp.c
│           │   │   ├── hevcdsp_template.c
│           │   │   ├── hpeldsp_altivec.c
│           │   │   ├── hpeldsp_altivec.h
│           │   │   ├── idctdsp.c
│           │   │   ├── lossless_videodsp_altivec.c
│           │   │   ├── mathops.h
│           │   │   ├── me_cmp.c
│           │   │   ├── mpeg4videodsp.c
│           │   │   ├── mpegaudiodsp_altivec.c
│           │   │   ├── mpegvideo_altivec.c
│           │   │   ├── mpegvideoencdsp.c
│           │   │   ├── pixblockdsp.c
│           │   │   ├── svq1enc_altivec.c
│           │   │   ├── vc1dsp_altivec.c
│           │   │   ├── videodsp.c
│           │   │   ├── vorbisdsp_altivec.c
│           │   │   ├── vp3dsp_altivec.c
│           │   │   └── vp8dsp_altivec.c
│           │   ├── profiles.c
│           │   ├── profiles.d
│           │   ├── profiles.h
│           │   ├── profiles.o
│           │   ├── progressframe.h
│           │   ├── prores_parser.c
│           │   ├── prores_parser.d
│           │   ├── prores_parser.o
│           │   ├── prores_raw.c
│           │   ├── prores_raw.d
│           │   ├── prores_raw.h
│           │   ├── prores_raw.o
│           │   ├── prores_raw_parser.c
│           │   ├── prores_raw_parser.d
│           │   ├── prores_raw_parser.o
│           │   ├── proresdata.c
│           │   ├── proresdata.d
│           │   ├── proresdata.h
│           │   ├── proresdata.o
│           │   ├── proresdec.c
│           │   ├── proresdec.d
│           │   ├── proresdec.h
│           │   ├── proresdec.o
│           │   ├── proresdsp.c
│           │   ├── proresdsp.d
│           │   ├── proresdsp.h
│           │   ├── proresdsp.o
│           │   ├── proresenc_anatoliy.c
│           │   ├── proresenc_anatoliy.d
│           │   ├── proresenc_anatoliy.o
│           │   ├── proresenc_kostya.c
│           │   ├── proresenc_kostya.d
│           │   ├── proresenc_kostya.o
│           │   ├── proresenc_kostya_common.c
│           │   ├── proresenc_kostya_common.d
│           │   ├── proresenc_kostya_common.h
│           │   ├── proresenc_kostya_common.o
│           │   ├── proresenc_kostya_vulkan.c
│           │   ├── prosumer.c
│           │   ├── prosumer.d
│           │   ├── prosumer.o
│           │   ├── psd.c
│           │   ├── psd.d
│           │   ├── psd.o
│           │   ├── psymodel.c
│           │   ├── psymodel.d
│           │   ├── psymodel.h
│           │   ├── psymodel.o
│           │   ├── pthread.c
│           │   ├── pthread.d
│           │   ├── pthread.o
│           │   ├── pthread_frame.c
│           │   ├── pthread_frame.d
│           │   ├── pthread_frame.o
│           │   ├── pthread_internal.h
│           │   ├── pthread_slice.c
│           │   ├── pthread_slice.d
│           │   ├── pthread_slice.o
│           │   ├── ptx.c
│           │   ├── ptx.d
│           │   ├── ptx.o
│           │   ├── put_bits.h
│           │   ├── put_golomb.h
│           │   ├── qcelpdata.h
│           │   ├── qcelpdec.c
│           │   ├── qcelpdec.d
│           │   ├── qcelpdec.o
│           │   ├── qdm2.c
│           │   ├── qdm2.d
│           │   ├── qdm2.o
│           │   ├── qdm2_tablegen.c
│           │   ├── qdm2_tablegen.h
│           │   ├── qdm2data.h
│           │   ├── qdmc.c
│           │   ├── qdmc.d
│           │   ├── qdmc.o
│           │   ├── qdrw.c
│           │   ├── qdrw.d
│           │   ├── qdrw.o
│           │   ├── qoadec.c
│           │   ├── qoadec.d
│           │   ├── qoadec.o
│           │   ├── qoi.h
│           │   ├── qoi_parser.c
│           │   ├── qoi_parser.d
│           │   ├── qoi_parser.o
│           │   ├── qoidec.c
│           │   ├── qoidec.d
│           │   ├── qoidec.o
│           │   ├── qoienc.c
│           │   ├── qoienc.d
│           │   ├── qoienc.o
│           │   ├── qpeg.c
│           │   ├── qpeg.d
│           │   ├── qpeg.o
│           │   ├── qpel_template.c
│           │   ├── qpeldsp.c
│           │   ├── qpeldsp.d
│           │   ├── qpeldsp.h
│           │   ├── qpeldsp.o
│           │   ├── qsv.c
│           │   ├── qsv.h
│           │   ├── qsv_api.c
│           │   ├── qsv_api.d
│           │   ├── qsv_api.o
│           │   ├── qsv_internal.h
│           │   ├── qsvdec.c
│           │   ├── qsvenc.c
│           │   ├── qsvenc.h
│           │   ├── qsvenc_av1.c
│           │   ├── qsvenc_h264.c
│           │   ├── qsvenc_hevc.c
│           │   ├── qsvenc_jpeg.c
│           │   ├── qsvenc_mpeg2.c
│           │   ├── qsvenc_vp9.c
│           │   ├── qtrle.c
│           │   ├── qtrle.d
│           │   ├── qtrle.o
│           │   ├── qtrleenc.c
│           │   ├── qtrleenc.d
│           │   ├── qtrleenc.o
│           │   ├── r210dec.c
│           │   ├── r210dec.d
│           │   ├── r210dec.o
│           │   ├── r210enc.c
│           │   ├── r210enc.d
│           │   ├── r210enc.o
│           │   ├── ra144.c
│           │   ├── ra144.d
│           │   ├── ra144.h
│           │   ├── ra144.o
│           │   ├── ra144dec.c
│           │   ├── ra144dec.d
│           │   ├── ra144dec.o
│           │   ├── ra144enc.c
│           │   ├── ra144enc.d
│           │   ├── ra144enc.o
│           │   ├── ra288.c
│           │   ├── ra288.d
│           │   ├── ra288.h
│           │   ├── ra288.o
│           │   ├── ralf.c
│           │   ├── ralf.d
│           │   ├── ralf.o
│           │   ├── ralfdata.h
│           │   ├── rangecoder.c
│           │   ├── rangecoder.d
│           │   ├── rangecoder.h
│           │   ├── rangecoder.o
│           │   ├── rasc.c
│           │   ├── rasc.d
│           │   ├── rasc.o
│           │   ├── ratecontrol.c
│           │   ├── ratecontrol.d
│           │   ├── ratecontrol.h
│           │   ├── ratecontrol.o
│           │   ├── raw.c
│           │   ├── raw.d
│           │   ├── raw.h
│           │   ├── raw.o
│           │   ├── raw_pix_fmt_tags.h
│           │   ├── rawdec.c
│           │   ├── rawdec.d
│           │   ├── rawdec.o
│           │   ├── rawenc.c
│           │   ├── rawenc.d
│           │   ├── rawenc.o
│           │   ├── realtextdec.c
│           │   ├── realtextdec.d
│           │   ├── realtextdec.o
│           │   ├── rectangle.h
│           │   ├── reverse.c
│           │   ├── reverse.d
│           │   ├── reverse.o
│           │   ├── riscv
│           │   │   ├── Makefile
│           │   │   ├── aacencdsp_init.c
│           │   │   ├── aacencdsp_rvv.S
│           │   │   ├── aacpsdsp_init.c
│           │   │   ├── aacpsdsp_rvv.S
│           │   │   ├── ac3dsp_init.c
│           │   │   ├── ac3dsp_rvb.S
│           │   │   ├── ac3dsp_rvv.S
│           │   │   ├── ac3dsp_rvvb.S
│           │   │   ├── alacdsp_init.c
│           │   │   ├── alacdsp_rvv.S
│           │   │   ├── audiodsp_init.c
│           │   │   ├── audiodsp_rvv.S
│           │   │   ├── blockdsp_init.c
│           │   │   ├── blockdsp_rvv.S
│           │   │   ├── bswapdsp_init.c
│           │   │   ├── bswapdsp_rvb.S
│           │   │   ├── bswapdsp_rvv.S
│           │   │   ├── bswapdsp_rvvb.S
│           │   │   ├── cpu_common.c
│           │   │   ├── exrdsp_init.c
│           │   │   ├── exrdsp_rvv.S
│           │   │   ├── fixed_vtype.S
│           │   │   ├── flacdsp_init.c
│           │   │   ├── flacdsp_rvv.S
│           │   │   ├── fmtconvert_init.c
│           │   │   ├── fmtconvert_rvv.S
│           │   │   ├── g722dsp_init.c
│           │   │   ├── g722dsp_rvv.S
│           │   │   ├── h263dsp_init.c
│           │   │   ├── h263dsp_rvv.S
│           │   │   ├── h264_chroma_init_riscv.c
│           │   │   ├── h264_mc_chroma.S
│           │   │   ├── h264addpx_rvv.S
│           │   │   ├── h264dsp_init.c
│           │   │   ├── h264dsp_rvv.S
│           │   │   ├── h264idct_dequant_rvv.S
│           │   │   ├── h264idct_rvv.S
│           │   │   ├── h264qpel_init.c
│           │   │   ├── h264qpel_rvv.S
│           │   │   ├── h26x
│           │   │   │   ├── asm.S
│           │   │   │   ├── h2656_inter_rvv.S
│           │   │   │   └── h2656dsp.h
│           │   │   ├── hevcdsp_init.c
│           │   │   ├── huffyuvdsp_init.c
│           │   │   ├── huffyuvdsp_rvv.S
│           │   │   ├── idctdsp_init.c
│           │   │   ├── idctdsp_rvv.S
│           │   │   ├── jpeg2000dsp_init.c
│           │   │   ├── jpeg2000dsp_rvv.S
│           │   │   ├── llauddsp_init.c
│           │   │   ├── llauddsp_rvv.S
│           │   │   ├── llviddsp_init.c
│           │   │   ├── llviddsp_rvv.S
│           │   │   ├── llvidencdsp_init.c
│           │   │   ├── llvidencdsp_rvb.S
│           │   │   ├── llvidencdsp_rvv.S
│           │   │   ├── lpc_init.c
│           │   │   ├── lpc_rvv.S
│           │   │   ├── mathops.h
│           │   │   ├── me_cmp_init.c
│           │   │   ├── me_cmp_rvv.S
│           │   │   ├── mpegvideo_init.c
│           │   │   ├── mpegvideo_rvv.S
│           │   │   ├── mpegvideoencdsp_init.c
│           │   │   ├── mpegvideoencdsp_rvv.S
│           │   │   ├── opusdsp_init.c
│           │   │   ├── opusdsp_rvv.S
│           │   │   ├── pixblockdsp_init.c
│           │   │   ├── pixblockdsp_rvi.S
│           │   │   ├── pixblockdsp_rvv.S
│           │   │   ├── rv34dsp_init.c
│           │   │   ├── rv34dsp_rvv.S
│           │   │   ├── rv40dsp_init.c
│           │   │   ├── rv40dsp_rvv.S
│           │   │   ├── sbrdsp_init.c
│           │   │   ├── sbrdsp_rvv.S
│           │   │   ├── startcode_rvb.S
│           │   │   ├── startcode_rvv.S
│           │   │   ├── svqenc_init.c
│           │   │   ├── svqenc_rvv.S
│           │   │   ├── takdsp_init.c
│           │   │   ├── takdsp_rvv.S
│           │   │   ├── utvideodsp_init.c
│           │   │   ├── utvideodsp_rvv.S
│           │   │   ├── vc1dsp_init.c
│           │   │   ├── vc1dsp_rvi.S
│           │   │   ├── vc1dsp_rvv.S
│           │   │   ├── videodsp.S
│           │   │   ├── videodsp_init.c
│           │   │   ├── vorbisdsp_init.c
│           │   │   ├── vorbisdsp_rvv.S
│           │   │   ├── vp7dsp_init.c
│           │   │   ├── vp7dsp_rvv.S
│           │   │   ├── vp8dsp.h
│           │   │   ├── vp8dsp_init.c
│           │   │   ├── vp8dsp_rvi.S
│           │   │   ├── vp8dsp_rvv.S
│           │   │   ├── vp9_intra_rvv.S
│           │   │   ├── vp9_mc_rvi.S
│           │   │   ├── vp9_mc_rvv.S
│           │   │   ├── vp9dsp.h
│           │   │   ├── vp9dsp_init.c
│           │   │   └── vvc
│           │   │       ├── Makefile
│           │   │       ├── dsp_init.c
│           │   │       ├── mc_rvv.S
│           │   │       └── sad_rvv.S
│           │   ├── rka.c
│           │   ├── rka.d
│           │   ├── rka.o
│           │   ├── rkmppdec.c
│           │   ├── rkmppenc.c
│           │   ├── rl.c
│           │   ├── rl.d
│           │   ├── rl.h
│           │   ├── rl.o
│           │   ├── rl2.c
│           │   ├── rl2.d
│           │   ├── rl2.o
│           │   ├── rle.c
│           │   ├── rle.d
│           │   ├── rle.h
│           │   ├── rle.o
│           │   ├── rnd_avg.h
│           │   ├── roqaudioenc.c
│           │   ├── roqaudioenc.d
│           │   ├── roqaudioenc.o
│           │   ├── roqvideo.c
│           │   ├── roqvideo.d
│           │   ├── roqvideo.h
│           │   ├── roqvideo.o
│           │   ├── roqvideodec.c
│           │   ├── roqvideodec.d
│           │   ├── roqvideodec.o
│           │   ├── roqvideoenc.c
│           │   ├── roqvideoenc.d
│           │   ├── roqvideoenc.o
│           │   ├── rpza.c
│           │   ├── rpza.d
│           │   ├── rpza.o
│           │   ├── rpzaenc.c
│           │   ├── rpzaenc.d
│           │   ├── rpzaenc.o
│           │   ├── rscc.c
│           │   ├── rscc.d
│           │   ├── rscc.o
│           │   ├── rtjpeg.c
│           │   ├── rtjpeg.d
│           │   ├── rtjpeg.h
│           │   ├── rtjpeg.o
│           │   ├── rtv1.c
│           │   ├── rtv1.d
│           │   ├── rtv1.o
│           │   ├── rv10.c
│           │   ├── rv10.d
│           │   ├── rv10.o
│           │   ├── rv10dec.h
│           │   ├── rv10enc.c
│           │   ├── rv10enc.d
│           │   ├── rv10enc.o
│           │   ├── rv20enc.c
│           │   ├── rv20enc.d
│           │   ├── rv20enc.h
│           │   ├── rv20enc.o
│           │   ├── rv30.c
│           │   ├── rv30.d
│           │   ├── rv30.o
│           │   ├── rv30data.h
│           │   ├── rv30dsp.c
│           │   ├── rv30dsp.d
│           │   ├── rv30dsp.o
│           │   ├── rv34.c
│           │   ├── rv34.d
│           │   ├── rv34.h
│           │   ├── rv34.o
│           │   ├── rv34_parser.c
│           │   ├── rv34_parser.d
│           │   ├── rv34_parser.o
│           │   ├── rv34data.h
│           │   ├── rv34dsp.c
│           │   ├── rv34dsp.d
│           │   ├── rv34dsp.h
│           │   ├── rv34dsp.o
│           │   ├── rv34vlc.h
│           │   ├── rv40.c
│           │   ├── rv40.d
│           │   ├── rv40.o
│           │   ├── rv40data.h
│           │   ├── rv40dsp.c
│           │   ├── rv40dsp.d
│           │   ├── rv40dsp.o
│           │   ├── rv40vlc2.h
│           │   ├── rv60data.h
│           │   ├── rv60dec.c
│           │   ├── rv60dec.d
│           │   ├── rv60dec.o
│           │   ├── rv60dsp.c
│           │   ├── rv60dsp.d
│           │   ├── rv60dsp.h
│           │   ├── rv60dsp.o
│           │   ├── rv60vlcs.h
│           │   ├── s302m.c
│           │   ├── s302m.d
│           │   ├── s302m.o
│           │   ├── s302menc.c
│           │   ├── s302menc.d
│           │   ├── s302menc.o
│           │   ├── samidec.c
│           │   ├── samidec.d
│           │   ├── samidec.o
│           │   ├── sanm.c
│           │   ├── sanm.d
│           │   ├── sanm.o
│           │   ├── sbc.c
│           │   ├── sbc.d
│           │   ├── sbc.h
│           │   ├── sbc.o
│           │   ├── sbc_parser.c
│           │   ├── sbc_parser.d
│           │   ├── sbc_parser.o
│           │   ├── sbcdec.c
│           │   ├── sbcdec.d
│           │   ├── sbcdec.o
│           │   ├── sbcdec_data.h
│           │   ├── sbcdsp.c
│           │   ├── sbcdsp.d
│           │   ├── sbcdsp.h
│           │   ├── sbcdsp.o
│           │   ├── sbcdsp_data.h
│           │   ├── sbcenc.c
│           │   ├── sbcenc.d
│           │   ├── sbcenc.o
│           │   ├── sbr.h
│           │   ├── sbrdsp.c
│           │   ├── sbrdsp.d
│           │   ├── sbrdsp.h
│           │   ├── sbrdsp.o
│           │   ├── sbrdsp_fixed.c
│           │   ├── sbrdsp_fixed.d
│           │   ├── sbrdsp_fixed.o
│           │   ├── sbrdsp_template.c
│           │   ├── scpr.c
│           │   ├── scpr.d
│           │   ├── scpr.h
│           │   ├── scpr.o
│           │   ├── scpr3.c
│           │   ├── scpr3.h
│           │   ├── screenpresso.c
│           │   ├── screenpresso.d
│           │   ├── screenpresso.o
│           │   ├── sei.h
│           │   ├── sga.c
│           │   ├── sga.d
│           │   ├── sga.o
│           │   ├── sgi.h
│           │   ├── sgidec.c
│           │   ├── sgidec.d
│           │   ├── sgidec.o
│           │   ├── sgienc.c
│           │   ├── sgienc.d
│           │   ├── sgienc.o
│           │   ├── sgirledec.c
│           │   ├── sgirledec.d
│           │   ├── sgirledec.o
│           │   ├── sheervideo.c
│           │   ├── sheervideo.d
│           │   ├── sheervideo.o
│           │   ├── sheervideodata.h
│           │   ├── shorten.c
│           │   ├── shorten.d
│           │   ├── shorten.o
│           │   ├── simple_idct.c
│           │   ├── simple_idct.d
│           │   ├── simple_idct.h
│           │   ├── simple_idct.o
│           │   ├── simple_idct_template.c
│           │   ├── sinewin.c
│           │   ├── sinewin.d
│           │   ├── sinewin.h
│           │   ├── sinewin.o
│           │   ├── sinewin_fixed_tablegen.c
│           │   ├── sinewin_fixed_tablegen.h
│           │   ├── sinewin_tablegen.c
│           │   ├── sinewin_tablegen.h
│           │   ├── sipr.c
│           │   ├── sipr.d
│           │   ├── sipr.h
│           │   ├── sipr.o
│           │   ├── sipr16k.c
│           │   ├── sipr16k.d
│           │   ├── sipr16k.o
│           │   ├── sipr16kdata.h
│           │   ├── sipr_parser.c
│           │   ├── sipr_parser.d
│           │   ├── sipr_parser.o
│           │   ├── siprdata.h
│           │   ├── siren.c
│           │   ├── siren.d
│           │   ├── siren.o
│           │   ├── smacker.c
│           │   ├── smacker.d
│           │   ├── smacker.o
│           │   ├── smc.c
│           │   ├── smc.d
│           │   ├── smc.o
│           │   ├── smcenc.c
│           │   ├── smcenc.d
│           │   ├── smcenc.o
│           │   ├── smpte_436m.c
│           │   ├── smpte_436m.d
│           │   ├── smpte_436m.h
│           │   ├── smpte_436m.o
│           │   ├── smpte_436m_internal.h
│           │   ├── snappy.c
│           │   ├── snappy.d
│           │   ├── snappy.h
│           │   ├── snappy.o
│           │   ├── snow.c
│           │   ├── snow.d
│           │   ├── snow.h
│           │   ├── snow.o
│           │   ├── snow_dwt.c
│           │   ├── snow_dwt.d
│           │   ├── snow_dwt.h
│           │   ├── snow_dwt.o
│           │   ├── snowdata.h
│           │   ├── snowdec.c
│           │   ├── snowdec.d
│           │   ├── snowdec.o
│           │   ├── snowenc.c
│           │   ├── snowenc.d
│           │   ├── snowenc.o
│           │   ├── sonic.c
│           │   ├── sonic.d
│           │   ├── sonic.o
│           │   ├── sp5x.h
│           │   ├── sp5xdec.c
│           │   ├── sp5xdec.d
│           │   ├── sp5xdec.o
│           │   ├── speedhq.c
│           │   ├── speedhq.d
│           │   ├── speedhq.h
│           │   ├── speedhq.o
│           │   ├── speedhqdec.c
│           │   ├── speedhqdec.d
│           │   ├── speedhqdec.o
│           │   ├── speedhqenc.c
│           │   ├── speedhqenc.d
│           │   ├── speedhqenc.h
│           │   ├── speedhqenc.o
│           │   ├── speexdata.h
│           │   ├── speexdec.c
│           │   ├── speexdec.d
│           │   ├── speexdec.o
│           │   ├── srtdec.c
│           │   ├── srtdec.d
│           │   ├── srtdec.o
│           │   ├── srtenc.c
│           │   ├── srtenc.d
│           │   ├── srtenc.o
│           │   ├── startcode.c
│           │   ├── startcode.d
│           │   ├── startcode.h
│           │   ├── startcode.o
│           │   ├── subviewerdec.c
│           │   ├── subviewerdec.d
│           │   ├── subviewerdec.o
│           │   ├── sunrast.c
│           │   ├── sunrast.d
│           │   ├── sunrast.h
│           │   ├── sunrast.o
│           │   ├── sunrastenc.c
│           │   ├── sunrastenc.d
│           │   ├── sunrastenc.o
│           │   ├── svq1.c
│           │   ├── svq1.d
│           │   ├── svq1.h
│           │   ├── svq1.o
│           │   ├── svq1_cb.h
│           │   ├── svq1_vlc.h
│           │   ├── svq1dec.c
│           │   ├── svq1dec.d
│           │   ├── svq1dec.o
│           │   ├── svq1enc.c
│           │   ├── svq1enc.d
│           │   ├── svq1enc.o
│           │   ├── svq1enc_cb.h
│           │   ├── svq1encdsp.h
│           │   ├── svq3.c
│           │   ├── svq3.d
│           │   ├── svq3.o
│           │   ├── synth_filter.c
│           │   ├── synth_filter.d
│           │   ├── synth_filter.h
│           │   ├── synth_filter.o
│           │   ├── tableprint.h
│           │   ├── tableprint_vlc.h
│           │   ├── tak.c
│           │   ├── tak.d
│           │   ├── tak.h
│           │   ├── tak.o
│           │   ├── tak_parser.c
│           │   ├── tak_parser.d
│           │   ├── tak_parser.o
│           │   ├── takdec.c
│           │   ├── takdec.d
│           │   ├── takdec.o
│           │   ├── takdsp.c
│           │   ├── takdsp.d
│           │   ├── takdsp.h
│           │   ├── takdsp.o
│           │   ├── targa.c
│           │   ├── targa.d
│           │   ├── targa.h
│           │   ├── targa.o
│           │   ├── targa_y216dec.c
│           │   ├── targa_y216dec.d
│           │   ├── targa_y216dec.o
│           │   ├── targaenc.c
│           │   ├── targaenc.d
│           │   ├── targaenc.o
│           │   ├── tdsc.c
│           │   ├── tdsc.d
│           │   ├── tdsc.o
│           │   ├── tests
│           │   │   ├── aarch64
│           │   │   │   └── dct.c
│           │   │   ├── apv.c
│           │   │   ├── arm
│           │   │   │   └── dct.c
│           │   │   ├── av1_levels.c
│           │   │   ├── avcodec.c
│           │   │   ├── avpacket.c
│           │   │   ├── bitstream_be.c
│           │   │   ├── bitstream_le.c
│           │   │   ├── bitstream_template.c
│           │   │   ├── cabac.c
│           │   │   ├── celp_math.c
│           │   │   ├── codec_desc.c
│           │   │   ├── dct.c
│           │   │   ├── golomb.c
│           │   │   ├── h264_levels.c
│           │   │   ├── h265_levels.c
│           │   │   ├── hashtable.c
│           │   │   ├── htmlsubtitles.c
│           │   │   ├── jpeg2000dwt.c
│           │   │   ├── mathops.c
│           │   │   ├── mjpegenc_huffman.c
│           │   │   ├── motion.c
│           │   │   ├── mpeg12framerate.c
│           │   │   ├── ppc
│           │   │   │   └── dct.c
│           │   │   ├── rangecoder.c
│           │   │   ├── snowenc.c
│           │   │   └── x86
│           │   │       └── dct.c
│           │   ├── textdec.c
│           │   ├── textdec.d
│           │   ├── textdec.o
│           │   ├── texturedsp.c
│           │   ├── texturedsp.d
│           │   ├── texturedsp.h
│           │   ├── texturedsp.o
│           │   ├── texturedsp_template.c
│           │   ├── texturedspenc.c
│           │   ├── texturedspenc.d
│           │   ├── texturedspenc.o
│           │   ├── thread.h
│           │   ├── threadframe.h
│           │   ├── threadprogress.c
│           │   ├── threadprogress.d
│           │   ├── threadprogress.h
│           │   ├── threadprogress.o
│           │   ├── tiertexseqv.c
│           │   ├── tiertexseqv.d
│           │   ├── tiertexseqv.o
│           │   ├── tiff.c
│           │   ├── tiff.d
│           │   ├── tiff.h
│           │   ├── tiff.o
│           │   ├── tiff_common.c
│           │   ├── tiff_common.d
│           │   ├── tiff_common.h
│           │   ├── tiff_common.o
│           │   ├── tiff_data.h
│           │   ├── tiffenc.c
│           │   ├── tiffenc.d
│           │   ├── tiffenc.o
│           │   ├── timecode_internal.c
│           │   ├── timecode_internal.d
│           │   ├── timecode_internal.o
│           │   ├── tmv.c
│           │   ├── tmv.d
│           │   ├── tmv.o
│           │   ├── to_upper4.c
│           │   ├── to_upper4.d
│           │   ├── to_upper4.h
│           │   ├── to_upper4.o
│           │   ├── tpeldsp.c
│           │   ├── tpeldsp.d
│           │   ├── tpeldsp.h
│           │   ├── tpeldsp.o
│           │   ├── truemotion1.c
│           │   ├── truemotion1.d
│           │   ├── truemotion1.o
│           │   ├── truemotion1data.h
│           │   ├── truemotion2.c
│           │   ├── truemotion2.d
│           │   ├── truemotion2.o
│           │   ├── truemotion2rt.c
│           │   ├── truemotion2rt.d
│           │   ├── truemotion2rt.o
│           │   ├── truespeech.c
│           │   ├── truespeech.d
│           │   ├── truespeech.o
│           │   ├── truespeech_data.h
│           │   ├── tscc.c
│           │   ├── tscc.d
│           │   ├── tscc.o
│           │   ├── tscc2.c
│           │   ├── tscc2.d
│           │   ├── tscc2.o
│           │   ├── tscc2data.h
│           │   ├── tta.c
│           │   ├── tta.d
│           │   ├── tta.o
│           │   ├── ttadata.c
│           │   ├── ttadata.d
│           │   ├── ttadata.h
│           │   ├── ttadata.o
│           │   ├── ttadsp.c
│           │   ├── ttadsp.d
│           │   ├── ttadsp.h
│           │   ├── ttadsp.o
│           │   ├── ttaenc.c
│           │   ├── ttaenc.d
│           │   ├── ttaenc.o
│           │   ├── ttaencdsp.c
│           │   ├── ttaencdsp.d
│           │   ├── ttaencdsp.h
│           │   ├── ttaencdsp.o
│           │   ├── ttmlenc.c
│           │   ├── ttmlenc.d
│           │   ├── ttmlenc.h
│           │   ├── ttmlenc.o
│           │   ├── twinvq.c
│           │   ├── twinvq.d
│           │   ├── twinvq.h
│           │   ├── twinvq.o
│           │   ├── twinvq_data.h
│           │   ├── twinvqdec.c
│           │   ├── twinvqdec.d
│           │   ├── twinvqdec.o
│           │   ├── txd.c
│           │   ├── txd.d
│           │   ├── txd.o
│           │   ├── ulti.c
│           │   ├── ulti.d
│           │   ├── ulti.o
│           │   ├── ulti_cb.h
│           │   ├── unary.h
│           │   ├── utils.c
│           │   ├── utils.d
│           │   ├── utils.o
│           │   ├── utvideo.h
│           │   ├── utvideodec.c
│           │   ├── utvideodec.d
│           │   ├── utvideodec.o
│           │   ├── utvideodsp.c
│           │   ├── utvideodsp.d
│           │   ├── utvideodsp.h
│           │   ├── utvideodsp.o
│           │   ├── utvideoenc.c
│           │   ├── utvideoenc.d
│           │   ├── utvideoenc.o
│           │   ├── v210_template.c
│           │   ├── v210dec.c
│           │   ├── v210dec.d
│           │   ├── v210dec.h
│           │   ├── v210dec.o
│           │   ├── v210dec_init.h
│           │   ├── v210enc.c
│           │   ├── v210enc.d
│           │   ├── v210enc.h
│           │   ├── v210enc.o
│           │   ├── v210enc_init.h
│           │   ├── v210x.c
│           │   ├── v210x.d
│           │   ├── v210x.o
│           │   ├── v308dec.c
│           │   ├── v308dec.d
│           │   ├── v308dec.o
│           │   ├── v308enc.c
│           │   ├── v308enc.d
│           │   ├── v308enc.o
│           │   ├── v408dec.c
│           │   ├── v408dec.d
│           │   ├── v408dec.o
│           │   ├── v408enc.c
│           │   ├── v408enc.d
│           │   ├── v408enc.o
│           │   ├── v410dec.c
│           │   ├── v410dec.d
│           │   ├── v410dec.o
│           │   ├── v410enc.c
│           │   ├── v410enc.d
│           │   ├── v410enc.o
│           │   ├── v4l2_buffers.c
│           │   ├── v4l2_buffers.d
│           │   ├── v4l2_buffers.h
│           │   ├── v4l2_buffers.o
│           │   ├── v4l2_context.c
│           │   ├── v4l2_context.d
│           │   ├── v4l2_context.h
│           │   ├── v4l2_context.o
│           │   ├── v4l2_fmt.c
│           │   ├── v4l2_fmt.d
│           │   ├── v4l2_fmt.h
│           │   ├── v4l2_fmt.o
│           │   ├── v4l2_m2m.c
│           │   ├── v4l2_m2m.d
│           │   ├── v4l2_m2m.h
│           │   ├── v4l2_m2m.o
│           │   ├── v4l2_m2m_dec.c
│           │   ├── v4l2_m2m_dec.d
│           │   ├── v4l2_m2m_dec.o
│           │   ├── v4l2_m2m_enc.c
│           │   ├── v4l2_m2m_enc.d
│           │   ├── v4l2_m2m_enc.o
│           │   ├── vaapi_av1.c
│           │   ├── vaapi_decode.c
│           │   ├── vaapi_decode.h
│           │   ├── vaapi_encode.c
│           │   ├── vaapi_encode.h
│           │   ├── vaapi_encode_av1.c
│           │   ├── vaapi_encode_h264.c
│           │   ├── vaapi_encode_h265.c
│           │   ├── vaapi_encode_mjpeg.c
│           │   ├── vaapi_encode_mpeg2.c
│           │   ├── vaapi_encode_vp8.c
│           │   ├── vaapi_encode_vp9.c
│           │   ├── vaapi_h264.c
│           │   ├── vaapi_hevc.c
│           │   ├── vaapi_hevc.h
│           │   ├── vaapi_mjpeg.c
│           │   ├── vaapi_mpeg2.c
│           │   ├── vaapi_mpeg4.c
│           │   ├── vaapi_vc1.c
│           │   ├── vaapi_vp8.c
│           │   ├── vaapi_vp9.c
│           │   ├── vaapi_vvc.c
│           │   ├── vb.c
│           │   ├── vb.d
│           │   ├── vb.o
│           │   ├── vble.c
│           │   ├── vble.d
│           │   ├── vble.o
│           │   ├── vbn.h
│           │   ├── vbndec.c
│           │   ├── vbndec.d
│           │   ├── vbndec.o
│           │   ├── vbnenc.c
│           │   ├── vbnenc.d
│           │   ├── vbnenc.o
│           │   ├── vc1.c
│           │   ├── vc1.d
│           │   ├── vc1.h
│           │   ├── vc1.o
│           │   ├── vc1_block.c
│           │   ├── vc1_block.d
│           │   ├── vc1_block.o
│           │   ├── vc1_common.h
│           │   ├── vc1_loopfilter.c
│           │   ├── vc1_loopfilter.d
│           │   ├── vc1_loopfilter.o
│           │   ├── vc1_mc.c
│           │   ├── vc1_mc.d
│           │   ├── vc1_mc.o
│           │   ├── vc1_parser.c
│           │   ├── vc1_parser.d
│           │   ├── vc1_parser.o
│           │   ├── vc1_pred.c
│           │   ├── vc1_pred.d
│           │   ├── vc1_pred.h
│           │   ├── vc1_pred.o
│           │   ├── vc1_vlc_data.h
│           │   ├── vc1acdata.h
│           │   ├── vc1data.c
│           │   ├── vc1data.d
│           │   ├── vc1data.h
│           │   ├── vc1data.o
│           │   ├── vc1dec.c
│           │   ├── vc1dec.d
│           │   ├── vc1dec.o
│           │   ├── vc1dsp.c
│           │   ├── vc1dsp.d
│           │   ├── vc1dsp.h
│           │   ├── vc1dsp.o
│           │   ├── vc2enc.c
│           │   ├── vc2enc.d
│           │   ├── vc2enc.o
│           │   ├── vc2enc_dwt.c
│           │   ├── vc2enc_dwt.d
│           │   ├── vc2enc_dwt.h
│           │   ├── vc2enc_dwt.o
│           │   ├── vcr1.c
│           │   ├── vcr1.d
│           │   ├── vcr1.o
│           │   ├── vdpau.c
│           │   ├── vdpau.h
│           │   ├── vdpau_av1.c
│           │   ├── vdpau_h264.c
│           │   ├── vdpau_hevc.c
│           │   ├── vdpau_internal.h
│           │   ├── vdpau_mpeg12.c
│           │   ├── vdpau_mpeg4.c
│           │   ├── vdpau_vc1.c
│           │   ├── vdpau_vp9.c
│           │   ├── version.c
│           │   ├── version.d
│           │   ├── version.h
│           │   ├── version.o
│           │   ├── version_major.h
│           │   ├── videodsp.c
│           │   ├── videodsp.d
│           │   ├── videodsp.h
│           │   ├── videodsp.o
│           │   ├── videodsp_template.c
│           │   ├── videotoolbox.c
│           │   ├── videotoolbox.h
│           │   ├── videotoolbox_av1.c
│           │   ├── videotoolbox_vp9.c
│           │   ├── videotoolboxenc.c
│           │   ├── vima.c
│           │   ├── vima.d
│           │   ├── vima.o
│           │   ├── vlc.c
│           │   ├── vlc.d
│           │   ├── vlc.h
│           │   ├── vlc.o
│           │   ├── vmdaudio.c
│           │   ├── vmdaudio.d
│           │   ├── vmdaudio.o
│           │   ├── vmdvideo.c
│           │   ├── vmdvideo.d
│           │   ├── vmdvideo.o
│           │   ├── vmixdec.c
│           │   ├── vmixdec.d
│           │   ├── vmixdec.o
│           │   ├── vmnc.c
│           │   ├── vmnc.d
│           │   ├── vmnc.o
│           │   ├── vorbis.c
│           │   ├── vorbis.d
│           │   ├── vorbis.h
│           │   ├── vorbis.o
│           │   ├── vorbis_data.c
│           │   ├── vorbis_data.d
│           │   ├── vorbis_data.h
│           │   ├── vorbis_data.o
│           │   ├── vorbis_enc_data.h
│           │   ├── vorbis_parser.c
│           │   ├── vorbis_parser.d
│           │   ├── vorbis_parser.h
│           │   ├── vorbis_parser.o
│           │   ├── vorbis_parser_internal.h
│           │   ├── vorbisdec.c
│           │   ├── vorbisdec.d
│           │   ├── vorbisdec.o
│           │   ├── vorbisdsp.c
│           │   ├── vorbisdsp.d
│           │   ├── vorbisdsp.h
│           │   ├── vorbisdsp.o
│           │   ├── vorbisenc.c
│           │   ├── vorbisenc.d
│           │   ├── vorbisenc.o
│           │   ├── vp3.c
│           │   ├── vp3.d
│           │   ├── vp3.o
│           │   ├── vp3_parser.c
│           │   ├── vp3_parser.d
│           │   ├── vp3_parser.o
│           │   ├── vp3data.h
│           │   ├── vp3dsp.c
│           │   ├── vp3dsp.d
│           │   ├── vp3dsp.h
│           │   ├── vp3dsp.o
│           │   ├── vp4data.h
│           │   ├── vp5.c
│           │   ├── vp5.d
│           │   ├── vp5.o
│           │   ├── vp56.c
│           │   ├── vp56.d
│           │   ├── vp56.h
│           │   ├── vp56.o
│           │   ├── vp56data.c
│           │   ├── vp56data.d
│           │   ├── vp56data.h
│           │   ├── vp56data.o
│           │   ├── vp56dsp.h
│           │   ├── vp5data.h
│           │   ├── vp5dsp.c
│           │   ├── vp5dsp.d
│           │   ├── vp5dsp.o
│           │   ├── vp6.c
│           │   ├── vp6.d
│           │   ├── vp6.o
│           │   ├── vp6data.h
│           │   ├── vp6dsp.c
│           │   ├── vp6dsp.d
│           │   ├── vp6dsp.o
│           │   ├── vp8.c
│           │   ├── vp8.d
│           │   ├── vp8.h
│           │   ├── vp8.o
│           │   ├── vp89_rac.h
│           │   ├── vp8_parser.c
│           │   ├── vp8_parser.d
│           │   ├── vp8_parser.o
│           │   ├── vp8data.c
│           │   ├── vp8data.d
│           │   ├── vp8data.h
│           │   ├── vp8data.o
│           │   ├── vp8dsp.c
│           │   ├── vp8dsp.d
│           │   ├── vp8dsp.h
│           │   ├── vp8dsp.o
│           │   ├── vp9.c
│           │   ├── vp9.d
│           │   ├── vp9.h
│           │   ├── vp9.o
│           │   ├── vp9_mc_template.c
│           │   ├── vp9_parser.c
│           │   ├── vp9_parser.d
│           │   ├── vp9_parser.o
│           │   ├── vp9block.c
│           │   ├── vp9block.d
│           │   ├── vp9block.o
│           │   ├── vp9data.c
│           │   ├── vp9data.d
│           │   ├── vp9data.h
│           │   ├── vp9data.o
│           │   ├── vp9dec.h
│           │   ├── vp9dsp.c
│           │   ├── vp9dsp.d
│           │   ├── vp9dsp.h
│           │   ├── vp9dsp.o
│           │   ├── vp9dsp_10bpp.c
│           │   ├── vp9dsp_10bpp.d
│           │   ├── vp9dsp_10bpp.o
│           │   ├── vp9dsp_12bpp.c
│           │   ├── vp9dsp_12bpp.d
│           │   ├── vp9dsp_12bpp.o
│           │   ├── vp9dsp_8bpp.c
│           │   ├── vp9dsp_8bpp.d
│           │   ├── vp9dsp_8bpp.o
│           │   ├── vp9dsp_template.c
│           │   ├── vp9lpf.c
│           │   ├── vp9lpf.d
│           │   ├── vp9lpf.o
│           │   ├── vp9mvs.c
│           │   ├── vp9mvs.d
│           │   ├── vp9mvs.o
│           │   ├── vp9prob.c
│           │   ├── vp9prob.d
│           │   ├── vp9prob.o
│           │   ├── vp9recon.c
│           │   ├── vp9recon.d
│           │   ├── vp9recon.o
│           │   ├── vp9shared.h
│           │   ├── vpx_rac.c
│           │   ├── vpx_rac.d
│           │   ├── vpx_rac.h
│           │   ├── vpx_rac.o
│           │   ├── vqavideo.c
│           │   ├── vqavideo.d
│           │   ├── vqavideo.o
│           │   ├── vqcdec.c
│           │   ├── vqcdec.d
│           │   ├── vqcdec.o
│           │   ├── vt_internal.h
│           │   ├── vulkan
│           │   │   ├── Makefile
│           │   │   ├── common.glsl
│           │   │   ├── dct.glsl
│           │   │   ├── dpx_copy.comp.glsl
│           │   │   ├── dpx_unpack.comp.glsl
│           │   │   ├── ffv1_common.glsl
│           │   │   ├── ffv1_dec.comp.glsl
│           │   │   ├── ffv1_dec_golomb.comp.glsl
│           │   │   ├── ffv1_dec_reset.comp.glsl
│           │   │   ├── ffv1_dec_reset_golomb.comp.glsl
│           │   │   ├── ffv1_dec_rgb.comp.glsl
│           │   │   ├── ffv1_dec_rgb_golomb.comp.glsl
│           │   │   ├── ffv1_dec_setup.comp.glsl
│           │   │   ├── ffv1_enc.comp.glsl
│           │   │   ├── ffv1_enc_golomb.comp.glsl
│           │   │   ├── ffv1_enc_rct_search.comp.glsl
│           │   │   ├── ffv1_enc_reset.comp.glsl
│           │   │   ├── ffv1_enc_reset_golomb.comp.glsl
│           │   │   ├── ffv1_enc_rgb.comp.glsl
│           │   │   ├── ffv1_enc_rgb_golomb.comp.glsl
│           │   │   ├── ffv1_enc_setup.comp.glsl
│           │   │   ├── ffv1_vlc.glsl
│           │   │   ├── prores_idct.comp.glsl
│           │   │   ├── prores_ks_alpha_data.comp.glsl
│           │   │   ├── prores_ks_encode_slice.comp.glsl
│           │   │   ├── prores_ks_estimate_slice.comp.glsl
│           │   │   ├── prores_ks_slice_data.comp.glsl
│           │   │   ├── prores_ks_trellis_node.comp.glsl
│           │   │   ├── prores_raw_decode.comp.glsl
│           │   │   ├── prores_raw_idct.comp.glsl
│           │   │   ├── prores_vld.comp.glsl
│           │   │   └── rangecoder.glsl
│           │   ├── vulkan.c
│           │   ├── vulkan_av1.c
│           │   ├── vulkan_decode.c
│           │   ├── vulkan_decode.h
│           │   ├── vulkan_dpx.c
│           │   ├── vulkan_encode.c
│           │   ├── vulkan_encode.h
│           │   ├── vulkan_encode_av1.c
│           │   ├── vulkan_encode_h264.c
│           │   ├── vulkan_encode_h265.c
│           │   ├── vulkan_ffv1.c
│           │   ├── vulkan_h264.c
│           │   ├── vulkan_hevc.c
│           │   ├── vulkan_prores.c
│           │   ├── vulkan_prores_raw.c
│           │   ├── vulkan_video.c
│           │   ├── vulkan_video.h
│           │   ├── vulkan_vp9.c
│           │   ├── vvc
│           │   │   ├── Makefile
│           │   │   ├── cabac.c
│           │   │   ├── cabac.d
│           │   │   ├── cabac.h
│           │   │   ├── cabac.o
│           │   │   ├── ctu.c
│           │   │   ├── ctu.d
│           │   │   ├── ctu.h
│           │   │   ├── ctu.o
│           │   │   ├── data.c
│           │   │   ├── data.d
│           │   │   ├── data.h
│           │   │   ├── data.o
│           │   │   ├── dec.c
│           │   │   ├── dec.d
│           │   │   ├── dec.h
│           │   │   ├── dec.o
│           │   │   ├── dsp.c
│           │   │   ├── dsp.d
│           │   │   ├── dsp.h
│           │   │   ├── dsp.o
│           │   │   ├── dsp_template.c
│           │   │   ├── filter.c
│           │   │   ├── filter.d
│           │   │   ├── filter.h
│           │   │   ├── filter.o
│           │   │   ├── filter_template.c
│           │   │   ├── inter.c
│           │   │   ├── inter.d
│           │   │   ├── inter.h
│           │   │   ├── inter.o
│           │   │   ├── inter_template.c
│           │   │   ├── intra.c
│           │   │   ├── intra.d
│           │   │   ├── intra.h
│           │   │   ├── intra.o
│           │   │   ├── intra_template.c
│           │   │   ├── intra_utils.c
│           │   │   ├── intra_utils.d
│           │   │   ├── intra_utils.o
│           │   │   ├── itx_1d.c
│           │   │   ├── itx_1d.d
│           │   │   ├── itx_1d.h
│           │   │   ├── itx_1d.o
│           │   │   ├── mvs.c
│           │   │   ├── mvs.d
│           │   │   ├── mvs.h
│           │   │   ├── mvs.o
│           │   │   ├── ps.c
│           │   │   ├── ps.d
│           │   │   ├── ps.h
│           │   │   ├── ps.o
│           │   │   ├── refs.c
│           │   │   ├── refs.d
│           │   │   ├── refs.h
│           │   │   ├── refs.o
│           │   │   ├── sei.c
│           │   │   ├── sei.d
│           │   │   ├── sei.h
│           │   │   ├── sei.o
│           │   │   ├── thread.c
│           │   │   ├── thread.d
│           │   │   ├── thread.h
│           │   │   └── thread.o
│           │   ├── vvc.h
│           │   ├── vvc_parser.c
│           │   ├── vvc_parser.d
│           │   ├── vvc_parser.o
│           │   ├── wasm
│           │   │   └── hevc
│           │   │       ├── Makefile
│           │   │       ├── dsp_init.c
│           │   │       ├── idct.c
│           │   │       ├── idct.h
│           │   │       ├── sao.c
│           │   │       └── sao.h
│           │   ├── wavarc.c
│           │   ├── wavarc.d
│           │   ├── wavarc.o
│           │   ├── wavpack.c
│           │   ├── wavpack.d
│           │   ├── wavpack.h
│           │   ├── wavpack.o
│           │   ├── wavpackdata.c
│           │   ├── wavpackdata.d
│           │   ├── wavpackdata.o
│           │   ├── wavpackenc.c
│           │   ├── wavpackenc.d
│           │   ├── wavpackenc.h
│           │   ├── wavpackenc.o
│           │   ├── wbmpdec.c
│           │   ├── wbmpdec.d
│           │   ├── wbmpdec.o
│           │   ├── wbmpenc.c
│           │   ├── wbmpenc.d
│           │   ├── wbmpenc.o
│           │   ├── wcmv.c
│           │   ├── wcmv.d
│           │   ├── wcmv.o
│           │   ├── webp.c
│           │   ├── webp.d
│           │   ├── webp.o
│           │   ├── webp_parser.c
│           │   ├── webp_parser.d
│           │   ├── webp_parser.o
│           │   ├── webvttdec.c
│           │   ├── webvttdec.d
│           │   ├── webvttdec.o
│           │   ├── webvttenc.c
│           │   ├── webvttenc.d
│           │   ├── webvttenc.o
│           │   ├── wma.c
│           │   ├── wma.d
│           │   ├── wma.h
│           │   ├── wma.o
│           │   ├── wma_common.c
│           │   ├── wma_common.d
│           │   ├── wma_common.h
│           │   ├── wma_common.o
│           │   ├── wma_freqs.c
│           │   ├── wma_freqs.d
│           │   ├── wma_freqs.h
│           │   ├── wma_freqs.o
│           │   ├── wmadata.h
│           │   ├── wmadec.c
│           │   ├── wmadec.d
│           │   ├── wmadec.o
│           │   ├── wmaenc.c
│           │   ├── wmaenc.d
│           │   ├── wmaenc.o
│           │   ├── wmalosslessdec.c
│           │   ├── wmalosslessdec.d
│           │   ├── wmalosslessdec.o
│           │   ├── wmaprodata.h
│           │   ├── wmaprodec.c
│           │   ├── wmaprodec.d
│           │   ├── wmaprodec.o
│           │   ├── wmavoice.c
│           │   ├── wmavoice.d
│           │   ├── wmavoice.o
│           │   ├── wmavoice_data.h
│           │   ├── wmv2.h
│           │   ├── wmv2data.c
│           │   ├── wmv2data.d
│           │   ├── wmv2data.h
│           │   ├── wmv2data.o
│           │   ├── wmv2dec.c
│           │   ├── wmv2dec.d
│           │   ├── wmv2dec.h
│           │   ├── wmv2dec.o
│           │   ├── wmv2dsp.c
│           │   ├── wmv2dsp.d
│           │   ├── wmv2dsp.h
│           │   ├── wmv2dsp.o
│           │   ├── wmv2enc.c
│           │   ├── wmv2enc.d
│           │   ├── wmv2enc.o
│           │   ├── wnv1.c
│           │   ├── wnv1.d
│           │   ├── wnv1.o
│           │   ├── wrapped_avframe.c
│           │   ├── wrapped_avframe.d
│           │   ├── wrapped_avframe.o
│           │   ├── ws-snd1.c
│           │   ├── ws-snd1.d
│           │   ├── ws-snd1.o
│           │   ├── x86
│           │   │   ├── Makefile
│           │   │   ├── aacencdsp.asm
│           │   │   ├── aacencdsp.d
│           │   │   ├── aacencdsp.o
│           │   │   ├── aacencdsp_init.c
│           │   │   ├── aacencdsp_init.d
│           │   │   ├── aacencdsp_init.o
│           │   │   ├── aacpsdsp.asm
│           │   │   ├── aacpsdsp.d
│           │   │   ├── aacpsdsp.o
│           │   │   ├── aacpsdsp_init.c
│           │   │   ├── aacpsdsp_init.d
│           │   │   ├── aacpsdsp_init.o
│           │   │   ├── ac3dsp.asm
│           │   │   ├── ac3dsp.d
│           │   │   ├── ac3dsp.o
│           │   │   ├── ac3dsp_downmix.asm
│           │   │   ├── ac3dsp_downmix.d
│           │   │   ├── ac3dsp_downmix.o
│           │   │   ├── ac3dsp_init.c
│           │   │   ├── ac3dsp_init.d
│           │   │   ├── ac3dsp_init.o
│           │   │   ├── alacdsp.asm
│           │   │   ├── alacdsp.d
│           │   │   ├── alacdsp.o
│           │   │   ├── alacdsp_init.c
│           │   │   ├── alacdsp_init.d
│           │   │   ├── alacdsp_init.o
│           │   │   ├── apv_dsp.asm
│           │   │   ├── apv_dsp.d
│           │   │   ├── apv_dsp.o
│           │   │   ├── apv_dsp_init.c
│           │   │   ├── apv_dsp_init.d
│           │   │   ├── apv_dsp_init.o
│           │   │   ├── audiodsp.asm
│           │   │   ├── audiodsp.d
│           │   │   ├── audiodsp.o
│           │   │   ├── audiodsp_init.c
│           │   │   ├── audiodsp_init.d
│           │   │   ├── audiodsp_init.o
│           │   │   ├── blockdsp.asm
│           │   │   ├── blockdsp.d
│           │   │   ├── blockdsp.o
│           │   │   ├── blockdsp_init.c
│           │   │   ├── blockdsp_init.d
│           │   │   ├── blockdsp_init.o
│           │   │   ├── bswapdsp.asm
│           │   │   ├── bswapdsp.d
│           │   │   ├── bswapdsp.o
│           │   │   ├── bswapdsp_init.c
│           │   │   ├── bswapdsp_init.d
│           │   │   ├── bswapdsp_init.o
│           │   │   ├── cabac.h
│           │   │   ├── cavs_qpel.asm
│           │   │   ├── cavs_qpel.d
│           │   │   ├── cavs_qpel.o
│           │   │   ├── cavsdsp.c
│           │   │   ├── cavsdsp.d
│           │   │   ├── cavsdsp.o
│           │   │   ├── cavsidct.asm
│           │   │   ├── cavsidct.d
│           │   │   ├── cavsidct.o
│           │   │   ├── celt_pvq_init.c
│           │   │   ├── celt_pvq_init.d
│           │   │   ├── celt_pvq_init.o
│           │   │   ├── celt_pvq_search.asm
│           │   │   ├── celt_pvq_search.d
│           │   │   ├── celt_pvq_search.o
│           │   │   ├── cfhddsp.asm
│           │   │   ├── cfhddsp.d
│           │   │   ├── cfhddsp.o
│           │   │   ├── cfhddsp_init.c
│           │   │   ├── cfhddsp_init.d
│           │   │   ├── cfhddsp_init.o
│           │   │   ├── cfhdencdsp.asm
│           │   │   ├── cfhdencdsp.d
│           │   │   ├── cfhdencdsp.o
│           │   │   ├── cfhdencdsp_init.c
│           │   │   ├── cfhdencdsp_init.d
│           │   │   ├── cfhdencdsp_init.o
│           │   │   ├── constants.c
│           │   │   ├── constants.d
│           │   │   ├── constants.h
│           │   │   ├── constants.o
│           │   │   ├── dcadsp.asm
│           │   │   ├── dcadsp.d
│           │   │   ├── dcadsp.o
│           │   │   ├── dcadsp_init.c
│           │   │   ├── dcadsp_init.d
│           │   │   ├── dcadsp_init.o
│           │   │   ├── dct32.asm
│           │   │   ├── dct32.d
│           │   │   ├── dct32.o
│           │   │   ├── dirac_dwt.asm
│           │   │   ├── dirac_dwt.d
│           │   │   ├── dirac_dwt.o
│           │   │   ├── dirac_dwt_init.c
│           │   │   ├── dirac_dwt_init.d
│           │   │   ├── dirac_dwt_init.o
│           │   │   ├── diracdsp.asm
│           │   │   ├── diracdsp.d
│           │   │   ├── diracdsp.o
│           │   │   ├── diracdsp_init.c
│           │   │   ├── diracdsp_init.d
│           │   │   ├── diracdsp_init.o
│           │   │   ├── dnxhdenc.asm
│           │   │   ├── dnxhdenc.d
│           │   │   ├── dnxhdenc.o
│           │   │   ├── dnxhdenc_init.c
│           │   │   ├── dnxhdenc_init.d
│           │   │   ├── dnxhdenc_init.o
│           │   │   ├── exrdsp.asm
│           │   │   ├── exrdsp.d
│           │   │   ├── exrdsp.o
│           │   │   ├── exrdsp_init.c
│           │   │   ├── exrdsp_init.d
│           │   │   ├── exrdsp_init.o
│           │   │   ├── fdct.c
│           │   │   ├── fdct.d
│           │   │   ├── fdct.h
│           │   │   ├── fdct.o
│           │   │   ├── fdctdsp_init.c
│           │   │   ├── fdctdsp_init.d
│           │   │   ├── fdctdsp_init.o
│           │   │   ├── flac_dsp_gpl.asm
│           │   │   ├── flacdsp.asm
│           │   │   ├── flacdsp.d
│           │   │   ├── flacdsp.o
│           │   │   ├── flacdsp_init.c
│           │   │   ├── flacdsp_init.d
│           │   │   ├── flacdsp_init.o
│           │   │   ├── flacencdsp_init.c
│           │   │   ├── flacencdsp_init.d
│           │   │   ├── flacencdsp_init.o
│           │   │   ├── fmtconvert.asm
│           │   │   ├── fmtconvert.d
│           │   │   ├── fmtconvert.o
│           │   │   ├── fmtconvert_init.c
│           │   │   ├── fmtconvert_init.d
│           │   │   ├── fmtconvert_init.o
│           │   │   ├── fpel.asm
│           │   │   ├── fpel.d
│           │   │   ├── fpel.h
│           │   │   ├── fpel.o
│           │   │   ├── g722dsp.asm
│           │   │   ├── g722dsp.d
│           │   │   ├── g722dsp.o
│           │   │   ├── g722dsp_init.c
│           │   │   ├── g722dsp_init.d
│           │   │   ├── g722dsp_init.o
│           │   │   ├── h263_loopfilter.asm
│           │   │   ├── h263_loopfilter.d
│           │   │   ├── h263_loopfilter.o
│           │   │   ├── h263dsp_init.c
│           │   │   ├── h263dsp_init.d
│           │   │   ├── h263dsp_init.o
│           │   │   ├── h264_cabac.c
│           │   │   ├── h264_chromamc.asm
│           │   │   ├── h264_chromamc.d
│           │   │   ├── h264_chromamc.o
│           │   │   ├── h264_chromamc_10bit.asm
│           │   │   ├── h264_chromamc_10bit.d
│           │   │   ├── h264_chromamc_10bit.o
│           │   │   ├── h264_deblock.asm
│           │   │   ├── h264_deblock.d
│           │   │   ├── h264_deblock.o
│           │   │   ├── h264_deblock_10bit.asm
│           │   │   ├── h264_deblock_10bit.d
│           │   │   ├── h264_deblock_10bit.o
│           │   │   ├── h264_idct.asm
│           │   │   ├── h264_idct.d
│           │   │   ├── h264_idct.o
│           │   │   ├── h264_idct_10bit.asm
│           │   │   ├── h264_idct_10bit.d
│           │   │   ├── h264_idct_10bit.o
│           │   │   ├── h264_intrapred.asm
│           │   │   ├── h264_intrapred.d
│           │   │   ├── h264_intrapred.o
│           │   │   ├── h264_intrapred_10bit.asm
│           │   │   ├── h264_intrapred_10bit.d
│           │   │   ├── h264_intrapred_10bit.o
│           │   │   ├── h264_intrapred_init.c
│           │   │   ├── h264_intrapred_init.d
│           │   │   ├── h264_intrapred_init.o
│           │   │   ├── h264_qpel.c
│           │   │   ├── h264_qpel.d
│           │   │   ├── h264_qpel.o
│           │   │   ├── h264_qpel_10bit.asm
│           │   │   ├── h264_qpel_10bit.d
│           │   │   ├── h264_qpel_10bit.o
│           │   │   ├── h264_qpel_8bit.asm
│           │   │   ├── h264_qpel_8bit.d
│           │   │   ├── h264_qpel_8bit.o
│           │   │   ├── h264_weight.asm
│           │   │   ├── h264_weight.d
│           │   │   ├── h264_weight.o
│           │   │   ├── h264_weight_10bit.asm
│           │   │   ├── h264_weight_10bit.d
│           │   │   ├── h264_weight_10bit.o
│           │   │   ├── h264chroma_init.c
│           │   │   ├── h264chroma_init.d
│           │   │   ├── h264chroma_init.o
│           │   │   ├── h264dsp_init.c
│           │   │   ├── h264dsp_init.d
│           │   │   ├── h264dsp_init.o
│           │   │   ├── h26x
│           │   │   │   ├── h2656_inter.asm
│           │   │   │   ├── h2656_inter.d
│           │   │   │   ├── h2656_inter.o
│           │   │   │   ├── h2656_sao.asm
│           │   │   │   ├── h2656_sao_10bit.asm
│           │   │   │   ├── h2656dsp.c
│           │   │   │   ├── h2656dsp.d
│           │   │   │   ├── h2656dsp.h
│           │   │   │   └── h2656dsp.o
│           │   │   ├── hevc
│           │   │   │   ├── Makefile
│           │   │   │   ├── add_res.asm
│           │   │   │   ├── add_res.d
│           │   │   │   ├── add_res.o
│           │   │   │   ├── deblock.asm
│           │   │   │   ├── deblock.d
│           │   │   │   ├── deblock.o
│           │   │   │   ├── dequant.asm
│           │   │   │   ├── dequant.d
│           │   │   │   ├── dequant.o
│           │   │   │   ├── dsp.h
│           │   │   │   ├── dsp_init.c
│           │   │   │   ├── dsp_init.d
│           │   │   │   ├── dsp_init.o
│           │   │   │   ├── idct.asm
│           │   │   │   ├── idct.d
│           │   │   │   ├── idct.o
│           │   │   │   ├── mc.asm
│           │   │   │   ├── mc.d
│           │   │   │   ├── mc.o
│           │   │   │   ├── sao.asm
│           │   │   │   ├── sao.d
│           │   │   │   ├── sao.o
│           │   │   │   ├── sao_10bit.asm
│           │   │   │   ├── sao_10bit.d
│           │   │   │   └── sao_10bit.o
│           │   │   ├── hpeldsp.asm
│           │   │   ├── hpeldsp.d
│           │   │   ├── hpeldsp.h
│           │   │   ├── hpeldsp.o
│           │   │   ├── hpeldsp_init.c
│           │   │   ├── hpeldsp_init.d
│           │   │   ├── hpeldsp_init.o
│           │   │   ├── huffyuvdsp.asm
│           │   │   ├── huffyuvdsp.d
│           │   │   ├── huffyuvdsp.o
│           │   │   ├── huffyuvdsp_init.c
│           │   │   ├── huffyuvdsp_init.d
│           │   │   ├── huffyuvdsp_init.o
│           │   │   ├── huffyuvdsp_template.asm
│           │   │   ├── huffyuvencdsp.asm
│           │   │   ├── huffyuvencdsp.d
│           │   │   ├── huffyuvencdsp.o
│           │   │   ├── huffyuvencdsp_init.c
│           │   │   ├── huffyuvencdsp_init.d
│           │   │   ├── huffyuvencdsp_init.o
│           │   │   ├── idctdsp.asm
│           │   │   ├── idctdsp.d
│           │   │   ├── idctdsp.h
│           │   │   ├── idctdsp.o
│           │   │   ├── idctdsp_init.c
│           │   │   ├── idctdsp_init.d
│           │   │   ├── idctdsp_init.o
│           │   │   ├── imdct36.asm
│           │   │   ├── imdct36.d
│           │   │   ├── imdct36.o
│           │   │   ├── jpeg2000dsp.asm
│           │   │   ├── jpeg2000dsp.d
│           │   │   ├── jpeg2000dsp.o
│           │   │   ├── jpeg2000dsp_init.c
│           │   │   ├── jpeg2000dsp_init.d
│           │   │   ├── jpeg2000dsp_init.o
│           │   │   ├── lossless_audiodsp.asm
│           │   │   ├── lossless_audiodsp.d
│           │   │   ├── lossless_audiodsp.o
│           │   │   ├── lossless_audiodsp_init.c
│           │   │   ├── lossless_audiodsp_init.d
│           │   │   ├── lossless_audiodsp_init.o
│           │   │   ├── lossless_videodsp.asm
│           │   │   ├── lossless_videodsp.d
│           │   │   ├── lossless_videodsp.o
│           │   │   ├── lossless_videodsp_init.c
│           │   │   ├── lossless_videodsp_init.d
│           │   │   ├── lossless_videodsp_init.o
│           │   │   ├── lossless_videoencdsp.asm
│           │   │   ├── lossless_videoencdsp.d
│           │   │   ├── lossless_videoencdsp.o
│           │   │   ├── lossless_videoencdsp_init.c
│           │   │   ├── lossless_videoencdsp_init.d
│           │   │   ├── lossless_videoencdsp_init.o
│           │   │   ├── lpc.asm
│           │   │   ├── lpc.d
│           │   │   ├── lpc.o
│           │   │   ├── lpc_init.c
│           │   │   ├── lpc_init.d
│           │   │   ├── lpc_init.o
│           │   │   ├── mathops.h
│           │   │   ├── me_cmp.asm
│           │   │   ├── me_cmp.d
│           │   │   ├── me_cmp.o
│           │   │   ├── me_cmp_init.c
│           │   │   ├── me_cmp_init.d
│           │   │   ├── me_cmp_init.o
│           │   │   ├── mlpdsp.asm
│           │   │   ├── mlpdsp.d
│           │   │   ├── mlpdsp.o
│           │   │   ├── mlpdsp_init.c
│           │   │   ├── mlpdsp_init.d
│           │   │   ├── mlpdsp_init.o
│           │   │   ├── mpeg4videodsp.c
│           │   │   ├── mpeg4videodsp.d
│           │   │   ├── mpeg4videodsp.o
│           │   │   ├── mpegaudiodsp.c
│           │   │   ├── mpegaudiodsp.d
│           │   │   ├── mpegaudiodsp.o
│           │   │   ├── mpegvideo.c
│           │   │   ├── mpegvideo.d
│           │   │   ├── mpegvideo.o
│           │   │   ├── mpegvideoenc.c
│           │   │   ├── mpegvideoenc.d
│           │   │   ├── mpegvideoenc.o
│           │   │   ├── mpegvideoenc_template.c
│           │   │   ├── mpegvideoencdsp.asm
│           │   │   ├── mpegvideoencdsp.d
│           │   │   ├── mpegvideoencdsp.o
│           │   │   ├── mpegvideoencdsp_init.c
│           │   │   ├── mpegvideoencdsp_init.d
│           │   │   ├── mpegvideoencdsp_init.o
│           │   │   ├── opusdsp.asm
│           │   │   ├── opusdsp.d
│           │   │   ├── opusdsp.o
│           │   │   ├── opusdsp_init.c
│           │   │   ├── opusdsp_init.d
│           │   │   ├── opusdsp_init.o
│           │   │   ├── pixblockdsp.asm
│           │   │   ├── pixblockdsp.d
│           │   │   ├── pixblockdsp.o
│           │   │   ├── pixblockdsp_init.c
│           │   │   ├── pixblockdsp_init.d
│           │   │   ├── pixblockdsp_init.o
│           │   │   ├── pngdsp.asm
│           │   │   ├── pngdsp.d
│           │   │   ├── pngdsp.o
│           │   │   ├── pngdsp_init.c
│           │   │   ├── pngdsp_init.d
│           │   │   ├── pngdsp_init.o
│           │   │   ├── proresdsp.asm
│           │   │   ├── proresdsp.d
│           │   │   ├── proresdsp.o
│           │   │   ├── proresdsp_init.c
│           │   │   ├── proresdsp_init.d
│           │   │   ├── proresdsp_init.o
│           │   │   ├── qpel.asm
│           │   │   ├── qpel.d
│           │   │   ├── qpel.h
│           │   │   ├── qpel.o
│           │   │   ├── qpeldsp.asm
│           │   │   ├── qpeldsp.d
│           │   │   ├── qpeldsp.o
│           │   │   ├── qpeldsp_init.c
│           │   │   ├── qpeldsp_init.d
│           │   │   ├── qpeldsp_init.o
│           │   │   ├── rv34dsp.asm
│           │   │   ├── rv34dsp.d
│           │   │   ├── rv34dsp.o
│           │   │   ├── rv34dsp_init.c
│           │   │   ├── rv34dsp_init.d
│           │   │   ├── rv34dsp_init.o
│           │   │   ├── rv40dsp.asm
│           │   │   ├── rv40dsp.d
│           │   │   ├── rv40dsp.o
│           │   │   ├── rv40dsp_init.c
│           │   │   ├── rv40dsp_init.d
│           │   │   ├── rv40dsp_init.o
│           │   │   ├── sbcdsp.asm
│           │   │   ├── sbcdsp.d
│           │   │   ├── sbcdsp.o
│           │   │   ├── sbcdsp_init.c
│           │   │   ├── sbcdsp_init.d
│           │   │   ├── sbcdsp_init.o
│           │   │   ├── sbrdsp.asm
│           │   │   ├── sbrdsp.d
│           │   │   ├── sbrdsp.o
│           │   │   ├── sbrdsp_init.c
│           │   │   ├── sbrdsp_init.d
│           │   │   ├── sbrdsp_init.o
│           │   │   ├── simple_idct.asm
│           │   │   ├── simple_idct.h
│           │   │   ├── simple_idct10.asm
│           │   │   ├── simple_idct10.d
│           │   │   ├── simple_idct10.o
│           │   │   ├── simple_idct10_template.asm
│           │   │   ├── snowdsp.c
│           │   │   ├── snowdsp.d
│           │   │   ├── snowdsp.o
│           │   │   ├── svq1enc.asm
│           │   │   ├── svq1enc.d
│           │   │   ├── svq1enc.o
│           │   │   ├── svq1enc_init.c
│           │   │   ├── svq1enc_init.d
│           │   │   ├── svq1enc_init.o
│           │   │   ├── synth_filter.asm
│           │   │   ├── synth_filter.d
│           │   │   ├── synth_filter.o
│           │   │   ├── synth_filter_init.c
│           │   │   ├── synth_filter_init.d
│           │   │   ├── synth_filter_init.o
│           │   │   ├── takdsp.asm
│           │   │   ├── takdsp.d
│           │   │   ├── takdsp.o
│           │   │   ├── takdsp_init.c
│           │   │   ├── takdsp_init.d
│           │   │   ├── takdsp_init.o
│           │   │   ├── ttadsp.asm
│           │   │   ├── ttadsp.d
│           │   │   ├── ttadsp.o
│           │   │   ├── ttadsp_init.c
│           │   │   ├── ttadsp_init.d
│           │   │   ├── ttadsp_init.o
│           │   │   ├── ttaencdsp.asm
│           │   │   ├── ttaencdsp.d
│           │   │   ├── ttaencdsp.o
│           │   │   ├── ttaencdsp_init.c
│           │   │   ├── ttaencdsp_init.d
│           │   │   ├── ttaencdsp_init.o
│           │   │   ├── utvideodsp.asm
│           │   │   ├── utvideodsp.d
│           │   │   ├── utvideodsp.o
│           │   │   ├── utvideodsp_init.c
│           │   │   ├── utvideodsp_init.d
│           │   │   ├── utvideodsp_init.o
│           │   │   ├── v210-init.c
│           │   │   ├── v210-init.d
│           │   │   ├── v210-init.o
│           │   │   ├── v210.asm
│           │   │   ├── v210.d
│           │   │   ├── v210.o
│           │   │   ├── v210enc.asm
│           │   │   ├── v210enc.d
│           │   │   ├── v210enc.o
│           │   │   ├── v210enc_init.c
│           │   │   ├── v210enc_init.d
│           │   │   ├── v210enc_init.o
│           │   │   ├── vc1dsp.h
│           │   │   ├── vc1dsp_init.c
│           │   │   ├── vc1dsp_init.d
│           │   │   ├── vc1dsp_init.o
│           │   │   ├── vc1dsp_loopfilter.asm
│           │   │   ├── vc1dsp_loopfilter.d
│           │   │   ├── vc1dsp_loopfilter.o
│           │   │   ├── vc1dsp_mc.asm
│           │   │   ├── vc1dsp_mc.d
│           │   │   ├── vc1dsp_mc.o
│           │   │   ├── vc1dsp_mmx.c
│           │   │   ├── vc1dsp_mmx.d
│           │   │   ├── vc1dsp_mmx.o
│           │   │   ├── videodsp.asm
│           │   │   ├── videodsp.d
│           │   │   ├── videodsp.o
│           │   │   ├── videodsp_init.c
│           │   │   ├── videodsp_init.d
│           │   │   ├── videodsp_init.o
│           │   │   ├── vorbisdsp.asm
│           │   │   ├── vorbisdsp.d
│           │   │   ├── vorbisdsp.o
│           │   │   ├── vorbisdsp_init.c
│           │   │   ├── vorbisdsp_init.d
│           │   │   ├── vorbisdsp_init.o
│           │   │   ├── vp3dsp.asm
│           │   │   ├── vp3dsp.d
│           │   │   ├── vp3dsp.o
│           │   │   ├── vp3dsp_init.c
│           │   │   ├── vp3dsp_init.d
│           │   │   ├── vp3dsp_init.o
│           │   │   ├── vp6dsp.asm
│           │   │   ├── vp6dsp.d
│           │   │   ├── vp6dsp.o
│           │   │   ├── vp6dsp_init.c
│           │   │   ├── vp6dsp_init.d
│           │   │   ├── vp6dsp_init.o
│           │   │   ├── vp8dsp.asm
│           │   │   ├── vp8dsp.d
│           │   │   ├── vp8dsp.o
│           │   │   ├── vp8dsp_init.c
│           │   │   ├── vp8dsp_init.d
│           │   │   ├── vp8dsp_init.o
│           │   │   ├── vp8dsp_loopfilter.asm
│           │   │   ├── vp8dsp_loopfilter.d
│           │   │   ├── vp8dsp_loopfilter.o
│           │   │   ├── vp9dsp_init.c
│           │   │   ├── vp9dsp_init.d
│           │   │   ├── vp9dsp_init.h
│           │   │   ├── vp9dsp_init.o
│           │   │   ├── vp9dsp_init_10bpp.c
│           │   │   ├── vp9dsp_init_10bpp.d
│           │   │   ├── vp9dsp_init_10bpp.o
│           │   │   ├── vp9dsp_init_12bpp.c
│           │   │   ├── vp9dsp_init_12bpp.d
│           │   │   ├── vp9dsp_init_12bpp.o
│           │   │   ├── vp9dsp_init_16bpp.c
│           │   │   ├── vp9dsp_init_16bpp.d
│           │   │   ├── vp9dsp_init_16bpp.o
│           │   │   ├── vp9dsp_init_16bpp_template.c
│           │   │   ├── vp9intrapred.asm
│           │   │   ├── vp9intrapred.d
│           │   │   ├── vp9intrapred.o
│           │   │   ├── vp9intrapred_16bpp.asm
│           │   │   ├── vp9intrapred_16bpp.d
│           │   │   ├── vp9intrapred_16bpp.o
│           │   │   ├── vp9itxfm.asm
│           │   │   ├── vp9itxfm.d
│           │   │   ├── vp9itxfm.o
│           │   │   ├── vp9itxfm_16bpp.asm
│           │   │   ├── vp9itxfm_16bpp.d
│           │   │   ├── vp9itxfm_16bpp.o
│           │   │   ├── vp9itxfm_16bpp_avx512.asm
│           │   │   ├── vp9itxfm_16bpp_avx512.d
│           │   │   ├── vp9itxfm_16bpp_avx512.o
│           │   │   ├── vp9itxfm_avx2.asm
│           │   │   ├── vp9itxfm_avx2.d
│           │   │   ├── vp9itxfm_avx2.o
│           │   │   ├── vp9itxfm_avx512.asm
│           │   │   ├── vp9itxfm_avx512.d
│           │   │   ├── vp9itxfm_avx512.o
│           │   │   ├── vp9itxfm_template.asm
│           │   │   ├── vp9lpf.asm
│           │   │   ├── vp9lpf.d
│           │   │   ├── vp9lpf.o
│           │   │   ├── vp9lpf_16bpp.asm
│           │   │   ├── vp9lpf_16bpp.d
│           │   │   ├── vp9lpf_16bpp.o
│           │   │   ├── vp9mc.asm
│           │   │   ├── vp9mc.d
│           │   │   ├── vp9mc.o
│           │   │   ├── vp9mc_16bpp.asm
│           │   │   ├── vp9mc_16bpp.d
│           │   │   ├── vp9mc_16bpp.o
│           │   │   ├── vpx_arith.h
│           │   │   ├── vvc
│           │   │   │   ├── Makefile
│           │   │   │   ├── alf.asm
│           │   │   │   ├── alf.d
│           │   │   │   ├── alf.o
│           │   │   │   ├── dmvr.asm
│           │   │   │   ├── dmvr.d
│           │   │   │   ├── dmvr.o
│           │   │   │   ├── dsp_init.c
│           │   │   │   ├── dsp_init.d
│           │   │   │   ├── dsp_init.o
│           │   │   │   ├── mc.asm
│           │   │   │   ├── mc.d
│           │   │   │   ├── mc.o
│           │   │   │   ├── of.asm
│           │   │   │   ├── of.d
│           │   │   │   ├── of.o
│           │   │   │   ├── sad.asm
│           │   │   │   ├── sad.d
│           │   │   │   ├── sad.o
│           │   │   │   ├── sao.asm
│           │   │   │   ├── sao.d
│           │   │   │   ├── sao.o
│           │   │   │   ├── sao_10bit.asm
│           │   │   │   ├── sao_10bit.d
│           │   │   │   └── sao_10bit.o
│           │   │   ├── w64xmmtest.c
│           │   │   ├── xvididct.asm
│           │   │   ├── xvididct.d
│           │   │   ├── xvididct.h
│           │   │   ├── xvididct.o
│           │   │   ├── xvididct_init.c
│           │   │   ├── xvididct_init.d
│           │   │   └── xvididct_init.o
│           │   ├── xan.c
│           │   ├── xan.d
│           │   ├── xan.o
│           │   ├── xbm_parser.c
│           │   ├── xbm_parser.d
│           │   ├── xbm_parser.o
│           │   ├── xbmdec.c
│           │   ├── xbmdec.d
│           │   ├── xbmdec.o
│           │   ├── xbmenc.c
│           │   ├── xbmenc.d
│           │   ├── xbmenc.o
│           │   ├── xface.c
│           │   ├── xface.d
│           │   ├── xface.h
│           │   ├── xface.o
│           │   ├── xfacedec.c
│           │   ├── xfacedec.d
│           │   ├── xfacedec.o
│           │   ├── xfaceenc.c
│           │   ├── xfaceenc.d
│           │   ├── xfaceenc.o
│           │   ├── xiph.c
│           │   ├── xiph.d
│           │   ├── xiph.h
│           │   ├── xiph.o
│           │   ├── xl.c
│           │   ├── xl.d
│           │   ├── xl.o
│           │   ├── xma_parser.c
│           │   ├── xma_parser.d
│           │   ├── xma_parser.o
│           │   ├── xpmdec.c
│           │   ├── xpmdec.d
│           │   ├── xpmdec.o
│           │   ├── xsubdec.c
│           │   ├── xsubdec.d
│           │   ├── xsubdec.o
│           │   ├── xsubenc.c
│           │   ├── xsubenc.d
│           │   ├── xsubenc.o
│           │   ├── xvididct.c
│           │   ├── xvididct.d
│           │   ├── xvididct.h
│           │   ├── xvididct.o
│           │   ├── xwd.h
│           │   ├── xwd_parser.c
│           │   ├── xwd_parser.d
│           │   ├── xwd_parser.o
│           │   ├── xwddec.c
│           │   ├── xwddec.d
│           │   ├── xwddec.o
│           │   ├── xwdenc.c
│           │   ├── xwdenc.d
│           │   ├── xwdenc.o
│           │   ├── xxan.c
│           │   ├── xxan.d
│           │   ├── xxan.o
│           │   ├── y41pdec.c
│           │   ├── y41pdec.d
│           │   ├── y41pdec.o
│           │   ├── y41penc.c
│           │   ├── y41penc.d
│           │   ├── y41penc.o
│           │   ├── ylc.c
│           │   ├── ylc.d
│           │   ├── ylc.o
│           │   ├── yop.c
│           │   ├── yop.d
│           │   ├── yop.o
│           │   ├── yuv4dec.c
│           │   ├── yuv4dec.d
│           │   ├── yuv4dec.o
│           │   ├── yuv4enc.c
│           │   ├── yuv4enc.d
│           │   ├── yuv4enc.o
│           │   ├── zerocodec.c
│           │   ├── zerocodec.d
│           │   ├── zerocodec.o
│           │   ├── zlib_wrapper.c
│           │   ├── zlib_wrapper.d
│           │   ├── zlib_wrapper.h
│           │   ├── zlib_wrapper.o
│           │   ├── zmbv.c
│           │   ├── zmbv.d
│           │   ├── zmbv.o
│           │   ├── zmbvenc.c
│           │   ├── zmbvenc.d
│           │   └── zmbvenc.o
│           ├── libavdevice
│           │   ├── Makefile
│           │   ├── alldevices.c
│           │   ├── alldevices.d
│           │   ├── alldevices.o
│           │   ├── alsa.c
│           │   ├── alsa.h
│           │   ├── alsa_dec.c
│           │   ├── alsa_enc.c
│           │   ├── android_camera.c
│           │   ├── audiotoolbox.m
│           │   ├── avdevice.c
│           │   ├── avdevice.d
│           │   ├── avdevice.h
│           │   ├── avdevice.o
│           │   ├── avdeviceres.rc
│           │   ├── avfoundation.m
│           │   ├── caca.c
│           │   ├── ccfifo.c
│           │   ├── decklink_common.cpp
│           │   ├── decklink_common.h
│           │   ├── decklink_common_c.h
│           │   ├── decklink_dec.cpp
│           │   ├── decklink_dec.h
│           │   ├── decklink_dec_c.c
│           │   ├── decklink_enc.cpp
│           │   ├── decklink_enc.h
│           │   ├── decklink_enc_c.c
│           │   ├── dshow.c
│           │   ├── dshow_capture.h
│           │   ├── dshow_common.c
│           │   ├── dshow_crossbar.c
│           │   ├── dshow_enummediatypes.c
│           │   ├── dshow_enumpins.c
│           │   ├── dshow_filter.c
│           │   ├── dshow_pin.c
│           │   ├── fbdev_common.c
│           │   ├── fbdev_common.d
│           │   ├── fbdev_common.h
│           │   ├── fbdev_common.o
│           │   ├── fbdev_dec.c
│           │   ├── fbdev_dec.d
│           │   ├── fbdev_dec.o
│           │   ├── fbdev_enc.c
│           │   ├── fbdev_enc.d
│           │   ├── fbdev_enc.o
│           │   ├── file_open.c
│           │   ├── gdigrab.c
│           │   ├── iec61883.c
│           │   ├── indev_list.c
│           │   ├── internal.h
│           │   ├── jack.c
│           │   ├── kmsgrab.c
│           │   ├── lavfi.c
│           │   ├── lavfi.d
│           │   ├── lavfi.o
│           │   ├── libavdevice.pc
│           │   ├── libavdevice.so -> libavdevice.so.62
│           │   ├── libavdevice.so.62
│           │   ├── libavdevice.v
│           │   ├── libavdevice.ver
│           │   ├── libavdevice.version
│           │   ├── libcdio.c
│           │   ├── libdc1394.c
│           │   ├── openal-dec.c
│           │   ├── oss.c
│           │   ├── oss.h
│           │   ├── oss_dec.c
│           │   ├── oss_enc.c
│           │   ├── outdev_list.c
│           │   ├── pulse_audio_common.c
│           │   ├── pulse_audio_common.h
│           │   ├── pulse_audio_dec.c
│           │   ├── pulse_audio_enc.c
│           │   ├── reverse.c
│           │   ├── riscv
│           │   │   ├── Makefile
│           │   │   └── cpu_common.c
│           │   ├── sndio.c
│           │   ├── sndio.h
│           │   ├── sndio_dec.c
│           │   ├── sndio_enc.c
│           │   ├── tests
│           │   │   └── timefilter.c
│           │   ├── timefilter.c
│           │   ├── timefilter.d
│           │   ├── timefilter.h
│           │   ├── timefilter.o
│           │   ├── utils.c
│           │   ├── utils.d
│           │   ├── utils.o
│           │   ├── v4l2-common.c
│           │   ├── v4l2-common.d
│           │   ├── v4l2-common.h
│           │   ├── v4l2-common.o
│           │   ├── v4l2.c
│           │   ├── v4l2.d
│           │   ├── v4l2.o
│           │   ├── v4l2enc.c
│           │   ├── v4l2enc.d
│           │   ├── v4l2enc.o
│           │   ├── version.c
│           │   ├── version.d
│           │   ├── version.h
│           │   ├── version.o
│           │   ├── version_major.h
│           │   ├── vfwcap.c
│           │   ├── xcbgrab.c
│           │   └── xv.c
│           ├── libavfilter
│           │   ├── Makefile
│           │   ├── aap_template.c
│           │   ├── aarch64
│           │   │   ├── Makefile
│           │   │   ├── vf_bwdif_init_aarch64.c
│           │   │   ├── vf_bwdif_init_aarch64.d
│           │   │   ├── vf_bwdif_init_aarch64.o
│           │   │   ├── vf_bwdif_neon.S
│           │   │   ├── vf_bwdif_neon.d
│           │   │   ├── vf_bwdif_neon.o
│           │   │   ├── vf_colordetect_init.c
│           │   │   ├── vf_colordetect_init.d
│           │   │   ├── vf_colordetect_init.o
│           │   │   ├── vf_colordetect_neon.S
│           │   │   ├── vf_colordetect_neon.d
│           │   │   ├── vf_colordetect_neon.o
│           │   │   ├── vf_nlmeans_init.c
│           │   │   ├── vf_nlmeans_init.d
│           │   │   ├── vf_nlmeans_init.o
│           │   │   ├── vf_nlmeans_neon.S
│           │   │   ├── vf_nlmeans_neon.d
│           │   │   └── vf_nlmeans_neon.o
│           │   ├── adynamicequalizer_template.c
│           │   ├── aeval.c
│           │   ├── aeval.d
│           │   ├── aeval.o
│           │   ├── af_aap.c
│           │   ├── af_aap.d
│           │   ├── af_aap.o
│           │   ├── af_acontrast.c
│           │   ├── af_acontrast.d
│           │   ├── af_acontrast.o
│           │   ├── af_acopy.c
│           │   ├── af_acopy.d
│           │   ├── af_acopy.o
│           │   ├── af_acrossover.c
│           │   ├── af_acrossover.d
│           │   ├── af_acrossover.o
│           │   ├── af_acrusher.c
│           │   ├── af_acrusher.d
│           │   ├── af_acrusher.o
│           │   ├── af_adeclick.c
│           │   ├── af_adeclick.d
│           │   ├── af_adeclick.o
│           │   ├── af_adecorrelate.c
│           │   ├── af_adecorrelate.d
│           │   ├── af_adecorrelate.o
│           │   ├── af_adelay.c
│           │   ├── af_adelay.d
│           │   ├── af_adelay.o
│           │   ├── af_adenorm.c
│           │   ├── af_adenorm.d
│           │   ├── af_adenorm.o
│           │   ├── af_aderivative.c
│           │   ├── af_aderivative.d
│           │   ├── af_aderivative.o
│           │   ├── af_adrc.c
│           │   ├── af_adrc.d
│           │   ├── af_adrc.o
│           │   ├── af_adynamicequalizer.c
│           │   ├── af_adynamicequalizer.d
│           │   ├── af_adynamicequalizer.o
│           │   ├── af_adynamicsmooth.c
│           │   ├── af_adynamicsmooth.d
│           │   ├── af_adynamicsmooth.o
│           │   ├── af_aecho.c
│           │   ├── af_aecho.d
│           │   ├── af_aecho.o
│           │   ├── af_aemphasis.c
│           │   ├── af_aemphasis.d
│           │   ├── af_aemphasis.o
│           │   ├── af_aexciter.c
│           │   ├── af_aexciter.d
│           │   ├── af_aexciter.o
│           │   ├── af_afade.c
│           │   ├── af_afade.d
│           │   ├── af_afade.o
│           │   ├── af_afftdn.c
│           │   ├── af_afftdn.d
│           │   ├── af_afftdn.o
│           │   ├── af_afftfilt.c
│           │   ├── af_afftfilt.d
│           │   ├── af_afftfilt.o
│           │   ├── af_afir.c
│           │   ├── af_afir.d
│           │   ├── af_afir.o
│           │   ├── af_afirdsp.h
│           │   ├── af_aformat.c
│           │   ├── af_aformat.d
│           │   ├── af_aformat.o
│           │   ├── af_afreqshift.c
│           │   ├── af_afreqshift.d
│           │   ├── af_afreqshift.o
│           │   ├── af_afwtdn.c
│           │   ├── af_afwtdn.d
│           │   ├── af_afwtdn.o
│           │   ├── af_agate.c
│           │   ├── af_agate.d
│           │   ├── af_agate.o
│           │   ├── af_aiir.c
│           │   ├── af_aiir.d
│           │   ├── af_aiir.o
│           │   ├── af_alimiter.c
│           │   ├── af_alimiter.d
│           │   ├── af_alimiter.o
│           │   ├── af_amerge.c
│           │   ├── af_amerge.d
│           │   ├── af_amerge.o
│           │   ├── af_amix.c
│           │   ├── af_amix.d
│           │   ├── af_amix.o
│           │   ├── af_amultiply.c
│           │   ├── af_amultiply.d
│           │   ├── af_amultiply.o
│           │   ├── af_anequalizer.c
│           │   ├── af_anequalizer.d
│           │   ├── af_anequalizer.o
│           │   ├── af_anlmdn.c
│           │   ├── af_anlmdn.d
│           │   ├── af_anlmdn.o
│           │   ├── af_anlmdndsp.h
│           │   ├── af_anlms.c
│           │   ├── af_anlms.d
│           │   ├── af_anlms.o
│           │   ├── af_anull.c
│           │   ├── af_anull.d
│           │   ├── af_anull.o
│           │   ├── af_apad.c
│           │   ├── af_apad.d
│           │   ├── af_apad.o
│           │   ├── af_aphaser.c
│           │   ├── af_aphaser.d
│           │   ├── af_aphaser.o
│           │   ├── af_apsyclip.c
│           │   ├── af_apsyclip.d
│           │   ├── af_apsyclip.o
│           │   ├── af_apulsator.c
│           │   ├── af_apulsator.d
│           │   ├── af_apulsator.o
│           │   ├── af_aresample.c
│           │   ├── af_aresample.d
│           │   ├── af_aresample.o
│           │   ├── af_arls.c
│           │   ├── af_arls.d
│           │   ├── af_arls.o
│           │   ├── af_arnndn.c
│           │   ├── af_arnndn.d
│           │   ├── af_arnndn.o
│           │   ├── af_asdr.c
│           │   ├── af_asdr.d
│           │   ├── af_asdr.o
│           │   ├── af_asetnsamples.c
│           │   ├── af_asetnsamples.d
│           │   ├── af_asetnsamples.o
│           │   ├── af_asetrate.c
│           │   ├── af_asetrate.d
│           │   ├── af_asetrate.o
│           │   ├── af_ashowinfo.c
│           │   ├── af_ashowinfo.d
│           │   ├── af_ashowinfo.o
│           │   ├── af_asoftclip.c
│           │   ├── af_asoftclip.d
│           │   ├── af_asoftclip.o
│           │   ├── af_aspectralstats.c
│           │   ├── af_aspectralstats.d
│           │   ├── af_aspectralstats.o
│           │   ├── af_asr.c
│           │   ├── af_astats.c
│           │   ├── af_astats.d
│           │   ├── af_astats.o
│           │   ├── af_asubboost.c
│           │   ├── af_asubboost.d
│           │   ├── af_asubboost.o
│           │   ├── af_asupercut.c
│           │   ├── af_asupercut.d
│           │   ├── af_asupercut.o
│           │   ├── af_atempo.c
│           │   ├── af_atempo.d
│           │   ├── af_atempo.o
│           │   ├── af_atilt.c
│           │   ├── af_atilt.d
│           │   ├── af_atilt.o
│           │   ├── af_axcorrelate.c
│           │   ├── af_axcorrelate.d
│           │   ├── af_axcorrelate.o
│           │   ├── af_biquads.c
│           │   ├── af_biquads.d
│           │   ├── af_biquads.o
│           │   ├── af_bs2b.c
│           │   ├── af_channelmap.c
│           │   ├── af_channelmap.d
│           │   ├── af_channelmap.o
│           │   ├── af_channelsplit.c
│           │   ├── af_channelsplit.d
│           │   ├── af_channelsplit.o
│           │   ├── af_chorus.c
│           │   ├── af_chorus.d
│           │   ├── af_chorus.o
│           │   ├── af_compand.c
│           │   ├── af_compand.d
│           │   ├── af_compand.o
│           │   ├── af_compensationdelay.c
│           │   ├── af_compensationdelay.d
│           │   ├── af_compensationdelay.o
│           │   ├── af_crossfeed.c
│           │   ├── af_crossfeed.d
│           │   ├── af_crossfeed.o
│           │   ├── af_crystalizer.c
│           │   ├── af_crystalizer.d
│           │   ├── af_crystalizer.o
│           │   ├── af_dcshift.c
│           │   ├── af_dcshift.d
│           │   ├── af_dcshift.o
│           │   ├── af_deesser.c
│           │   ├── af_deesser.d
│           │   ├── af_deesser.o
│           │   ├── af_dialoguenhance.c
│           │   ├── af_dialoguenhance.d
│           │   ├── af_dialoguenhance.o
│           │   ├── af_drmeter.c
│           │   ├── af_drmeter.d
│           │   ├── af_drmeter.o
│           │   ├── af_dynaudnorm.c
│           │   ├── af_dynaudnorm.d
│           │   ├── af_dynaudnorm.o
│           │   ├── af_earwax.c
│           │   ├── af_earwax.d
│           │   ├── af_earwax.o
│           │   ├── af_extrastereo.c
│           │   ├── af_extrastereo.d
│           │   ├── af_extrastereo.o
│           │   ├── af_firequalizer.c
│           │   ├── af_firequalizer.d
│           │   ├── af_firequalizer.o
│           │   ├── af_flanger.c
│           │   ├── af_flanger.d
│           │   ├── af_flanger.o
│           │   ├── af_haas.c
│           │   ├── af_haas.d
│           │   ├── af_haas.o
│           │   ├── af_hdcd.c
│           │   ├── af_hdcd.d
│           │   ├── af_hdcd.o
│           │   ├── af_headphone.c
│           │   ├── af_headphone.d
│           │   ├── af_headphone.o
│           │   ├── af_join.c
│           │   ├── af_join.d
│           │   ├── af_join.o
│           │   ├── af_ladspa.c
│           │   ├── af_loudnorm.c
│           │   ├── af_loudnorm.d
│           │   ├── af_loudnorm.o
│           │   ├── af_lv2.c
│           │   ├── af_mcompand.c
│           │   ├── af_mcompand.d
│           │   ├── af_mcompand.o
│           │   ├── af_pan.c
│           │   ├── af_pan.d
│           │   ├── af_pan.o
│           │   ├── af_replaygain.c
│           │   ├── af_replaygain.d
│           │   ├── af_replaygain.o
│           │   ├── af_rubberband.c
│           │   ├── af_sidechaincompress.c
│           │   ├── af_sidechaincompress.d
│           │   ├── af_sidechaincompress.o
│           │   ├── af_silencedetect.c
│           │   ├── af_silencedetect.d
│           │   ├── af_silencedetect.o
│           │   ├── af_silenceremove.c
│           │   ├── af_silenceremove.d
│           │   ├── af_silenceremove.o
│           │   ├── af_sofalizer.c
│           │   ├── af_speechnorm.c
│           │   ├── af_speechnorm.d
│           │   ├── af_speechnorm.o
│           │   ├── af_stereotools.c
│           │   ├── af_stereotools.d
│           │   ├── af_stereotools.o
│           │   ├── af_stereowiden.c
│           │   ├── af_stereowiden.d
│           │   ├── af_stereowiden.o
│           │   ├── af_superequalizer.c
│           │   ├── af_superequalizer.d
│           │   ├── af_superequalizer.o
│           │   ├── af_surround.c
│           │   ├── af_surround.d
│           │   ├── af_surround.o
│           │   ├── af_tremolo.c
│           │   ├── af_tremolo.d
│           │   ├── af_tremolo.o
│           │   ├── af_vibrato.c
│           │   ├── af_vibrato.d
│           │   ├── af_vibrato.o
│           │   ├── af_virtualbass.c
│           │   ├── af_virtualbass.d
│           │   ├── af_virtualbass.o
│           │   ├── af_volume.c
│           │   ├── af_volume.d
│           │   ├── af_volume.h
│           │   ├── af_volume.o
│           │   ├── af_volumedetect.c
│           │   ├── af_volumedetect.d
│           │   ├── af_volumedetect.o
│           │   ├── af_whisper.c
│           │   ├── afir_template.c
│           │   ├── allfilters.c
│           │   ├── allfilters.d
│           │   ├── allfilters.o
│           │   ├── anlms_template.c
│           │   ├── arls_template.c
│           │   ├── asink_anullsink.c
│           │   ├── asink_anullsink.d
│           │   ├── asink_anullsink.o
│           │   ├── asrc_afdelaysrc.c
│           │   ├── asrc_afdelaysrc.d
│           │   ├── asrc_afdelaysrc.o
│           │   ├── asrc_afirsrc.c
│           │   ├── asrc_afirsrc.d
│           │   ├── asrc_afirsrc.o
│           │   ├── asrc_anoisesrc.c
│           │   ├── asrc_anoisesrc.d
│           │   ├── asrc_anoisesrc.o
│           │   ├── asrc_anullsrc.c
│           │   ├── asrc_anullsrc.d
│           │   ├── asrc_anullsrc.o
│           │   ├── asrc_flite.c
│           │   ├── asrc_hilbert.c
│           │   ├── asrc_hilbert.d
│           │   ├── asrc_hilbert.o
│           │   ├── asrc_sinc.c
│           │   ├── asrc_sinc.d
│           │   ├── asrc_sinc.o
│           │   ├── asrc_sine.c
│           │   ├── asrc_sine.d
│           │   ├── asrc_sine.o
│           │   ├── atadenoise.h
│           │   ├── audio.c
│           │   ├── audio.d
│           │   ├── audio.h
│           │   ├── audio.o
│           │   ├── avf_a3dscope.c
│           │   ├── avf_a3dscope.d
│           │   ├── avf_a3dscope.o
│           │   ├── avf_abitscope.c
│           │   ├── avf_abitscope.d
│           │   ├── avf_abitscope.o
│           │   ├── avf_ahistogram.c
│           │   ├── avf_ahistogram.d
│           │   ├── avf_ahistogram.o
│           │   ├── avf_aphasemeter.c
│           │   ├── avf_aphasemeter.d
│           │   ├── avf_aphasemeter.o
│           │   ├── avf_avectorscope.c
│           │   ├── avf_avectorscope.d
│           │   ├── avf_avectorscope.o
│           │   ├── avf_concat.c
│           │   ├── avf_concat.d
│           │   ├── avf_concat.o
│           │   ├── avf_showcqt.c
│           │   ├── avf_showcqt.d
│           │   ├── avf_showcqt.h
│           │   ├── avf_showcqt.o
│           │   ├── avf_showcwt.c
│           │   ├── avf_showcwt.d
│           │   ├── avf_showcwt.o
│           │   ├── avf_showfreqs.c
│           │   ├── avf_showfreqs.d
│           │   ├── avf_showfreqs.o
│           │   ├── avf_showspatial.c
│           │   ├── avf_showspatial.d
│           │   ├── avf_showspatial.o
│           │   ├── avf_showspectrum.c
│           │   ├── avf_showspectrum.d
│           │   ├── avf_showspectrum.o
│           │   ├── avf_showvolume.c
│           │   ├── avf_showvolume.d
│           │   ├── avf_showvolume.o
│           │   ├── avf_showwaves.c
│           │   ├── avf_showwaves.d
│           │   ├── avf_showwaves.o
│           │   ├── avfilter.c
│           │   ├── avfilter.d
│           │   ├── avfilter.h
│           │   ├── avfilter.o
│           │   ├── avfilter_internal.h
│           │   ├── avfiltergraph.c
│           │   ├── avfiltergraph.d
│           │   ├── avfiltergraph.o
│           │   ├── avfilterres.rc
│           │   ├── bbox.c
│           │   ├── bbox.d
│           │   ├── bbox.h
│           │   ├── bbox.o
│           │   ├── blend.h
│           │   ├── blend_modes.c
│           │   ├── boxblur.c
│           │   ├── boxblur.h
│           │   ├── bufferqueue.h
│           │   ├── buffersink.c
│           │   ├── buffersink.d
│           │   ├── buffersink.h
│           │   ├── buffersink.o
│           │   ├── buffersrc.c
│           │   ├── buffersrc.d
│           │   ├── buffersrc.h
│           │   ├── buffersrc.o
│           │   ├── bwdifdsp.c
│           │   ├── bwdifdsp.d
│           │   ├── bwdifdsp.h
│           │   ├── bwdifdsp.o
│           │   ├── ccfifo.c
│           │   ├── ccfifo.d
│           │   ├── ccfifo.h
│           │   ├── ccfifo.o
│           │   ├── colorchannelmixer_template.c
│           │   ├── colorspace.c
│           │   ├── colorspace.d
│           │   ├── colorspace.h
│           │   ├── colorspace.o
│           │   ├── colorspacedsp.c
│           │   ├── colorspacedsp.d
│           │   ├── colorspacedsp.h
│           │   ├── colorspacedsp.o
│           │   ├── colorspacedsp_template.c
│           │   ├── colorspacedsp_yuv2yuv_template.c
│           │   ├── convolution.h
│           │   ├── cuda
│           │   │   ├── load_helper.c
│           │   │   ├── load_helper.h
│           │   │   └── vector_helpers.cuh
│           │   ├── dialoguenhance_template.c
│           │   ├── dnn
│           │   │   ├── Makefile
│           │   │   ├── dnn_backend_common.c
│           │   │   ├── dnn_backend_common.h
│           │   │   ├── dnn_backend_openvino.c
│           │   │   ├── dnn_backend_tf.c
│           │   │   ├── dnn_backend_torch.cpp
│           │   │   ├── dnn_interface.c
│           │   │   ├── dnn_io_proc.c
│           │   │   ├── dnn_io_proc.h
│           │   │   ├── queue.c
│           │   │   ├── queue.h
│           │   │   ├── safe_queue.c
│           │   │   └── safe_queue.h
│           │   ├── dnn_filter_common.c
│           │   ├── dnn_filter_common.h
│           │   ├── dnn_interface.h
│           │   ├── drawutils.c
│           │   ├── drawutils.d
│           │   ├── drawutils.h
│           │   ├── drawutils.o
│           │   ├── ebur128.c
│           │   ├── ebur128.d
│           │   ├── ebur128.h
│           │   ├── ebur128.o
│           │   ├── edge_common.c
│           │   ├── edge_common.d
│           │   ├── edge_common.h
│           │   ├── edge_common.o
│           │   ├── edge_template.c
│           │   ├── f_bench.c
│           │   ├── f_bench.d
│           │   ├── f_bench.o
│           │   ├── f_cue.c
│           │   ├── f_cue.d
│           │   ├── f_cue.o
│           │   ├── f_drawgraph.c
│           │   ├── f_drawgraph.d
│           │   ├── f_drawgraph.o
│           │   ├── f_ebur128.c
│           │   ├── f_ebur128.d
│           │   ├── f_ebur128.h
│           │   ├── f_ebur128.o
│           │   ├── f_graphmonitor.c
│           │   ├── f_graphmonitor.d
│           │   ├── f_graphmonitor.o
│           │   ├── f_interleave.c
│           │   ├── f_interleave.d
│           │   ├── f_interleave.o
│           │   ├── f_latency.c
│           │   ├── f_latency.d
│           │   ├── f_latency.o
│           │   ├── f_loop.c
│           │   ├── f_loop.d
│           │   ├── f_loop.o
│           │   ├── f_metadata.c
│           │   ├── f_metadata.d
│           │   ├── f_metadata.o
│           │   ├── f_perms.c
│           │   ├── f_perms.d
│           │   ├── f_perms.o
│           │   ├── f_realtime.c
│           │   ├── f_realtime.d
│           │   ├── f_realtime.o
│           │   ├── f_reverse.c
│           │   ├── f_reverse.d
│           │   ├── f_reverse.o
│           │   ├── f_segment.c
│           │   ├── f_segment.d
│           │   ├── f_segment.o
│           │   ├── f_select.c
│           │   ├── f_select.d
│           │   ├── f_select.o
│           │   ├── f_sendcmd.c
│           │   ├── f_sendcmd.d
│           │   ├── f_sendcmd.o
│           │   ├── f_sidedata.c
│           │   ├── f_sidedata.d
│           │   ├── f_sidedata.o
│           │   ├── f_streamselect.c
│           │   ├── f_streamselect.d
│           │   ├── f_streamselect.o
│           │   ├── f_zmq.c
│           │   ├── fflcms2.c
│           │   ├── fflcms2.h
│           │   ├── file_open.c
│           │   ├── filter_list.c
│           │   ├── filters.h
│           │   ├── formats.c
│           │   ├── formats.d
│           │   ├── formats.h
│           │   ├── formats.o
│           │   ├── framepool.c
│           │   ├── framepool.d
│           │   ├── framepool.h
│           │   ├── framepool.o
│           │   ├── framequeue.c
│           │   ├── framequeue.d
│           │   ├── framequeue.h
│           │   ├── framequeue.o
│           │   ├── framerate.h
│           │   ├── framesync.c
│           │   ├── framesync.d
│           │   ├── framesync.h
│           │   ├── framesync.o
│           │   ├── gblur.h
│           │   ├── generate_wave_table.c
│           │   ├── generate_wave_table.d
│           │   ├── generate_wave_table.h
│           │   ├── generate_wave_table.o
│           │   ├── gradfun.h
│           │   ├── graphdump.c
│           │   ├── graphdump.d
│           │   ├── graphdump.o
│           │   ├── graphparser.c
│           │   ├── graphparser.d
│           │   ├── graphparser.o
│           │   ├── hermite.h
│           │   ├── hflip.h
│           │   ├── lavfutils.c
│           │   ├── lavfutils.d
│           │   ├── lavfutils.h
│           │   ├── lavfutils.o
│           │   ├── libavfilter.pc
│           │   ├── libavfilter.so -> libavfilter.so.11
│           │   ├── libavfilter.so.11
│           │   ├── libavfilter.v
│           │   ├── libavfilter.ver
│           │   ├── libavfilter.version
│           │   ├── limiter.h
│           │   ├── log2_tab.c
│           │   ├── log2_tab.d
│           │   ├── log2_tab.o
│           │   ├── lswsutils.c
│           │   ├── lswsutils.d
│           │   ├── lswsutils.h
│           │   ├── lswsutils.o
│           │   ├── lut3d.h
│           │   ├── maskedclamp.h
│           │   ├── maskedmerge.h
│           │   ├── median.h
│           │   ├── median_template.c
│           │   ├── metal
│           │   │   ├── utils.h
│           │   │   ├── utils.m
│           │   │   └── vf_yadif_videotoolbox.metal
│           │   ├── motion_estimation.c
│           │   ├── motion_estimation.d
│           │   ├── motion_estimation.h
│           │   ├── motion_estimation.o
│           │   ├── ocio_wrapper.cpp
│           │   ├── ocio_wrapper.hpp
│           │   ├── opencl
│           │   │   ├── avgblur.cl
│           │   │   ├── colorkey.cl
│           │   │   ├── colorspace_common.cl
│           │   │   ├── convolution.cl
│           │   │   ├── deshake.cl
│           │   │   ├── neighbor.cl
│           │   │   ├── nlmeans.cl
│           │   │   ├── overlay.cl
│           │   │   ├── pad.cl
│           │   │   ├── remap.cl
│           │   │   ├── tonemap.cl
│           │   │   ├── transpose.cl
│           │   │   ├── unsharp.cl
│           │   │   └── xfade.cl
│           │   ├── opencl.c
│           │   ├── opencl.h
│           │   ├── opencl_source.h
│           │   ├── palette.c
│           │   ├── palette.d
│           │   ├── palette.h
│           │   ├── palette.o
│           │   ├── perlin.c
│           │   ├── perlin.d
│           │   ├── perlin.h
│           │   ├── perlin.o
│           │   ├── phase_template.c
│           │   ├── preserve_color.h
│           │   ├── psnr.c
│           │   ├── psnr.d
│           │   ├── psnr.h
│           │   ├── psnr.o
│           │   ├── pthread.c
│           │   ├── pthread.d
│           │   ├── pthread.o
│           │   ├── qp_table.c
│           │   ├── qp_table.d
│           │   ├── qp_table.h
│           │   ├── qp_table.o
│           │   ├── qrencode.c
│           │   ├── qsvvpp.c
│           │   ├── qsvvpp.h
│           │   ├── removegrain.h
│           │   ├── riscv
│           │   │   ├── Makefile
│           │   │   ├── af_afir_init.c
│           │   │   ├── af_afir_rvv.S
│           │   │   ├── cpu_common.c
│           │   │   ├── vf_blackdetect_init.c
│           │   │   └── vf_blackdetect_rvv.S
│           │   ├── scale_eval.c
│           │   ├── scale_eval.d
│           │   ├── scale_eval.h
│           │   ├── scale_eval.o
│           │   ├── scene_sad.c
│           │   ├── scene_sad.d
│           │   ├── scene_sad.h
│           │   ├── scene_sad.o
│           │   ├── setpts.c
│           │   ├── setpts.d
│           │   ├── setpts.o
│           │   ├── settb.c
│           │   ├── settb.d
│           │   ├── settb.o
│           │   ├── signature.h
│           │   ├── signature_lookup.c
│           │   ├── silenceremove_template.c
│           │   ├── split.c
│           │   ├── split.d
│           │   ├── split.o
│           │   ├── src_avsynctest.c
│           │   ├── src_avsynctest.d
│           │   ├── src_avsynctest.o
│           │   ├── src_movie.c
│           │   ├── src_movie.d
│           │   ├── src_movie.o
│           │   ├── ssim.h
│           │   ├── stack_internal.c
│           │   ├── stack_internal.h
│           │   ├── stereo3d.h
│           │   ├── tests
│           │   │   ├── drawutils.c
│           │   │   ├── drawvg.c
│           │   │   ├── filtfmts.c
│           │   │   ├── formats.c
│           │   │   └── integral.c
│           │   ├── textutils.c
│           │   ├── textutils.h
│           │   ├── threshold.h
│           │   ├── tinterlace.h
│           │   ├── transform.c
│           │   ├── transform.d
│           │   ├── transform.h
│           │   ├── transform.o
│           │   ├── transpose.h
│           │   ├── trim.c
│           │   ├── trim.d
│           │   ├── trim.o
│           │   ├── v360.h
│           │   ├── vaapi_vpp.c
│           │   ├── vaapi_vpp.h
│           │   ├── vaf_spectrumsynth.c
│           │   ├── vaf_spectrumsynth.d
│           │   ├── vaf_spectrumsynth.o
│           │   ├── version.c
│           │   ├── version.d
│           │   ├── version.h
│           │   ├── version.o
│           │   ├── version_major.h
│           │   ├── vf_addroi.c
│           │   ├── vf_addroi.d
│           │   ├── vf_addroi.o
│           │   ├── vf_alphamerge.c
│           │   ├── vf_alphamerge.d
│           │   ├── vf_alphamerge.o
│           │   ├── vf_amf_common.c
│           │   ├── vf_amf_common.h
│           │   ├── vf_amplify.c
│           │   ├── vf_amplify.d
│           │   ├── vf_amplify.o
│           │   ├── vf_aspect.c
│           │   ├── vf_aspect.d
│           │   ├── vf_aspect.o
│           │   ├── vf_atadenoise.c
│           │   ├── vf_atadenoise.d
│           │   ├── vf_atadenoise.o
│           │   ├── vf_avgblur.c
│           │   ├── vf_avgblur.d
│           │   ├── vf_avgblur.o
│           │   ├── vf_avgblur_opencl.c
│           │   ├── vf_avgblur_vulkan.c
│           │   ├── vf_backgroundkey.c
│           │   ├── vf_backgroundkey.d
│           │   ├── vf_backgroundkey.o
│           │   ├── vf_bbox.c
│           │   ├── vf_bbox.d
│           │   ├── vf_bbox.o
│           │   ├── vf_bilateral.c
│           │   ├── vf_bilateral.d
│           │   ├── vf_bilateral.o
│           │   ├── vf_bilateral_cuda.c
│           │   ├── vf_bilateral_cuda.cu
│           │   ├── vf_bitplanenoise.c
│           │   ├── vf_bitplanenoise.d
│           │   ├── vf_bitplanenoise.o
│           │   ├── vf_blackdetect.c
│           │   ├── vf_blackdetect.d
│           │   ├── vf_blackdetect.h
│           │   ├── vf_blackdetect.o
│           │   ├── vf_blackdetect_vulkan.c
│           │   ├── vf_blackframe.c
│           │   ├── vf_blend.c
│           │   ├── vf_blend.d
│           │   ├── vf_blend.o
│           │   ├── vf_blend_init.h
│           │   ├── vf_blend_vulkan.c
│           │   ├── vf_blockdetect.c
│           │   ├── vf_blockdetect.d
│           │   ├── vf_blockdetect.o
│           │   ├── vf_blurdetect.c
│           │   ├── vf_blurdetect.d
│           │   ├── vf_blurdetect.o
│           │   ├── vf_bm3d.c
│           │   ├── vf_bm3d.d
│           │   ├── vf_bm3d.o
│           │   ├── vf_boxblur.c
│           │   ├── vf_bwdif.c
│           │   ├── vf_bwdif.d
│           │   ├── vf_bwdif.o
│           │   ├── vf_bwdif_cuda.c
│           │   ├── vf_bwdif_cuda.cu
│           │   ├── vf_bwdif_vulkan.c
│           │   ├── vf_cas.c
│           │   ├── vf_cas.d
│           │   ├── vf_cas.o
│           │   ├── vf_ccrepack.c
│           │   ├── vf_ccrepack.d
│           │   ├── vf_ccrepack.o
│           │   ├── vf_chromaber_vulkan.c
│           │   ├── vf_chromakey.c
│           │   ├── vf_chromakey.d
│           │   ├── vf_chromakey.o
│           │   ├── vf_chromakey_cuda.c
│           │   ├── vf_chromakey_cuda.cu
│           │   ├── vf_chromanr.c
│           │   ├── vf_chromanr.d
│           │   ├── vf_chromanr.o
│           │   ├── vf_chromashift.c
│           │   ├── vf_chromashift.d
│           │   ├── vf_chromashift.o
│           │   ├── vf_ciescope.c
│           │   ├── vf_ciescope.d
│           │   ├── vf_ciescope.o
│           │   ├── vf_codecview.c
│           │   ├── vf_codecview.d
│           │   ├── vf_codecview.o
│           │   ├── vf_colorbalance.c
│           │   ├── vf_colorbalance.d
│           │   ├── vf_colorbalance.o
│           │   ├── vf_colorchannelmixer.c
│           │   ├── vf_colorchannelmixer.d
│           │   ├── vf_colorchannelmixer.o
│           │   ├── vf_colorconstancy.c
│           │   ├── vf_colorconstancy.d
│           │   ├── vf_colorconstancy.o
│           │   ├── vf_colorcontrast.c
│           │   ├── vf_colorcontrast.d
│           │   ├── vf_colorcontrast.o
│           │   ├── vf_colorcorrect.c
│           │   ├── vf_colorcorrect.d
│           │   ├── vf_colorcorrect.o
│           │   ├── vf_colordetect.c
│           │   ├── vf_colordetect.d
│           │   ├── vf_colordetect.o
│           │   ├── vf_colordetectdsp.h
│           │   ├── vf_colorize.c
│           │   ├── vf_colorize.d
│           │   ├── vf_colorize.o
│           │   ├── vf_colorkey.c
│           │   ├── vf_colorkey.d
│           │   ├── vf_colorkey.o
│           │   ├── vf_colorkey_opencl.c
│           │   ├── vf_colorlevels.c
│           │   ├── vf_colorlevels.d
│           │   ├── vf_colorlevels.o
│           │   ├── vf_colormap.c
│           │   ├── vf_colormap.d
│           │   ├── vf_colormap.o
│           │   ├── vf_colormatrix.c
│           │   ├── vf_colorspace.c
│           │   ├── vf_colorspace.d
│           │   ├── vf_colorspace.o
│           │   ├── vf_colorspace_cuda.c
│           │   ├── vf_colorspace_cuda.cu
│           │   ├── vf_colortemperature.c
│           │   ├── vf_colortemperature.d
│           │   ├── vf_colortemperature.o
│           │   ├── vf_convolution.c
│           │   ├── vf_convolution.d
│           │   ├── vf_convolution.o
│           │   ├── vf_convolution_opencl.c
│           │   ├── vf_convolve.c
│           │   ├── vf_convolve.d
│           │   ├── vf_convolve.o
│           │   ├── vf_copy.c
│           │   ├── vf_copy.d
│           │   ├── vf_copy.o
│           │   ├── vf_coreimage.m
│           │   ├── vf_corr.c
│           │   ├── vf_corr.d
│           │   ├── vf_corr.o
│           │   ├── vf_cover_rect.c
│           │   ├── vf_crop.c
│           │   ├── vf_crop.d
│           │   ├── vf_crop.o
│           │   ├── vf_cropdetect.c
│           │   ├── vf_curves.c
│           │   ├── vf_curves.d
│           │   ├── vf_curves.o
│           │   ├── vf_datascope.c
│           │   ├── vf_datascope.d
│           │   ├── vf_datascope.o
│           │   ├── vf_dblur.c
│           │   ├── vf_dblur.d
│           │   ├── vf_dblur.o
│           │   ├── vf_dctdnoiz.c
│           │   ├── vf_dctdnoiz.d
│           │   ├── vf_dctdnoiz.o
│           │   ├── vf_deband.c
│           │   ├── vf_deband.d
│           │   ├── vf_deband.o
│           │   ├── vf_deblock.c
│           │   ├── vf_deblock.d
│           │   ├── vf_deblock.o
│           │   ├── vf_decimate.c
│           │   ├── vf_decimate.d
│           │   ├── vf_decimate.o
│           │   ├── vf_dedot.c
│           │   ├── vf_dedot.d
│           │   ├── vf_dedot.o
│           │   ├── vf_deflicker.c
│           │   ├── vf_deflicker.d
│           │   ├── vf_deflicker.o
│           │   ├── vf_deinterlace_d3d12.c
│           │   ├── vf_deinterlace_vaapi.c
│           │   ├── vf_dejudder.c
│           │   ├── vf_dejudder.d
│           │   ├── vf_dejudder.o
│           │   ├── vf_delogo.c
│           │   ├── vf_derain.c
│           │   ├── vf_deshake.c
│           │   ├── vf_deshake.d
│           │   ├── vf_deshake.o
│           │   ├── vf_deshake_opencl.c
│           │   ├── vf_despill.c
│           │   ├── vf_despill.d
│           │   ├── vf_despill.o
│           │   ├── vf_detelecine.c
│           │   ├── vf_detelecine.d
│           │   ├── vf_detelecine.o
│           │   ├── vf_displace.c
│           │   ├── vf_displace.d
│           │   ├── vf_displace.o
│           │   ├── vf_dnn_classify.c
│           │   ├── vf_dnn_detect.c
│           │   ├── vf_dnn_processing.c
│           │   ├── vf_drawbox.c
│           │   ├── vf_drawbox.d
│           │   ├── vf_drawbox.o
│           │   ├── vf_drawbox_vaapi.c
│           │   ├── vf_drawtext.c
│           │   ├── vf_drawvg.c
│           │   ├── vf_edgedetect.c
│           │   ├── vf_edgedetect.d
│           │   ├── vf_edgedetect.o
│           │   ├── vf_elbg.c
│           │   ├── vf_elbg.d
│           │   ├── vf_elbg.o
│           │   ├── vf_entropy.c
│           │   ├── vf_entropy.d
│           │   ├── vf_entropy.o
│           │   ├── vf_epx.c
│           │   ├── vf_epx.d
│           │   ├── vf_epx.o
│           │   ├── vf_eq.c
│           │   ├── vf_eq.h
│           │   ├── vf_estdif.c
│           │   ├── vf_estdif.d
│           │   ├── vf_estdif.o
│           │   ├── vf_exposure.c
│           │   ├── vf_exposure.d
│           │   ├── vf_exposure.o
│           │   ├── vf_extractplanes.c
│           │   ├── vf_extractplanes.d
│           │   ├── vf_extractplanes.o
│           │   ├── vf_fade.c
│           │   ├── vf_fade.d
│           │   ├── vf_fade.o
│           │   ├── vf_feedback.c
│           │   ├── vf_feedback.d
│           │   ├── vf_feedback.o
│           │   ├── vf_fftdnoiz.c
│           │   ├── vf_fftdnoiz.d
│           │   ├── vf_fftdnoiz.o
│           │   ├── vf_fftfilt.c
│           │   ├── vf_fftfilt.d
│           │   ├── vf_fftfilt.o
│           │   ├── vf_field.c
│           │   ├── vf_field.d
│           │   ├── vf_field.o
│           │   ├── vf_fieldhint.c
│           │   ├── vf_fieldhint.d
│           │   ├── vf_fieldhint.o
│           │   ├── vf_fieldmatch.c
│           │   ├── vf_fieldmatch.d
│           │   ├── vf_fieldmatch.o
│           │   ├── vf_fieldorder.c
│           │   ├── vf_fieldorder.d
│           │   ├── vf_fieldorder.o
│           │   ├── vf_fillborders.c
│           │   ├── vf_fillborders.d
│           │   ├── vf_fillborders.o
│           │   ├── vf_find_rect.c
│           │   ├── vf_flip_vulkan.c
│           │   ├── vf_floodfill.c
│           │   ├── vf_floodfill.d
│           │   ├── vf_floodfill.o
│           │   ├── vf_format.c
│           │   ├── vf_format.d
│           │   ├── vf_format.o
│           │   ├── vf_fps.c
│           │   ├── vf_fps.d
│           │   ├── vf_fps.o
│           │   ├── vf_framepack.c
│           │   ├── vf_framepack.d
│           │   ├── vf_framepack.o
│           │   ├── vf_framerate.c
│           │   ├── vf_framerate.d
│           │   ├── vf_framerate.o
│           │   ├── vf_framestep.c
│           │   ├── vf_framestep.d
│           │   ├── vf_framestep.o
│           │   ├── vf_freezedetect.c
│           │   ├── vf_freezedetect.d
│           │   ├── vf_freezedetect.o
│           │   ├── vf_freezeframes.c
│           │   ├── vf_freezeframes.d
│           │   ├── vf_freezeframes.o
│           │   ├── vf_frei0r.c
│           │   ├── vf_fspp.c
│           │   ├── vf_fsppdsp.c
│           │   ├── vf_fsppdsp.h
│           │   ├── vf_fsync.c
│           │   ├── vf_fsync.d
│           │   ├── vf_fsync.o
│           │   ├── vf_gblur.c
│           │   ├── vf_gblur.d
│           │   ├── vf_gblur.o
│           │   ├── vf_gblur_init.h
│           │   ├── vf_gblur_vulkan.c
│           │   ├── vf_geq.c
│           │   ├── vf_geq.d
│           │   ├── vf_geq.o
│           │   ├── vf_gradfun.c
│           │   ├── vf_gradfun.d
│           │   ├── vf_gradfun.o
│           │   ├── vf_grayworld.c
│           │   ├── vf_grayworld.d
│           │   ├── vf_grayworld.o
│           │   ├── vf_guided.c
│           │   ├── vf_guided.d
│           │   ├── vf_guided.o
│           │   ├── vf_hflip.c
│           │   ├── vf_hflip.d
│           │   ├── vf_hflip.o
│           │   ├── vf_hflip_init.h
│           │   ├── vf_histeq.c
│           │   ├── vf_histogram.c
│           │   ├── vf_histogram.d
│           │   ├── vf_histogram.o
│           │   ├── vf_hqdn3d.c
│           │   ├── vf_hqdn3d.h
│           │   ├── vf_hqx.c
│           │   ├── vf_hqx.d
│           │   ├── vf_hqx.o
│           │   ├── vf_hsvkey.c
│           │   ├── vf_hsvkey.d
│           │   ├── vf_hsvkey.o
│           │   ├── vf_hue.c
│           │   ├── vf_hue.d
│           │   ├── vf_hue.o
│           │   ├── vf_huesaturation.c
│           │   ├── vf_huesaturation.d
│           │   ├── vf_huesaturation.o
│           │   ├── vf_hwdownload.c
│           │   ├── vf_hwdownload.d
│           │   ├── vf_hwdownload.o
│           │   ├── vf_hwmap.c
│           │   ├── vf_hwmap.d
│           │   ├── vf_hwmap.o
│           │   ├── vf_hwupload.c
│           │   ├── vf_hwupload.d
│           │   ├── vf_hwupload.o
│           │   ├── vf_hwupload_cuda.c
│           │   ├── vf_hysteresis.c
│           │   ├── vf_hysteresis.d
│           │   ├── vf_hysteresis.o
│           │   ├── vf_iccdetect.c
│           │   ├── vf_iccgen.c
│           │   ├── vf_identity.c
│           │   ├── vf_identity.d
│           │   ├── vf_identity.o
│           │   ├── vf_idet.c
│           │   ├── vf_idet.d
│           │   ├── vf_idet.o
│           │   ├── vf_idetdsp.c
│           │   ├── vf_idetdsp.d
│           │   ├── vf_idetdsp.h
│           │   ├── vf_idetdsp.o
│           │   ├── vf_il.c
│           │   ├── vf_il.d
│           │   ├── vf_il.o
│           │   ├── vf_interlace_vulkan.c
│           │   ├── vf_kerndeint.c
│           │   ├── vf_lagfun.c
│           │   ├── vf_lagfun.d
│           │   ├── vf_lagfun.o
│           │   ├── vf_lcevc.c
│           │   ├── vf_lenscorrection.c
│           │   ├── vf_lenscorrection.d
│           │   ├── vf_lenscorrection.o
│           │   ├── vf_lensfun.c
│           │   ├── vf_libopencv.c
│           │   ├── vf_libplacebo.c
│           │   ├── vf_libvmaf.c
│           │   ├── vf_limitdiff.c
│           │   ├── vf_limitdiff.d
│           │   ├── vf_limitdiff.o
│           │   ├── vf_limiter.c
│           │   ├── vf_limiter.d
│           │   ├── vf_limiter.o
│           │   ├── vf_lumakey.c
│           │   ├── vf_lumakey.d
│           │   ├── vf_lumakey.o
│           │   ├── vf_lut.c
│           │   ├── vf_lut.d
│           │   ├── vf_lut.o
│           │   ├── vf_lut2.c
│           │   ├── vf_lut2.d
│           │   ├── vf_lut2.o
│           │   ├── vf_lut3d.c
│           │   ├── vf_lut3d.d
│           │   ├── vf_lut3d.o
│           │   ├── vf_maskedclamp.c
│           │   ├── vf_maskedclamp.d
│           │   ├── vf_maskedclamp.o
│           │   ├── vf_maskedmerge.c
│           │   ├── vf_maskedmerge.d
│           │   ├── vf_maskedmerge.o
│           │   ├── vf_maskedminmax.c
│           │   ├── vf_maskedminmax.d
│           │   ├── vf_maskedminmax.o
│           │   ├── vf_maskedthreshold.c
│           │   ├── vf_maskedthreshold.d
│           │   ├── vf_maskedthreshold.o
│           │   ├── vf_maskfun.c
│           │   ├── vf_maskfun.d
│           │   ├── vf_maskfun.o
│           │   ├── vf_mcdeint.c
│           │   ├── vf_median.c
│           │   ├── vf_median.d
│           │   ├── vf_median.o
│           │   ├── vf_mergeplanes.c
│           │   ├── vf_mergeplanes.d
│           │   ├── vf_mergeplanes.o
│           │   ├── vf_mestimate.c
│           │   ├── vf_mestimate.d
│           │   ├── vf_mestimate.o
│           │   ├── vf_mestimate_d3d12.c
│           │   ├── vf_midequalizer.c
│           │   ├── vf_midequalizer.d
│           │   ├── vf_midequalizer.o
│           │   ├── vf_minterpolate.c
│           │   ├── vf_minterpolate.d
│           │   ├── vf_minterpolate.o
│           │   ├── vf_misc_vaapi.c
│           │   ├── vf_mix.c
│           │   ├── vf_mix.d
│           │   ├── vf_mix.o
│           │   ├── vf_monochrome.c
│           │   ├── vf_monochrome.d
│           │   ├── vf_monochrome.o
│           │   ├── vf_morpho.c
│           │   ├── vf_morpho.d
│           │   ├── vf_morpho.o
│           │   ├── vf_mpdecimate.c
│           │   ├── vf_multiply.c
│           │   ├── vf_multiply.d
│           │   ├── vf_multiply.o
│           │   ├── vf_negate.c
│           │   ├── vf_negate.d
│           │   ├── vf_negate.o
│           │   ├── vf_neighbor.c
│           │   ├── vf_neighbor.d
│           │   ├── vf_neighbor.o
│           │   ├── vf_neighbor_opencl.c
│           │   ├── vf_nlmeans.c
│           │   ├── vf_nlmeans.d
│           │   ├── vf_nlmeans.h
│           │   ├── vf_nlmeans.o
│           │   ├── vf_nlmeans_init.h
│           │   ├── vf_nlmeans_opencl.c
│           │   ├── vf_nlmeans_vulkan.c
│           │   ├── vf_nnedi.c
│           │   ├── vf_noise.c
│           │   ├── vf_noise.d
│           │   ├── vf_noise.h
│           │   ├── vf_noise.o
│           │   ├── vf_normalize.c
│           │   ├── vf_normalize.d
│           │   ├── vf_normalize.o
│           │   ├── vf_null.c
│           │   ├── vf_null.d
│           │   ├── vf_null.o
│           │   ├── vf_ocr.c
│           │   ├── vf_opencolorio.c
│           │   ├── vf_overlay.c
│           │   ├── vf_overlay.d
│           │   ├── vf_overlay.h
│           │   ├── vf_overlay.o
│           │   ├── vf_overlay_cuda.c
│           │   ├── vf_overlay_cuda.cu
│           │   ├── vf_overlay_opencl.c
│           │   ├── vf_overlay_qsv.c
│           │   ├── vf_overlay_vaapi.c
│           │   ├── vf_overlay_vulkan.c
│           │   ├── vf_owdenoise.c
│           │   ├── vf_pad.c
│           │   ├── vf_pad.d
│           │   ├── vf_pad.o
│           │   ├── vf_pad_cuda.c
│           │   ├── vf_pad_cuda.cu
│           │   ├── vf_pad_opencl.c
│           │   ├── vf_pad_vaapi.c
│           │   ├── vf_palettegen.c
│           │   ├── vf_palettegen.d
│           │   ├── vf_palettegen.o
│           │   ├── vf_paletteuse.c
│           │   ├── vf_paletteuse.d
│           │   ├── vf_paletteuse.o
│           │   ├── vf_perspective.c
│           │   ├── vf_phase.c
│           │   ├── vf_photosensitivity.c
│           │   ├── vf_photosensitivity.d
│           │   ├── vf_photosensitivity.o
│           │   ├── vf_pixdesctest.c
│           │   ├── vf_pixdesctest.d
│           │   ├── vf_pixdesctest.o
│           │   ├── vf_pixelize.c
│           │   ├── vf_pixelize.d
│           │   ├── vf_pixelize.o
│           │   ├── vf_pp7.c
│           │   ├── vf_pp7.h
│           │   ├── vf_premultiply.c
│           │   ├── vf_premultiply.d
│           │   ├── vf_premultiply.o
│           │   ├── vf_procamp_vaapi.c
│           │   ├── vf_program_opencl.c
│           │   ├── vf_pseudocolor.c
│           │   ├── vf_pseudocolor.d
│           │   ├── vf_pseudocolor.o
│           │   ├── vf_psnr.c
│           │   ├── vf_psnr.d
│           │   ├── vf_psnr.o
│           │   ├── vf_pullup.c
│           │   ├── vf_pullup.h
│           │   ├── vf_qp.c
│           │   ├── vf_qp.d
│           │   ├── vf_qp.o
│           │   ├── vf_quirc.c
│           │   ├── vf_random.c
│           │   ├── vf_random.d
│           │   ├── vf_random.o
│           │   ├── vf_readeia608.c
│           │   ├── vf_readeia608.d
│           │   ├── vf_readeia608.o
│           │   ├── vf_readvitc.c
│           │   ├── vf_readvitc.d
│           │   ├── vf_readvitc.o
│           │   ├── vf_remap.c
│           │   ├── vf_remap.d
│           │   ├── vf_remap.o
│           │   ├── vf_remap_opencl.c
│           │   ├── vf_removegrain.c
│           │   ├── vf_removegrain.d
│           │   ├── vf_removegrain.o
│           │   ├── vf_removelogo.c
│           │   ├── vf_removelogo.d
│           │   ├── vf_removelogo.o
│           │   ├── vf_repeatfields.c
│           │   ├── vf_rotate.c
│           │   ├── vf_rotate.d
│           │   ├── vf_rotate.o
│           │   ├── vf_sab.c
│           │   ├── vf_scale.c
│           │   ├── vf_scale.d
│           │   ├── vf_scale.o
│           │   ├── vf_scale_cuda.c
│           │   ├── vf_scale_cuda.cu
│           │   ├── vf_scale_cuda.h
│           │   ├── vf_scale_d3d11.c
│           │   ├── vf_scale_d3d12.c
│           │   ├── vf_scale_npp.c
│           │   ├── vf_scale_vaapi.c
│           │   ├── vf_scale_vt.c
│           │   ├── vf_scale_vulkan.c
│           │   ├── vf_scdet.c
│           │   ├── vf_scdet.d
│           │   ├── vf_scdet.o
│           │   ├── vf_scdet_vulkan.c
│           │   ├── vf_scroll.c
│           │   ├── vf_scroll.d
│           │   ├── vf_scroll.o
│           │   ├── vf_selectivecolor.c
│           │   ├── vf_selectivecolor.d
│           │   ├── vf_selectivecolor.o
│           │   ├── vf_separatefields.c
│           │   ├── vf_separatefields.d
│           │   ├── vf_separatefields.o
│           │   ├── vf_setparams.c
│           │   ├── vf_setparams.d
│           │   ├── vf_setparams.o
│           │   ├── vf_sharpen_npp.c
│           │   ├── vf_shear.c
│           │   ├── vf_shear.d
│           │   ├── vf_shear.o
│           │   ├── vf_showinfo.c
│           │   ├── vf_showinfo.d
│           │   ├── vf_showinfo.o
│           │   ├── vf_showpalette.c
│           │   ├── vf_showpalette.d
│           │   ├── vf_showpalette.o
│           │   ├── vf_shuffleframes.c
│           │   ├── vf_shuffleframes.d
│           │   ├── vf_shuffleframes.o
│           │   ├── vf_shufflepixels.c
│           │   ├── vf_shufflepixels.d
│           │   ├── vf_shufflepixels.o
│           │   ├── vf_shuffleplanes.c
│           │   ├── vf_shuffleplanes.d
│           │   ├── vf_shuffleplanes.o
│           │   ├── vf_signalstats.c
│           │   ├── vf_signalstats.d
│           │   ├── vf_signalstats.o
│           │   ├── vf_signature.c
│           │   ├── vf_siti.c
│           │   ├── vf_siti.d
│           │   ├── vf_siti.o
│           │   ├── vf_smartblur.c
│           │   ├── vf_spp.c
│           │   ├── vf_spp.h
│           │   ├── vf_sr.c
│           │   ├── vf_sr_amf.c
│           │   ├── vf_ssim.c
│           │   ├── vf_ssim.d
│           │   ├── vf_ssim.o
│           │   ├── vf_ssim360.c
│           │   ├── vf_ssim360.d
│           │   ├── vf_ssim360.o
│           │   ├── vf_stack.c
│           │   ├── vf_stack.d
│           │   ├── vf_stack.o
│           │   ├── vf_stack_qsv.c
│           │   ├── vf_stack_vaapi.c
│           │   ├── vf_stereo3d.c
│           │   ├── vf_subtitles.c
│           │   ├── vf_super2xsai.c
│           │   ├── vf_swaprect.c
│           │   ├── vf_swaprect.d
│           │   ├── vf_swaprect.o
│           │   ├── vf_swapuv.c
│           │   ├── vf_swapuv.d
│           │   ├── vf_swapuv.o
│           │   ├── vf_telecine.c
│           │   ├── vf_telecine.d
│           │   ├── vf_telecine.o
│           │   ├── vf_threshold.c
│           │   ├── vf_threshold.d
│           │   ├── vf_threshold.o
│           │   ├── vf_threshold_init.h
│           │   ├── vf_thumbnail.c
│           │   ├── vf_thumbnail.d
│           │   ├── vf_thumbnail.o
│           │   ├── vf_thumbnail_cuda.c
│           │   ├── vf_thumbnail_cuda.cu
│           │   ├── vf_tile.c
│           │   ├── vf_tile.d
│           │   ├── vf_tile.o
│           │   ├── vf_tiltandshift.c
│           │   ├── vf_tiltandshift.d
│           │   ├── vf_tiltandshift.o
│           │   ├── vf_tinterlace.c
│           │   ├── vf_tmidequalizer.c
│           │   ├── vf_tmidequalizer.d
│           │   ├── vf_tmidequalizer.o
│           │   ├── vf_tonemap.c
│           │   ├── vf_tonemap.d
│           │   ├── vf_tonemap.o
│           │   ├── vf_tonemap_opencl.c
│           │   ├── vf_tonemap_vaapi.c
│           │   ├── vf_tpad.c
│           │   ├── vf_tpad.d
│           │   ├── vf_tpad.o
│           │   ├── vf_transpose.c
│           │   ├── vf_transpose.d
│           │   ├── vf_transpose.o
│           │   ├── vf_transpose_npp.c
│           │   ├── vf_transpose_opencl.c
│           │   ├── vf_transpose_vaapi.c
│           │   ├── vf_transpose_vt.c
│           │   ├── vf_transpose_vulkan.c
│           │   ├── vf_unsharp.c
│           │   ├── vf_unsharp.d
│           │   ├── vf_unsharp.o
│           │   ├── vf_unsharp_opencl.c
│           │   ├── vf_untile.c
│           │   ├── vf_untile.d
│           │   ├── vf_untile.o
│           │   ├── vf_uspp.c
│           │   ├── vf_v360.c
│           │   ├── vf_v360.d
│           │   ├── vf_v360.o
│           │   ├── vf_vaguedenoiser.c
│           │   ├── vf_varblur.c
│           │   ├── vf_varblur.d
│           │   ├── vf_varblur.o
│           │   ├── vf_vectorscope.c
│           │   ├── vf_vectorscope.d
│           │   ├── vf_vectorscope.o
│           │   ├── vf_vflip.c
│           │   ├── vf_vflip.d
│           │   ├── vf_vflip.o
│           │   ├── vf_vfrdet.c
│           │   ├── vf_vfrdet.d
│           │   ├── vf_vfrdet.o
│           │   ├── vf_vibrance.c
│           │   ├── vf_vibrance.d
│           │   ├── vf_vibrance.o
│           │   ├── vf_vidstabdetect.c
│           │   ├── vf_vidstabtransform.c
│           │   ├── vf_vif.c
│           │   ├── vf_vif.d
│           │   ├── vf_vif.o
│           │   ├── vf_vignette.c
│           │   ├── vf_vignette.d
│           │   ├── vf_vignette.o
│           │   ├── vf_vmafmotion.c
│           │   ├── vf_vmafmotion.d
│           │   ├── vf_vmafmotion.o
│           │   ├── vf_vpp_amf.c
│           │   ├── vf_vpp_qsv.c
│           │   ├── vf_w3fdif.c
│           │   ├── vf_w3fdif.d
│           │   ├── vf_w3fdif.o
│           │   ├── vf_waveform.c
│           │   ├── vf_waveform.d
│           │   ├── vf_waveform.o
│           │   ├── vf_weave.c
│           │   ├── vf_weave.d
│           │   ├── vf_weave.o
│           │   ├── vf_xbr.c
│           │   ├── vf_xbr.d
│           │   ├── vf_xbr.o
│           │   ├── vf_xfade.c
│           │   ├── vf_xfade.d
│           │   ├── vf_xfade.o
│           │   ├── vf_xfade_opencl.c
│           │   ├── vf_xfade_vulkan.c
│           │   ├── vf_xmedian.c
│           │   ├── vf_xmedian.d
│           │   ├── vf_xmedian.o
│           │   ├── vf_xpsnr.c
│           │   ├── vf_xpsnr.d
│           │   ├── vf_xpsnr.o
│           │   ├── vf_yadif.c
│           │   ├── vf_yadif.d
│           │   ├── vf_yadif.o
│           │   ├── vf_yadif_cuda.c
│           │   ├── vf_yadif_cuda.cu
│           │   ├── vf_yadif_videotoolbox.m
│           │   ├── vf_yaepblur.c
│           │   ├── vf_yaepblur.d
│           │   ├── vf_yaepblur.o
│           │   ├── vf_zoompan.c
│           │   ├── vf_zoompan.d
│           │   ├── vf_zoompan.o
│           │   ├── vf_zscale.c
│           │   ├── video.c
│           │   ├── video.d
│           │   ├── video.h
│           │   ├── video.o
│           │   ├── vidstabutils.c
│           │   ├── vidstabutils.h
│           │   ├── vmaf_motion.h
│           │   ├── vsink_nullsink.c
│           │   ├── vsink_nullsink.d
│           │   ├── vsink_nullsink.o
│           │   ├── vsrc_amf.c
│           │   ├── vsrc_cellauto.c
│           │   ├── vsrc_cellauto.d
│           │   ├── vsrc_cellauto.o
│           │   ├── vsrc_ddagrab.c
│           │   ├── vsrc_ddagrab_shaders.h
│           │   ├── vsrc_gfxcapture.c
│           │   ├── vsrc_gfxcapture.h
│           │   ├── vsrc_gfxcapture_shader.h
│           │   ├── vsrc_gfxcapture_winrt.cpp
│           │   ├── vsrc_gfxcapture_winrt.hpp
│           │   ├── vsrc_gradients.c
│           │   ├── vsrc_gradients.d
│           │   ├── vsrc_gradients.o
│           │   ├── vsrc_life.c
│           │   ├── vsrc_life.d
│           │   ├── vsrc_life.o
│           │   ├── vsrc_mandelbrot.c
│           │   ├── vsrc_mandelbrot.d
│           │   ├── vsrc_mandelbrot.o
│           │   ├── vsrc_mptestsrc.c
│           │   ├── vsrc_perlin.c
│           │   ├── vsrc_perlin.d
│           │   ├── vsrc_perlin.o
│           │   ├── vsrc_sierpinski.c
│           │   ├── vsrc_sierpinski.d
│           │   ├── vsrc_sierpinski.o
│           │   ├── vsrc_testsrc.c
│           │   ├── vsrc_testsrc.d
│           │   ├── vsrc_testsrc.o
│           │   ├── vsrc_testsrc_vulkan.c
│           │   ├── vulkan
│           │   │   ├── Makefile
│           │   │   ├── avgblur.comp.glsl
│           │   │   ├── bwdif.comp.glsl
│           │   │   └── debayer.comp.glsl
│           │   ├── vulkan.c
│           │   ├── vulkan_filter.c
│           │   ├── vulkan_filter.h
│           │   ├── vulkan_glslang.c
│           │   ├── vulkan_shaderc.c
│           │   ├── w3fdif.h
│           │   ├── window_func.h
│           │   ├── x86
│           │   │   ├── Makefile
│           │   │   ├── af_afir.asm
│           │   │   ├── af_afir.d
│           │   │   ├── af_afir.o
│           │   │   ├── af_afir_init.c
│           │   │   ├── af_afir_init.d
│           │   │   ├── af_afir_init.o
│           │   │   ├── af_anlmdn.asm
│           │   │   ├── af_anlmdn.d
│           │   │   ├── af_anlmdn.o
│           │   │   ├── af_anlmdn_init.c
│           │   │   ├── af_anlmdn_init.d
│           │   │   ├── af_anlmdn_init.o
│           │   │   ├── af_volume.asm
│           │   │   ├── af_volume.d
│           │   │   ├── af_volume.o
│           │   │   ├── af_volume_init.c
│           │   │   ├── af_volume_init.d
│           │   │   ├── af_volume_init.o
│           │   │   ├── avf_showcqt.asm
│           │   │   ├── avf_showcqt.d
│           │   │   ├── avf_showcqt.o
│           │   │   ├── avf_showcqt_init.c
│           │   │   ├── avf_showcqt_init.d
│           │   │   ├── avf_showcqt_init.o
│           │   │   ├── colorspacedsp.asm
│           │   │   ├── colorspacedsp.d
│           │   │   ├── colorspacedsp.o
│           │   │   ├── colorspacedsp_init.c
│           │   │   ├── colorspacedsp_init.d
│           │   │   ├── colorspacedsp_init.o
│           │   │   ├── f_ebur128.asm
│           │   │   ├── f_ebur128.d
│           │   │   ├── f_ebur128.o
│           │   │   ├── f_ebur128_init.c
│           │   │   ├── f_ebur128_init.d
│           │   │   ├── f_ebur128_init.o
│           │   │   ├── scene_sad.asm
│           │   │   ├── scene_sad.d
│           │   │   ├── scene_sad.o
│           │   │   ├── scene_sad_init.c
│           │   │   ├── scene_sad_init.d
│           │   │   ├── scene_sad_init.o
│           │   │   ├── vf_atadenoise.asm
│           │   │   ├── vf_atadenoise.d
│           │   │   ├── vf_atadenoise.o
│           │   │   ├── vf_atadenoise_init.c
│           │   │   ├── vf_atadenoise_init.d
│           │   │   ├── vf_atadenoise_init.o
│           │   │   ├── vf_blackdetect.asm
│           │   │   ├── vf_blackdetect.d
│           │   │   ├── vf_blackdetect.o
│           │   │   ├── vf_blackdetect_init.c
│           │   │   ├── vf_blackdetect_init.d
│           │   │   ├── vf_blackdetect_init.o
│           │   │   ├── vf_blend.asm
│           │   │   ├── vf_blend.d
│           │   │   ├── vf_blend.o
│           │   │   ├── vf_blend_init.c
│           │   │   ├── vf_blend_init.d
│           │   │   ├── vf_blend_init.o
│           │   │   ├── vf_bwdif.asm
│           │   │   ├── vf_bwdif.d
│           │   │   ├── vf_bwdif.o
│           │   │   ├── vf_bwdif_init.c
│           │   │   ├── vf_bwdif_init.d
│           │   │   ├── vf_bwdif_init.o
│           │   │   ├── vf_colordetect.asm
│           │   │   ├── vf_colordetect.d
│           │   │   ├── vf_colordetect.o
│           │   │   ├── vf_colordetect_init.c
│           │   │   ├── vf_colordetect_init.d
│           │   │   ├── vf_colordetect_init.o
│           │   │   ├── vf_convolution.asm
│           │   │   ├── vf_convolution.d
│           │   │   ├── vf_convolution.o
│           │   │   ├── vf_convolution_init.c
│           │   │   ├── vf_convolution_init.d
│           │   │   ├── vf_convolution_init.o
│           │   │   ├── vf_eq.asm
│           │   │   ├── vf_eq_init.c
│           │   │   ├── vf_framerate.asm
│           │   │   ├── vf_framerate.d
│           │   │   ├── vf_framerate.o
│           │   │   ├── vf_framerate_init.c
│           │   │   ├── vf_framerate_init.d
│           │   │   ├── vf_framerate_init.o
│           │   │   ├── vf_fspp.asm
│           │   │   ├── vf_fspp_init.c
│           │   │   ├── vf_gblur.asm
│           │   │   ├── vf_gblur.d
│           │   │   ├── vf_gblur.o
│           │   │   ├── vf_gblur_init.c
│           │   │   ├── vf_gblur_init.d
│           │   │   ├── vf_gblur_init.o
│           │   │   ├── vf_gradfun.asm
│           │   │   ├── vf_gradfun.d
│           │   │   ├── vf_gradfun.o
│           │   │   ├── vf_gradfun_init.c
│           │   │   ├── vf_gradfun_init.d
│           │   │   ├── vf_gradfun_init.o
│           │   │   ├── vf_hflip.asm
│           │   │   ├── vf_hflip.d
│           │   │   ├── vf_hflip.o
│           │   │   ├── vf_hflip_init.c
│           │   │   ├── vf_hflip_init.d
│           │   │   ├── vf_hflip_init.o
│           │   │   ├── vf_hqdn3d.asm
│           │   │   ├── vf_hqdn3d_init.c
│           │   │   ├── vf_idetdsp.asm
│           │   │   ├── vf_idetdsp.d
│           │   │   ├── vf_idetdsp.o
│           │   │   ├── vf_idetdsp_init.c
│           │   │   ├── vf_idetdsp_init.d
│           │   │   ├── vf_idetdsp_init.o
│           │   │   ├── vf_interlace.asm
│           │   │   ├── vf_limiter.asm
│           │   │   ├── vf_limiter.d
│           │   │   ├── vf_limiter.o
│           │   │   ├── vf_limiter_init.c
│           │   │   ├── vf_limiter_init.d
│           │   │   ├── vf_limiter_init.o
│           │   │   ├── vf_lut3d.asm
│           │   │   ├── vf_lut3d.d
│           │   │   ├── vf_lut3d.o
│           │   │   ├── vf_lut3d_init.c
│           │   │   ├── vf_lut3d_init.d
│           │   │   ├── vf_lut3d_init.o
│           │   │   ├── vf_maskedclamp.asm
│           │   │   ├── vf_maskedclamp.d
│           │   │   ├── vf_maskedclamp.o
│           │   │   ├── vf_maskedclamp_init.c
│           │   │   ├── vf_maskedclamp_init.d
│           │   │   ├── vf_maskedclamp_init.o
│           │   │   ├── vf_maskedmerge.asm
│           │   │   ├── vf_maskedmerge.d
│           │   │   ├── vf_maskedmerge.o
│           │   │   ├── vf_maskedmerge_init.c
│           │   │   ├── vf_maskedmerge_init.d
│           │   │   ├── vf_maskedmerge_init.o
│           │   │   ├── vf_nlmeans.asm
│           │   │   ├── vf_nlmeans.d
│           │   │   ├── vf_nlmeans.o
│           │   │   ├── vf_nlmeans_init.c
│           │   │   ├── vf_nlmeans_init.d
│           │   │   ├── vf_nlmeans_init.o
│           │   │   ├── vf_noise.c
│           │   │   ├── vf_noise.d
│           │   │   ├── vf_noise.o
│           │   │   ├── vf_overlay.asm
│           │   │   ├── vf_overlay.d
│           │   │   ├── vf_overlay.o
│           │   │   ├── vf_overlay_init.c
│           │   │   ├── vf_overlay_init.d
│           │   │   ├── vf_overlay_init.o
│           │   │   ├── vf_pp7.asm
│           │   │   ├── vf_pp7_init.c
│           │   │   ├── vf_psnr.asm
│           │   │   ├── vf_psnr.d
│           │   │   ├── vf_psnr.o
│           │   │   ├── vf_psnr_init.c
│           │   │   ├── vf_psnr_init.d
│           │   │   ├── vf_psnr_init.o
│           │   │   ├── vf_pullup.asm
│           │   │   ├── vf_pullup_init.c
│           │   │   ├── vf_removegrain.asm
│           │   │   ├── vf_removegrain_init.c
│           │   │   ├── vf_spp.c
│           │   │   ├── vf_ssim.asm
│           │   │   ├── vf_ssim.d
│           │   │   ├── vf_ssim.o
│           │   │   ├── vf_ssim_init.c
│           │   │   ├── vf_ssim_init.d
│           │   │   ├── vf_ssim_init.o
│           │   │   ├── vf_stereo3d.asm
│           │   │   ├── vf_stereo3d_init.c
│           │   │   ├── vf_threshold.asm
│           │   │   ├── vf_threshold.d
│           │   │   ├── vf_threshold.o
│           │   │   ├── vf_threshold_init.c
│           │   │   ├── vf_threshold_init.d
│           │   │   ├── vf_threshold_init.o
│           │   │   ├── vf_tinterlace_init.c
│           │   │   ├── vf_transpose.asm
│           │   │   ├── vf_transpose.d
│           │   │   ├── vf_transpose.o
│           │   │   ├── vf_transpose_init.c
│           │   │   ├── vf_transpose_init.d
│           │   │   ├── vf_transpose_init.o
│           │   │   ├── vf_v360.asm
│           │   │   ├── vf_v360.d
│           │   │   ├── vf_v360.o
│           │   │   ├── vf_v360_init.c
│           │   │   ├── vf_v360_init.d
│           │   │   ├── vf_v360_init.o
│           │   │   ├── vf_w3fdif.asm
│           │   │   ├── vf_w3fdif.d
│           │   │   ├── vf_w3fdif.o
│           │   │   ├── vf_w3fdif_init.c
│           │   │   ├── vf_w3fdif_init.d
│           │   │   ├── vf_w3fdif_init.o
│           │   │   ├── vf_yadif.asm
│           │   │   ├── vf_yadif.d
│           │   │   ├── vf_yadif.o
│           │   │   ├── vf_yadif_init.c
│           │   │   ├── vf_yadif_init.d
│           │   │   ├── vf_yadif_init.o
│           │   │   ├── yadif-10.asm
│           │   │   ├── yadif-10.d
│           │   │   ├── yadif-10.o
│           │   │   ├── yadif-16.asm
│           │   │   ├── yadif-16.d
│           │   │   └── yadif-16.o
│           │   ├── xpsnr.h
│           │   ├── yadif.h
│           │   ├── yadif_common.c
│           │   ├── yadif_common.d
│           │   └── yadif_common.o
│           ├── libavformat
│           │   ├── 3dostr.c
│           │   ├── 3dostr.d
│           │   ├── 3dostr.o
│           │   ├── 4xm.c
│           │   ├── 4xm.d
│           │   ├── 4xm.o
│           │   ├── Makefile
│           │   ├── a64.c
│           │   ├── a64.d
│           │   ├── a64.o
│           │   ├── aacdec.c
│           │   ├── aacdec.d
│           │   ├── aacdec.o
│           │   ├── aadec.c
│           │   ├── aadec.d
│           │   ├── aadec.o
│           │   ├── aaxdec.c
│           │   ├── aaxdec.d
│           │   ├── aaxdec.o
│           │   ├── ac3_channel_layout_tab.c
│           │   ├── ac3_channel_layout_tab.d
│           │   ├── ac3_channel_layout_tab.o
│           │   ├── ac3dec.c
│           │   ├── ac3dec.d
│           │   ├── ac3dec.o
│           │   ├── ac4dec.c
│           │   ├── ac4dec.d
│           │   ├── ac4dec.o
│           │   ├── ac4enc.c
│           │   ├── ac4enc.d
│           │   ├── ac4enc.o
│           │   ├── acedec.c
│           │   ├── acedec.d
│           │   ├── acedec.o
│           │   ├── acm.c
│           │   ├── acm.d
│           │   ├── acm.o
│           │   ├── act.c
│           │   ├── act.d
│           │   ├── act.o
│           │   ├── adp.c
│           │   ├── adp.d
│           │   ├── adp.o
│           │   ├── ads.c
│           │   ├── ads.d
│           │   ├── ads.o
│           │   ├── adtsenc.c
│           │   ├── adtsenc.d
│           │   ├── adtsenc.o
│           │   ├── adxdec.c
│           │   ├── adxdec.d
│           │   ├── adxdec.o
│           │   ├── aeadec.c
│           │   ├── aeadec.d
│           │   ├── aeadec.o
│           │   ├── aeaenc.c
│           │   ├── aeaenc.d
│           │   ├── aeaenc.o
│           │   ├── afc.c
│           │   ├── afc.d
│           │   ├── afc.o
│           │   ├── aiff.c
│           │   ├── aiff.d
│           │   ├── aiff.h
│           │   ├── aiff.o
│           │   ├── aiffdec.c
│           │   ├── aiffdec.d
│           │   ├── aiffdec.o
│           │   ├── aiffenc.c
│           │   ├── aiffenc.d
│           │   ├── aiffenc.o
│           │   ├── aixdec.c
│           │   ├── aixdec.d
│           │   ├── aixdec.o
│           │   ├── allformats.c
│           │   ├── allformats.d
│           │   ├── allformats.o
│           │   ├── alp.c
│           │   ├── alp.d
│           │   ├── alp.o
│           │   ├── amr.c
│           │   ├── amr.d
│           │   ├── amr.o
│           │   ├── amvenc.c
│           │   ├── amvenc.d
│           │   ├── amvenc.o
│           │   ├── anm.c
│           │   ├── anm.d
│           │   ├── anm.o
│           │   ├── apac.c
│           │   ├── apac.d
│           │   ├── apac.o
│           │   ├── apc.c
│           │   ├── apc.d
│           │   ├── apc.o
│           │   ├── ape.c
│           │   ├── ape.d
│           │   ├── ape.o
│           │   ├── apetag.c
│           │   ├── apetag.d
│           │   ├── apetag.h
│           │   ├── apetag.o
│           │   ├── apm.c
│           │   ├── apm.d
│           │   ├── apm.o
│           │   ├── apngdec.c
│           │   ├── apngdec.d
│           │   ├── apngdec.o
│           │   ├── apngenc.c
│           │   ├── apngenc.d
│           │   ├── apngenc.o
│           │   ├── aptxdec.c
│           │   ├── aptxdec.d
│           │   ├── aptxdec.o
│           │   ├── apv.c
│           │   ├── apv.d
│           │   ├── apv.h
│           │   ├── apv.o
│           │   ├── apvdec.c
│           │   ├── apvdec.d
│           │   ├── apvdec.o
│           │   ├── apvenc.c
│           │   ├── apvenc.d
│           │   ├── apvenc.o
│           │   ├── aqtitledec.c
│           │   ├── aqtitledec.d
│           │   ├── aqtitledec.o
│           │   ├── argo_asf.c
│           │   ├── argo_asf.d
│           │   ├── argo_asf.h
│           │   ├── argo_asf.o
│           │   ├── argo_brp.c
│           │   ├── argo_brp.d
│           │   ├── argo_brp.o
│           │   ├── argo_cvg.c
│           │   ├── argo_cvg.d
│           │   ├── argo_cvg.o
│           │   ├── asf.c
│           │   ├── asf.d
│           │   ├── asf.h
│           │   ├── asf.o
│           │   ├── asf_tags.c
│           │   ├── asf_tags.d
│           │   ├── asf_tags.o
│           │   ├── asfcrypt.c
│           │   ├── asfcrypt.d
│           │   ├── asfcrypt.h
│           │   ├── asfcrypt.o
│           │   ├── asfdec_f.c
│           │   ├── asfdec_f.d
│           │   ├── asfdec_f.o
│           │   ├── asfdec_o.c
│           │   ├── asfdec_o.d
│           │   ├── asfdec_o.o
│           │   ├── asfenc.c
│           │   ├── asfenc.d
│           │   ├── asfenc.o
│           │   ├── assdec.c
│           │   ├── assdec.d
│           │   ├── assdec.o
│           │   ├── assenc.c
│           │   ├── assenc.d
│           │   ├── assenc.o
│           │   ├── ast.c
│           │   ├── ast.d
│           │   ├── ast.h
│           │   ├── ast.o
│           │   ├── astdec.c
│           │   ├── astdec.d
│           │   ├── astdec.o
│           │   ├── astenc.c
│           │   ├── astenc.d
│           │   ├── astenc.o
│           │   ├── async.c
│           │   ├── async.d
│           │   ├── async.o
│           │   ├── au.c
│           │   ├── au.d
│           │   ├── au.o
│           │   ├── av1.c
│           │   ├── av1.d
│           │   ├── av1.h
│           │   ├── av1.o
│           │   ├── av1dec.c
│           │   ├── av1dec.d
│           │   ├── av1dec.o
│           │   ├── avc.c
│           │   ├── avc.d
│           │   ├── avc.h
│           │   ├── avc.o
│           │   ├── avformat.c
│           │   ├── avformat.d
│           │   ├── avformat.h
│           │   ├── avformat.o
│           │   ├── avformat_internal.h
│           │   ├── avformatres.rc
│           │   ├── avi.h
│           │   ├── avidec.c
│           │   ├── avidec.d
│           │   ├── avidec.o
│           │   ├── avienc.c
│           │   ├── avienc.d
│           │   ├── avienc.o
│           │   ├── avio.c
│           │   ├── avio.d
│           │   ├── avio.h
│           │   ├── avio.o
│           │   ├── avio_internal.h
│           │   ├── aviobuf.c
│           │   ├── aviobuf.d
│           │   ├── aviobuf.o
│           │   ├── avisynth.c
│           │   ├── avlanguage.c
│           │   ├── avlanguage.d
│           │   ├── avlanguage.h
│           │   ├── avlanguage.o
│           │   ├── avr.c
│           │   ├── avr.d
│           │   ├── avr.o
│           │   ├── avs.c
│           │   ├── avs.d
│           │   ├── avs.o
│           │   ├── avs2dec.c
│           │   ├── avs2dec.d
│           │   ├── avs2dec.o
│           │   ├── avs3dec.c
│           │   ├── avs3dec.d
│           │   ├── avs3dec.o
│           │   ├── bethsoftvid.c
│           │   ├── bethsoftvid.d
│           │   ├── bethsoftvid.o
│           │   ├── bfi.c
│           │   ├── bfi.d
│           │   ├── bfi.o
│           │   ├── bink.c
│           │   ├── bink.d
│           │   ├── bink.o
│           │   ├── binka.c
│           │   ├── binka.d
│           │   ├── binka.o
│           │   ├── bintext.c
│           │   ├── bintext.d
│           │   ├── bintext.o
│           │   ├── bit.c
│           │   ├── bit.d
│           │   ├── bit.o
│           │   ├── bluray.c
│           │   ├── bmv.c
│           │   ├── bmv.d
│           │   ├── bmv.o
│           │   ├── boadec.c
│           │   ├── boadec.d
│           │   ├── boadec.o
│           │   ├── bonk.c
│           │   ├── bonk.d
│           │   ├── bonk.o
│           │   ├── brstm.c
│           │   ├── brstm.d
│           │   ├── brstm.o
│           │   ├── c93.c
│           │   ├── c93.d
│           │   ├── c93.o
│           │   ├── cache.c
│           │   ├── cache.d
│           │   ├── cache.o
│           │   ├── caf.c
│           │   ├── caf.d
│           │   ├── caf.h
│           │   ├── caf.o
│           │   ├── cafdec.c
│           │   ├── cafdec.d
│           │   ├── cafdec.o
│           │   ├── cafenc.c
│           │   ├── cafenc.d
│           │   ├── cafenc.o
│           │   ├── cavsvideodec.c
│           │   ├── cavsvideodec.d
│           │   ├── cavsvideodec.o
│           │   ├── cbs.c
│           │   ├── cbs.d
│           │   ├── cbs.h
│           │   ├── cbs.o
│           │   ├── cbs_apv.c
│           │   ├── cbs_apv.d
│           │   ├── cbs_apv.o
│           │   ├── cbs_av1.c
│           │   ├── cbs_av1.d
│           │   ├── cbs_av1.o
│           │   ├── cdg.c
│           │   ├── cdg.d
│           │   ├── cdg.o
│           │   ├── cdxl.c
│           │   ├── cdxl.d
│           │   ├── cdxl.o
│           │   ├── chromaprint.c
│           │   ├── cinedec.c
│           │   ├── cinedec.d
│           │   ├── cinedec.o
│           │   ├── codec2.c
│           │   ├── codec2.d
│           │   ├── codec2.o
│           │   ├── codecstring.c
│           │   ├── codecstring.d
│           │   ├── codecstring.o
│           │   ├── concat.c
│           │   ├── concat.d
│           │   ├── concat.o
│           │   ├── concatdec.c
│           │   ├── concatdec.d
│           │   ├── concatdec.o
│           │   ├── crcenc.c
│           │   ├── crcenc.d
│           │   ├── crcenc.o
│           │   ├── crypto.c
│           │   ├── crypto.d
│           │   ├── crypto.o
│           │   ├── dash.c
│           │   ├── dash.d
│           │   ├── dash.h
│           │   ├── dash.o
│           │   ├── dashdec.c
│           │   ├── dashenc.c
│           │   ├── dashenc.d
│           │   ├── dashenc.o
│           │   ├── data_uri.c
│           │   ├── data_uri.d
│           │   ├── data_uri.o
│           │   ├── dauddec.c
│           │   ├── dauddec.d
│           │   ├── dauddec.o
│           │   ├── daudenc.c
│           │   ├── daudenc.d
│           │   ├── daudenc.o
│           │   ├── dca_sample_rate_tab.c
│           │   ├── dca_sample_rate_tab.d
│           │   ├── dca_sample_rate_tab.o
│           │   ├── dcstr.c
│           │   ├── dcstr.d
│           │   ├── dcstr.o
│           │   ├── demux.c
│           │   ├── demux.d
│           │   ├── demux.h
│           │   ├── demux.o
│           │   ├── demux_utils.c
│           │   ├── demux_utils.d
│           │   ├── demux_utils.o
│           │   ├── demuxer_list.c
│           │   ├── derf.c
│           │   ├── derf.d
│           │   ├── derf.o
│           │   ├── dfa.c
│           │   ├── dfa.d
│           │   ├── dfa.o
│           │   ├── dfpwmdec.c
│           │   ├── dfpwmdec.d
│           │   ├── dfpwmdec.o
│           │   ├── dhav.c
│           │   ├── dhav.d
│           │   ├── dhav.o
│           │   ├── diracdec.c
│           │   ├── diracdec.d
│           │   ├── diracdec.o
│           │   ├── dnxhddec.c
│           │   ├── dnxhddec.d
│           │   ├── dnxhddec.o
│           │   ├── dovi_isom.c
│           │   ├── dovi_isom.d
│           │   ├── dovi_isom.h
│           │   ├── dovi_isom.o
│           │   ├── dsfdec.c
│           │   ├── dsfdec.d
│           │   ├── dsfdec.o
│           │   ├── dsicin.c
│           │   ├── dsicin.d
│           │   ├── dsicin.o
│           │   ├── dss.c
│           │   ├── dss.d
│           │   ├── dss.o
│           │   ├── dtsdec.c
│           │   ├── dtsdec.d
│           │   ├── dtsdec.o
│           │   ├── dtshddec.c
│           │   ├── dtshddec.d
│           │   ├── dtshddec.o
│           │   ├── dump.c
│           │   ├── dump.d
│           │   ├── dump.o
│           │   ├── dv.c
│           │   ├── dv.d
│           │   ├── dv.h
│           │   ├── dv.o
│           │   ├── dvbsub.c
│           │   ├── dvbsub.d
│           │   ├── dvbsub.o
│           │   ├── dvbtxt.c
│           │   ├── dvbtxt.d
│           │   ├── dvbtxt.o
│           │   ├── dvdclut.c
│           │   ├── dvdclut.d
│           │   ├── dvdclut.h
│           │   ├── dvdclut.o
│           │   ├── dvdvideodec.c
│           │   ├── dvenc.c
│           │   ├── dvenc.d
│           │   ├── dvenc.o
│           │   ├── dxa.c
│           │   ├── dxa.d
│           │   ├── dxa.o
│           │   ├── eacdata.c
│           │   ├── eacdata.d
│           │   ├── eacdata.o
│           │   ├── electronicarts.c
│           │   ├── electronicarts.d
│           │   ├── electronicarts.o
│           │   ├── epafdec.c
│           │   ├── epafdec.d
│           │   ├── epafdec.o
│           │   ├── evc.c
│           │   ├── evc.d
│           │   ├── evc.h
│           │   ├── evc.o
│           │   ├── evcdec.c
│           │   ├── evcdec.d
│           │   ├── evcdec.o
│           │   ├── ffjni.c
│           │   ├── ffmeta.h
│           │   ├── ffmetadec.c
│           │   ├── ffmetadec.d
│           │   ├── ffmetadec.o
│           │   ├── ffmetaenc.c
│           │   ├── ffmetaenc.d
│           │   ├── ffmetaenc.o
│           │   ├── fifo.c
│           │   ├── fifo.d
│           │   ├── fifo.o
│           │   ├── file.c
│           │   ├── file.d
│           │   ├── file.o
│           │   ├── file_open.c
│           │   ├── filmstripdec.c
│           │   ├── filmstripdec.d
│           │   ├── filmstripdec.o
│           │   ├── filmstripenc.c
│           │   ├── filmstripenc.d
│           │   ├── filmstripenc.o
│           │   ├── fitsdec.c
│           │   ├── fitsdec.d
│           │   ├── fitsdec.o
│           │   ├── fitsenc.c
│           │   ├── fitsenc.d
│           │   ├── fitsenc.o
│           │   ├── flac_picture.c
│           │   ├── flac_picture.d
│           │   ├── flac_picture.h
│           │   ├── flac_picture.o
│           │   ├── flacdec.c
│           │   ├── flacdec.d
│           │   ├── flacdec.o
│           │   ├── flacenc.c
│           │   ├── flacenc.d
│           │   ├── flacenc.h
│           │   ├── flacenc.o
│           │   ├── flacenc_header.c
│           │   ├── flacenc_header.d
│           │   ├── flacenc_header.o
│           │   ├── flic.c
│           │   ├── flic.d
│           │   ├── flic.o
│           │   ├── flv.h
│           │   ├── flvdec.c
│           │   ├── flvdec.d
│           │   ├── flvdec.o
│           │   ├── flvenc.c
│           │   ├── flvenc.d
│           │   ├── flvenc.o
│           │   ├── format.c
│           │   ├── format.d
│           │   ├── format.o
│           │   ├── framecrcenc.c
│           │   ├── framecrcenc.d
│           │   ├── framecrcenc.o
│           │   ├── framehash.c
│           │   ├── framehash.d
│           │   ├── framehash.o
│           │   ├── frmdec.c
│           │   ├── frmdec.d
│           │   ├── frmdec.o
│           │   ├── fsb.c
│           │   ├── fsb.d
│           │   ├── fsb.o
│           │   ├── ftp.c
│           │   ├── ftp.d
│           │   ├── ftp.o
│           │   ├── fwse.c
│           │   ├── fwse.d
│           │   ├── fwse.o
│           │   ├── g722.c
│           │   ├── g722.d
│           │   ├── g722.o
│           │   ├── g723_1.c
│           │   ├── g723_1.d
│           │   ├── g723_1.o
│           │   ├── g726.c
│           │   ├── g726.d
│           │   ├── g726.o
│           │   ├── g728dec.c
│           │   ├── g728dec.d
│           │   ├── g728dec.o
│           │   ├── g729dec.c
│           │   ├── g729dec.d
│           │   ├── g729dec.o
│           │   ├── gdv.c
│           │   ├── gdv.d
│           │   ├── gdv.o
│           │   ├── genh.c
│           │   ├── genh.d
│           │   ├── genh.o
│           │   ├── gif.c
│           │   ├── gif.d
│           │   ├── gif.o
│           │   ├── gifdec.c
│           │   ├── gifdec.d
│           │   ├── gifdec.o
│           │   ├── golomb_tab.c
│           │   ├── golomb_tab.d
│           │   ├── golomb_tab.o
│           │   ├── gopher.c
│           │   ├── gopher.d
│           │   ├── gopher.o
│           │   ├── gsmdec.c
│           │   ├── gsmdec.d
│           │   ├── gsmdec.o
│           │   ├── gxf.c
│           │   ├── gxf.d
│           │   ├── gxf.h
│           │   ├── gxf.o
│           │   ├── gxfenc.c
│           │   ├── gxfenc.d
│           │   ├── gxfenc.o
│           │   ├── h261dec.c
│           │   ├── h261dec.d
│           │   ├── h261dec.o
│           │   ├── h263dec.c
│           │   ├── h263dec.d
│           │   ├── h263dec.o
│           │   ├── h264dec.c
│           │   ├── h264dec.d
│           │   ├── h264dec.o
│           │   ├── hashenc.c
│           │   ├── hashenc.d
│           │   ├── hashenc.o
│           │   ├── hca.c
│           │   ├── hca.d
│           │   ├── hca.o
│           │   ├── hcom.c
│           │   ├── hcom.d
│           │   ├── hcom.o
│           │   ├── hdsenc.c
│           │   ├── hdsenc.d
│           │   ├── hdsenc.o
│           │   ├── hevc.c
│           │   ├── hevc.d
│           │   ├── hevc.h
│           │   ├── hevc.o
│           │   ├── hevcdec.c
│           │   ├── hevcdec.d
│           │   ├── hevcdec.o
│           │   ├── hls.c
│           │   ├── hls.d
│           │   ├── hls.o
│           │   ├── hls_sample_encryption.c
│           │   ├── hls_sample_encryption.d
│           │   ├── hls_sample_encryption.h
│           │   ├── hls_sample_encryption.o
│           │   ├── hlsenc.c
│           │   ├── hlsenc.d
│           │   ├── hlsenc.o
│           │   ├── hlsplaylist.c
│           │   ├── hlsplaylist.d
│           │   ├── hlsplaylist.h
│           │   ├── hlsplaylist.o
│           │   ├── hnm.c
│           │   ├── hnm.d
│           │   ├── hnm.o
│           │   ├── http.c
│           │   ├── http.d
│           │   ├── http.h
│           │   ├── http.o
│           │   ├── httpauth.c
│           │   ├── httpauth.d
│           │   ├── httpauth.h
│           │   ├── httpauth.o
│           │   ├── hxvs.c
│           │   ├── hxvs.d
│           │   ├── hxvs.o
│           │   ├── iamf.c
│           │   ├── iamf.d
│           │   ├── iamf.h
│           │   ├── iamf.o
│           │   ├── iamf_parse.c
│           │   ├── iamf_parse.d
│           │   ├── iamf_parse.h
│           │   ├── iamf_parse.o
│           │   ├── iamf_reader.c
│           │   ├── iamf_reader.d
│           │   ├── iamf_reader.h
│           │   ├── iamf_reader.o
│           │   ├── iamf_writer.c
│           │   ├── iamf_writer.d
│           │   ├── iamf_writer.h
│           │   ├── iamf_writer.o
│           │   ├── iamfdec.c
│           │   ├── iamfdec.d
│           │   ├── iamfdec.o
│           │   ├── iamfenc.c
│           │   ├── iamfenc.d
│           │   ├── iamfenc.o
│           │   ├── icecast.c
│           │   ├── icecast.d
│           │   ├── icecast.o
│           │   ├── icodec.c
│           │   ├── icodec.d
│           │   ├── icodec.o
│           │   ├── icoenc.c
│           │   ├── icoenc.d
│           │   ├── icoenc.o
│           │   ├── id3v1.c
│           │   ├── id3v1.d
│           │   ├── id3v1.h
│           │   ├── id3v1.o
│           │   ├── id3v2.c
│           │   ├── id3v2.d
│           │   ├── id3v2.h
│           │   ├── id3v2.o
│           │   ├── id3v2enc.c
│           │   ├── id3v2enc.d
│           │   ├── id3v2enc.o
│           │   ├── idcin.c
│           │   ├── idcin.d
│           │   ├── idcin.o
│           │   ├── idroqdec.c
│           │   ├── idroqdec.d
│           │   ├── idroqdec.o
│           │   ├── idroqenc.c
│           │   ├── idroqenc.d
│           │   ├── idroqenc.o
│           │   ├── iff.c
│           │   ├── iff.d
│           │   ├── iff.o
│           │   ├── ifv.c
│           │   ├── ifv.d
│           │   ├── ifv.o
│           │   ├── ilbc.c
│           │   ├── ilbc.d
│           │   ├── ilbc.o
│           │   ├── imf.h
│           │   ├── imf_cpl.c
│           │   ├── imfdec.c
│           │   ├── img2.c
│           │   ├── img2.d
│           │   ├── img2.h
│           │   ├── img2.o
│           │   ├── img2_alias_pix.c
│           │   ├── img2_alias_pix.d
│           │   ├── img2_alias_pix.o
│           │   ├── img2_brender_pix.c
│           │   ├── img2_brender_pix.d
│           │   ├── img2_brender_pix.o
│           │   ├── img2dec.c
│           │   ├── img2dec.d
│           │   ├── img2dec.o
│           │   ├── img2enc.c
│           │   ├── img2enc.d
│           │   ├── img2enc.o
│           │   ├── imx.c
│           │   ├── imx.d
│           │   ├── imx.o
│           │   ├── ingenientdec.c
│           │   ├── ingenientdec.d
│           │   ├── ingenientdec.o
│           │   ├── internal.h
│           │   ├── ip.c
│           │   ├── ip.d
│           │   ├── ip.h
│           │   ├── ip.o
│           │   ├── ipfsgateway.c
│           │   ├── ipmovie.c
│           │   ├── ipmovie.d
│           │   ├── ipmovie.o
│           │   ├── ipudec.c
│           │   ├── ipudec.d
│           │   ├── ipudec.o
│           │   ├── ircam.c
│           │   ├── ircam.d
│           │   ├── ircam.h
│           │   ├── ircam.o
│           │   ├── ircamdec.c
│           │   ├── ircamdec.d
│           │   ├── ircamdec.o
│           │   ├── ircamenc.c
│           │   ├── ircamenc.d
│           │   ├── ircamenc.o
│           │   ├── isom.c
│           │   ├── isom.d
│           │   ├── isom.h
│           │   ├── isom.o
│           │   ├── isom_tags.c
│           │   ├── isom_tags.d
│           │   ├── isom_tags.o
│           │   ├── iss.c
│           │   ├── iss.d
│           │   ├── iss.o
│           │   ├── iv8.c
│           │   ├── iv8.d
│           │   ├── iv8.o
│           │   ├── ivfdec.c
│           │   ├── ivfdec.d
│           │   ├── ivfdec.o
│           │   ├── ivfenc.c
│           │   ├── ivfenc.d
│           │   ├── ivfenc.o
│           │   ├── jacosubdec.c
│           │   ├── jacosubdec.d
│           │   ├── jacosubdec.o
│           │   ├── jacosubenc.c
│           │   ├── jacosubenc.d
│           │   ├── jacosubenc.o
│           │   ├── jpegtables.c
│           │   ├── jpegtables.d
│           │   ├── jpegtables.o
│           │   ├── jpegxl_anim_dec.c
│           │   ├── jpegxl_anim_dec.d
│           │   ├── jpegxl_anim_dec.o
│           │   ├── jpegxl_parse.c
│           │   ├── jpegxl_parse.d
│           │   ├── jpegxl_parse.o
│           │   ├── jvdec.c
│           │   ├── jvdec.d
│           │   ├── jvdec.o
│           │   ├── kvag.c
│           │   ├── kvag.d
│           │   ├── kvag.o
│           │   ├── lafdec.c
│           │   ├── lafdec.d
│           │   ├── lafdec.o
│           │   ├── latmenc.c
│           │   ├── latmenc.d
│           │   ├── latmenc.o
│           │   ├── lc3.c
│           │   ├── lc3.d
│           │   ├── lc3.o
│           │   ├── libamqp.c
│           │   ├── libavformat.pc
│           │   ├── libavformat.so -> libavformat.so.62
│           │   ├── libavformat.so.62
│           │   ├── libavformat.v
│           │   ├── libavformat.ver
│           │   ├── libavformat.version
│           │   ├── libgme.c
│           │   ├── libmodplug.c
│           │   ├── libopenmpt.c
│           │   ├── librist.c
│           │   ├── librtmp.c
│           │   ├── libsmbclient.c
│           │   ├── libsrt.c
│           │   ├── libssh.c
│           │   ├── libzmq.c
│           │   ├── lmlm4.c
│           │   ├── lmlm4.d
│           │   ├── lmlm4.o
│           │   ├── loasdec.c
│           │   ├── loasdec.d
│           │   ├── loasdec.o
│           │   ├── log2_tab.c
│           │   ├── log2_tab.d
│           │   ├── log2_tab.o
│           │   ├── lrc.c
│           │   ├── lrc.d
│           │   ├── lrc.h
│           │   ├── lrc.o
│           │   ├── lrcdec.c
│           │   ├── lrcdec.d
│           │   ├── lrcdec.o
│           │   ├── lrcenc.c
│           │   ├── lrcenc.d
│           │   ├── lrcenc.o
│           │   ├── luodatdec.c
│           │   ├── luodatdec.d
│           │   ├── luodatdec.o
│           │   ├── lvfdec.c
│           │   ├── lvfdec.d
│           │   ├── lvfdec.o
│           │   ├── lxfdec.c
│           │   ├── lxfdec.d
│           │   ├── lxfdec.o
│           │   ├── m4vdec.c
│           │   ├── m4vdec.d
│           │   ├── m4vdec.o
│           │   ├── matroska.c
│           │   ├── matroska.d
│           │   ├── matroska.h
│           │   ├── matroska.o
│           │   ├── matroskadec.c
│           │   ├── matroskadec.d
│           │   ├── matroskadec.o
│           │   ├── matroskaenc.c
│           │   ├── matroskaenc.d
│           │   ├── matroskaenc.o
│           │   ├── mca.c
│           │   ├── mca.d
│           │   ├── mca.o
│           │   ├── mccdec.c
│           │   ├── mccdec.d
│           │   ├── mccdec.o
│           │   ├── mccenc.c
│           │   ├── mccenc.d
│           │   ├── mccenc.o
│           │   ├── md5proto.c
│           │   ├── md5proto.d
│           │   ├── md5proto.o
│           │   ├── metadata.c
│           │   ├── metadata.d
│           │   ├── metadata.h
│           │   ├── metadata.o
│           │   ├── mgsts.c
│           │   ├── mgsts.d
│           │   ├── mgsts.o
│           │   ├── microdvddec.c
│           │   ├── microdvddec.d
│           │   ├── microdvddec.o
│           │   ├── microdvdenc.c
│           │   ├── microdvdenc.d
│           │   ├── microdvdenc.o
│           │   ├── mj2kdec.c
│           │   ├── mj2kdec.d
│           │   ├── mj2kdec.o
│           │   ├── mkvtimestamp_v2.c
│           │   ├── mkvtimestamp_v2.d
│           │   ├── mkvtimestamp_v2.o
│           │   ├── mlpdec.c
│           │   ├── mlpdec.d
│           │   ├── mlpdec.o
│           │   ├── mlvdec.c
│           │   ├── mlvdec.d
│           │   ├── mlvdec.o
│           │   ├── mm.c
│           │   ├── mm.d
│           │   ├── mm.o
│           │   ├── mmf.c
│           │   ├── mmf.d
│           │   ├── mmf.o
│           │   ├── mms.c
│           │   ├── mms.d
│           │   ├── mms.h
│           │   ├── mms.o
│           │   ├── mmsh.c
│           │   ├── mmsh.d
│           │   ├── mmsh.o
│           │   ├── mmst.c
│           │   ├── mmst.d
│           │   ├── mmst.o
│           │   ├── mods.c
│           │   ├── mods.d
│           │   ├── mods.o
│           │   ├── moflex.c
│           │   ├── moflex.d
│           │   ├── moflex.o
│           │   ├── mov.c
│           │   ├── mov.d
│           │   ├── mov.o
│           │   ├── mov_chan.c
│           │   ├── mov_chan.d
│           │   ├── mov_chan.h
│           │   ├── mov_chan.o
│           │   ├── mov_esds.c
│           │   ├── mov_esds.d
│           │   ├── mov_esds.o
│           │   ├── movenc.c
│           │   ├── movenc.d
│           │   ├── movenc.h
│           │   ├── movenc.o
│           │   ├── movenc_ttml.c
│           │   ├── movenc_ttml.d
│           │   ├── movenc_ttml.h
│           │   ├── movenc_ttml.o
│           │   ├── movenccenc.c
│           │   ├── movenccenc.d
│           │   ├── movenccenc.h
│           │   ├── movenccenc.o
│           │   ├── movenchint.c
│           │   ├── movenchint.d
│           │   ├── movenchint.o
│           │   ├── mp3dec.c
│           │   ├── mp3dec.d
│           │   ├── mp3dec.o
│           │   ├── mp3enc.c
│           │   ├── mp3enc.d
│           │   ├── mp3enc.o
│           │   ├── mpc.c
│           │   ├── mpc.d
│           │   ├── mpc.o
│           │   ├── mpc8.c
│           │   ├── mpc8.d
│           │   ├── mpc8.o
│           │   ├── mpeg.c
│           │   ├── mpeg.d
│           │   ├── mpeg.h
│           │   ├── mpeg.o
│           │   ├── mpeg4audio_sample_rates.c
│           │   ├── mpeg4audio_sample_rates.d
│           │   ├── mpeg4audio_sample_rates.o
│           │   ├── mpegaudiotabs.c
│           │   ├── mpegaudiotabs.d
│           │   ├── mpegaudiotabs.o
│           │   ├── mpegenc.c
│           │   ├── mpegenc.d
│           │   ├── mpegenc.o
│           │   ├── mpegts.c
│           │   ├── mpegts.d
│           │   ├── mpegts.h
│           │   ├── mpegts.o
│           │   ├── mpegtsenc.c
│           │   ├── mpegtsenc.d
│           │   ├── mpegtsenc.o
│           │   ├── mpegvideodec.c
│           │   ├── mpegvideodec.d
│           │   ├── mpegvideodec.o
│           │   ├── mpjpeg.c
│           │   ├── mpjpeg.d
│           │   ├── mpjpeg.o
│           │   ├── mpjpegdec.c
│           │   ├── mpjpegdec.d
│           │   ├── mpjpegdec.o
│           │   ├── mpl2dec.c
│           │   ├── mpl2dec.d
│           │   ├── mpl2dec.o
│           │   ├── mpsubdec.c
│           │   ├── mpsubdec.d
│           │   ├── mpsubdec.o
│           │   ├── msf.c
│           │   ├── msf.d
│           │   ├── msf.o
│           │   ├── msnwc_tcp.c
│           │   ├── msnwc_tcp.d
│           │   ├── msnwc_tcp.o
│           │   ├── mspdec.c
│           │   ├── mspdec.d
│           │   ├── mspdec.o
│           │   ├── mtaf.c
│           │   ├── mtaf.d
│           │   ├── mtaf.o
│           │   ├── mtv.c
│           │   ├── mtv.d
│           │   ├── mtv.o
│           │   ├── musx.c
│           │   ├── musx.d
│           │   ├── musx.o
│           │   ├── mux.c
│           │   ├── mux.d
│           │   ├── mux.h
│           │   ├── mux.o
│           │   ├── mux_utils.c
│           │   ├── mux_utils.d
│           │   ├── mux_utils.o
│           │   ├── muxer_list.c
│           │   ├── mvdec.c
│           │   ├── mvdec.d
│           │   ├── mvdec.o
│           │   ├── mvi.c
│           │   ├── mvi.d
│           │   ├── mvi.o
│           │   ├── mxf.c
│           │   ├── mxf.d
│           │   ├── mxf.h
│           │   ├── mxf.o
│           │   ├── mxfdec.c
│           │   ├── mxfdec.d
│           │   ├── mxfdec.o
│           │   ├── mxfenc.c
│           │   ├── mxfenc.d
│           │   ├── mxfenc.o
│           │   ├── mxg.c
│           │   ├── mxg.d
│           │   ├── mxg.o
│           │   ├── nal.c
│           │   ├── nal.d
│           │   ├── nal.h
│           │   ├── nal.o
│           │   ├── ncdec.c
│           │   ├── ncdec.d
│           │   ├── ncdec.o
│           │   ├── network.c
│           │   ├── network.d
│           │   ├── network.h
│           │   ├── network.o
│           │   ├── nistspheredec.c
│           │   ├── nistspheredec.d
│           │   ├── nistspheredec.o
│           │   ├── nspdec.c
│           │   ├── nspdec.d
│           │   ├── nspdec.o
│           │   ├── nsvdec.c
│           │   ├── nsvdec.d
│           │   ├── nsvdec.o
│           │   ├── nullenc.c
│           │   ├── nullenc.d
│           │   ├── nullenc.o
│           │   ├── nut.c
│           │   ├── nut.d
│           │   ├── nut.h
│           │   ├── nut.o
│           │   ├── nutdec.c
│           │   ├── nutdec.d
│           │   ├── nutdec.o
│           │   ├── nutenc.c
│           │   ├── nutenc.d
│           │   ├── nutenc.o
│           │   ├── nuv.c
│           │   ├── nuv.d
│           │   ├── nuv.o
│           │   ├── oggdec.c
│           │   ├── oggdec.d
│           │   ├── oggdec.h
│           │   ├── oggdec.o
│           │   ├── oggenc.c
│           │   ├── oggenc.d
│           │   ├── oggenc.o
│           │   ├── oggparsecelt.c
│           │   ├── oggparsecelt.d
│           │   ├── oggparsecelt.o
│           │   ├── oggparsedirac.c
│           │   ├── oggparsedirac.d
│           │   ├── oggparsedirac.o
│           │   ├── oggparseflac.c
│           │   ├── oggparseflac.d
│           │   ├── oggparseflac.o
│           │   ├── oggparseogm.c
│           │   ├── oggparseogm.d
│           │   ├── oggparseogm.o
│           │   ├── oggparseopus.c
│           │   ├── oggparseopus.d
│           │   ├── oggparseopus.o
│           │   ├── oggparseskeleton.c
│           │   ├── oggparseskeleton.d
│           │   ├── oggparseskeleton.o
│           │   ├── oggparsespeex.c
│           │   ├── oggparsespeex.d
│           │   ├── oggparsespeex.o
│           │   ├── oggparsetheora.c
│           │   ├── oggparsetheora.d
│           │   ├── oggparsetheora.o
│           │   ├── oggparsevorbis.c
│           │   ├── oggparsevorbis.d
│           │   ├── oggparsevorbis.o
│           │   ├── oggparsevp8.c
│           │   ├── oggparsevp8.d
│           │   ├── oggparsevp8.o
│           │   ├── oma.c
│           │   ├── oma.d
│           │   ├── oma.h
│           │   ├── oma.o
│           │   ├── omadec.c
│           │   ├── omadec.d
│           │   ├── omadec.o
│           │   ├── omaenc.c
│           │   ├── omaenc.d
│           │   ├── omaenc.o
│           │   ├── options.c
│           │   ├── options.d
│           │   ├── options.o
│           │   ├── options_table.h
│           │   ├── opus_frame_duration_tab.c
│           │   ├── opus_frame_duration_tab.d
│           │   ├── opus_frame_duration_tab.o
│           │   ├── os_support.c
│           │   ├── os_support.d
│           │   ├── os_support.h
│           │   ├── os_support.o
│           │   ├── osq.c
│           │   ├── osq.d
│           │   ├── osq.o
│           │   ├── paf.c
│           │   ├── paf.d
│           │   ├── paf.o
│           │   ├── pcm.c
│           │   ├── pcm.d
│           │   ├── pcm.h
│           │   ├── pcm.o
│           │   ├── pcmdec.c
│           │   ├── pcmdec.d
│           │   ├── pcmdec.o
│           │   ├── pcmenc.c
│           │   ├── pcmenc.d
│           │   ├── pcmenc.o
│           │   ├── pdvdec.c
│           │   ├── pdvdec.d
│           │   ├── pdvdec.o
│           │   ├── pjsdec.c
│           │   ├── pjsdec.d
│           │   ├── pjsdec.o
│           │   ├── pmpdec.c
│           │   ├── pmpdec.d
│           │   ├── pmpdec.o
│           │   ├── pp_bnk.c
│           │   ├── pp_bnk.d
│           │   ├── pp_bnk.o
│           │   ├── prompeg.c
│           │   ├── prompeg.d
│           │   ├── prompeg.o
│           │   ├── protocol_list.c
│           │   ├── protocols.c
│           │   ├── protocols.d
│           │   ├── protocols.o
│           │   ├── psxstr.c
│           │   ├── psxstr.d
│           │   ├── psxstr.o
│           │   ├── pva.c
│           │   ├── pva.d
│           │   ├── pva.o
│           │   ├── pvfdec.c
│           │   ├── pvfdec.d
│           │   ├── pvfdec.o
│           │   ├── qcp.c
│           │   ├── qcp.d
│           │   ├── qcp.o
│           │   ├── qoadec.c
│           │   ├── qoadec.d
│           │   ├── qoadec.o
│           │   ├── qtpalette.c
│           │   ├── qtpalette.d
│           │   ├── qtpalette.h
│           │   ├── qtpalette.o
│           │   ├── r3d.c
│           │   ├── r3d.d
│           │   ├── r3d.o
│           │   ├── rangecoder_dec.c
│           │   ├── rangecoder_dec.d
│           │   ├── rangecoder_dec.o
│           │   ├── rawdec.c
│           │   ├── rawdec.d
│           │   ├── rawdec.h
│           │   ├── rawdec.o
│           │   ├── rawenc.c
│           │   ├── rawenc.d
│           │   ├── rawenc.h
│           │   ├── rawenc.o
│           │   ├── rawutils.c
│           │   ├── rawutils.d
│           │   ├── rawutils.h
│           │   ├── rawutils.o
│           │   ├── rawvideodec.c
│           │   ├── rawvideodec.d
│           │   ├── rawvideodec.o
│           │   ├── rcwtdec.c
│           │   ├── rcwtdec.d
│           │   ├── rcwtdec.o
│           │   ├── rcwtenc.c
│           │   ├── rcwtenc.d
│           │   ├── rcwtenc.o
│           │   ├── rdt.c
│           │   ├── rdt.d
│           │   ├── rdt.h
│           │   ├── rdt.o
│           │   ├── realtextdec.c
│           │   ├── realtextdec.d
│           │   ├── realtextdec.o
│           │   ├── redspark.c
│           │   ├── redspark.d
│           │   ├── redspark.o
│           │   ├── replaygain.c
│           │   ├── replaygain.d
│           │   ├── replaygain.h
│           │   ├── replaygain.o
│           │   ├── riff.c
│           │   ├── riff.d
│           │   ├── riff.h
│           │   ├── riff.o
│           │   ├── riffdec.c
│           │   ├── riffdec.d
│           │   ├── riffdec.o
│           │   ├── riffenc.c
│           │   ├── riffenc.d
│           │   ├── riffenc.o
│           │   ├── riscv
│           │   │   ├── Makefile
│           │   │   └── cpu_common.c
│           │   ├── rka.c
│           │   ├── rka.d
│           │   ├── rka.o
│           │   ├── rl2.c
│           │   ├── rl2.d
│           │   ├── rl2.o
│           │   ├── rm.c
│           │   ├── rm.d
│           │   ├── rm.h
│           │   ├── rm.o
│           │   ├── rmdec.c
│           │   ├── rmdec.d
│           │   ├── rmdec.o
│           │   ├── rmenc.c
│           │   ├── rmenc.d
│           │   ├── rmenc.o
│           │   ├── rmsipr.c
│           │   ├── rmsipr.d
│           │   ├── rmsipr.h
│           │   ├── rmsipr.o
│           │   ├── rpl.c
│           │   ├── rpl.d
│           │   ├── rpl.o
│           │   ├── rsd.c
│           │   ├── rsd.d
│           │   ├── rsd.o
│           │   ├── rso.c
│           │   ├── rso.d
│           │   ├── rso.h
│           │   ├── rso.o
│           │   ├── rsodec.c
│           │   ├── rsodec.d
│           │   ├── rsodec.o
│           │   ├── rsoenc.c
│           │   ├── rsoenc.d
│           │   ├── rsoenc.o
│           │   ├── rtmp.h
│           │   ├── rtmpcrypt.c
│           │   ├── rtmpcrypt.h
│           │   ├── rtmpdh.c
│           │   ├── rtmpdh.h
│           │   ├── rtmpdigest.c
│           │   ├── rtmpdigest.d
│           │   ├── rtmpdigest.o
│           │   ├── rtmphttp.c
│           │   ├── rtmphttp.d
│           │   ├── rtmphttp.o
│           │   ├── rtmppkt.c
│           │   ├── rtmppkt.d
│           │   ├── rtmppkt.h
│           │   ├── rtmppkt.o
│           │   ├── rtmpproto.c
│           │   ├── rtmpproto.d
│           │   ├── rtmpproto.o
│           │   ├── rtp.c
│           │   ├── rtp.d
│           │   ├── rtp.h
│           │   ├── rtp.o
│           │   ├── rtp_av1.h
│           │   ├── rtpdec.c
│           │   ├── rtpdec.d
│           │   ├── rtpdec.h
│           │   ├── rtpdec.o
│           │   ├── rtpdec_ac3.c
│           │   ├── rtpdec_ac3.d
│           │   ├── rtpdec_ac3.o
│           │   ├── rtpdec_amr.c
│           │   ├── rtpdec_amr.d
│           │   ├── rtpdec_amr.o
│           │   ├── rtpdec_asf.c
│           │   ├── rtpdec_asf.d
│           │   ├── rtpdec_asf.o
│           │   ├── rtpdec_av1.c
│           │   ├── rtpdec_av1.d
│           │   ├── rtpdec_av1.o
│           │   ├── rtpdec_dv.c
│           │   ├── rtpdec_dv.d
│           │   ├── rtpdec_dv.o
│           │   ├── rtpdec_formats.h
│           │   ├── rtpdec_g726.c
│           │   ├── rtpdec_g726.d
│           │   ├── rtpdec_g726.o
│           │   ├── rtpdec_h261.c
│           │   ├── rtpdec_h261.d
│           │   ├── rtpdec_h261.o
│           │   ├── rtpdec_h263.c
│           │   ├── rtpdec_h263.d
│           │   ├── rtpdec_h263.o
│           │   ├── rtpdec_h263_rfc2190.c
│           │   ├── rtpdec_h263_rfc2190.d
│           │   ├── rtpdec_h263_rfc2190.o
│           │   ├── rtpdec_h264.c
│           │   ├── rtpdec_h264.d
│           │   ├── rtpdec_h264.o
│           │   ├── rtpdec_hevc.c
│           │   ├── rtpdec_hevc.d
│           │   ├── rtpdec_hevc.o
│           │   ├── rtpdec_ilbc.c
│           │   ├── rtpdec_ilbc.d
│           │   ├── rtpdec_ilbc.o
│           │   ├── rtpdec_jpeg.c
│           │   ├── rtpdec_jpeg.d
│           │   ├── rtpdec_jpeg.o
│           │   ├── rtpdec_latm.c
│           │   ├── rtpdec_latm.d
│           │   ├── rtpdec_latm.o
│           │   ├── rtpdec_mpa_robust.c
│           │   ├── rtpdec_mpa_robust.d
│           │   ├── rtpdec_mpa_robust.o
│           │   ├── rtpdec_mpeg12.c
│           │   ├── rtpdec_mpeg12.d
│           │   ├── rtpdec_mpeg12.o
│           │   ├── rtpdec_mpeg4.c
│           │   ├── rtpdec_mpeg4.d
│           │   ├── rtpdec_mpeg4.o
│           │   ├── rtpdec_mpegts.c
│           │   ├── rtpdec_mpegts.d
│           │   ├── rtpdec_mpegts.o
│           │   ├── rtpdec_opus.c
│           │   ├── rtpdec_opus.d
│           │   ├── rtpdec_opus.o
│           │   ├── rtpdec_qcelp.c
│           │   ├── rtpdec_qcelp.d
│           │   ├── rtpdec_qcelp.o
│           │   ├── rtpdec_qdm2.c
│           │   ├── rtpdec_qdm2.d
│           │   ├── rtpdec_qdm2.o
│           │   ├── rtpdec_qt.c
│           │   ├── rtpdec_qt.d
│           │   ├── rtpdec_qt.o
│           │   ├── rtpdec_rfc4175.c
│           │   ├── rtpdec_rfc4175.d
│           │   ├── rtpdec_rfc4175.o
│           │   ├── rtpdec_svq3.c
│           │   ├── rtpdec_svq3.d
│           │   ├── rtpdec_svq3.o
│           │   ├── rtpdec_vc2hq.c
│           │   ├── rtpdec_vc2hq.d
│           │   ├── rtpdec_vc2hq.o
│           │   ├── rtpdec_vp8.c
│           │   ├── rtpdec_vp8.d
│           │   ├── rtpdec_vp8.o
│           │   ├── rtpdec_vp9.c
│           │   ├── rtpdec_vp9.d
│           │   ├── rtpdec_vp9.o
│           │   ├── rtpdec_xiph.c
│           │   ├── rtpdec_xiph.d
│           │   ├── rtpdec_xiph.o
│           │   ├── rtpenc.c
│           │   ├── rtpenc.d
│           │   ├── rtpenc.h
│           │   ├── rtpenc.o
│           │   ├── rtpenc_aac.c
│           │   ├── rtpenc_aac.d
│           │   ├── rtpenc_aac.o
│           │   ├── rtpenc_amr.c
│           │   ├── rtpenc_amr.d
│           │   ├── rtpenc_amr.o
│           │   ├── rtpenc_av1.c
│           │   ├── rtpenc_av1.d
│           │   ├── rtpenc_av1.o
│           │   ├── rtpenc_chain.c
│           │   ├── rtpenc_chain.d
│           │   ├── rtpenc_chain.h
│           │   ├── rtpenc_chain.o
│           │   ├── rtpenc_h261.c
│           │   ├── rtpenc_h261.d
│           │   ├── rtpenc_h261.o
│           │   ├── rtpenc_h263.c
│           │   ├── rtpenc_h263.d
│           │   ├── rtpenc_h263.o
│           │   ├── rtpenc_h263_rfc2190.c
│           │   ├── rtpenc_h263_rfc2190.d
│           │   ├── rtpenc_h263_rfc2190.o
│           │   ├── rtpenc_h264_hevc.c
│           │   ├── rtpenc_h264_hevc.d
│           │   ├── rtpenc_h264_hevc.o
│           │   ├── rtpenc_jpeg.c
│           │   ├── rtpenc_jpeg.d
│           │   ├── rtpenc_jpeg.o
│           │   ├── rtpenc_latm.c
│           │   ├── rtpenc_latm.d
│           │   ├── rtpenc_latm.o
│           │   ├── rtpenc_mpegts.c
│           │   ├── rtpenc_mpegts.d
│           │   ├── rtpenc_mpegts.o
│           │   ├── rtpenc_mpv.c
│           │   ├── rtpenc_mpv.d
│           │   ├── rtpenc_mpv.o
│           │   ├── rtpenc_rfc4175.c
│           │   ├── rtpenc_rfc4175.d
│           │   ├── rtpenc_rfc4175.o
│           │   ├── rtpenc_vc2hq.c
│           │   ├── rtpenc_vc2hq.d
│           │   ├── rtpenc_vc2hq.o
│           │   ├── rtpenc_vp8.c
│           │   ├── rtpenc_vp8.d
│           │   ├── rtpenc_vp8.o
│           │   ├── rtpenc_vp9.c
│           │   ├── rtpenc_vp9.d
│           │   ├── rtpenc_vp9.o
│           │   ├── rtpenc_xiph.c
│           │   ├── rtpenc_xiph.d
│           │   ├── rtpenc_xiph.o
│           │   ├── rtpproto.c
│           │   ├── rtpproto.d
│           │   ├── rtpproto.h
│           │   ├── rtpproto.o
│           │   ├── rtsp.c
│           │   ├── rtsp.d
│           │   ├── rtsp.h
│           │   ├── rtsp.o
│           │   ├── rtspcodes.h
│           │   ├── rtspdec.c
│           │   ├── rtspdec.d
│           │   ├── rtspdec.o
│           │   ├── rtspenc.c
│           │   ├── rtspenc.d
│           │   ├── rtspenc.o
│           │   ├── s337m.c
│           │   ├── s337m.d
│           │   ├── s337m.o
│           │   ├── samidec.c
│           │   ├── samidec.d
│           │   ├── samidec.o
│           │   ├── sapdec.c
│           │   ├── sapdec.d
│           │   ├── sapdec.o
│           │   ├── sapenc.c
│           │   ├── sapenc.d
│           │   ├── sapenc.o
│           │   ├── sauce.c
│           │   ├── sauce.d
│           │   ├── sauce.h
│           │   ├── sauce.o
│           │   ├── sbcdec.c
│           │   ├── sbcdec.d
│           │   ├── sbcdec.o
│           │   ├── sbgdec.c
│           │   ├── sbgdec.d
│           │   ├── sbgdec.o
│           │   ├── sccdec.c
│           │   ├── sccdec.d
│           │   ├── sccdec.o
│           │   ├── sccenc.c
│           │   ├── sccenc.d
│           │   ├── sccenc.o
│           │   ├── scd.c
│           │   ├── scd.d
│           │   ├── scd.o
│           │   ├── sctp.c
│           │   ├── sdns.c
│           │   ├── sdns.d
│           │   ├── sdns.o
│           │   ├── sdp.c
│           │   ├── sdp.d
│           │   ├── sdp.o
│           │   ├── sdr2.c
│           │   ├── sdr2.d
│           │   ├── sdr2.o
│           │   ├── sdsdec.c
│           │   ├── sdsdec.d
│           │   ├── sdsdec.o
│           │   ├── sdxdec.c
│           │   ├── sdxdec.d
│           │   ├── sdxdec.o
│           │   ├── seek.c
│           │   ├── seek.d
│           │   ├── seek.o
│           │   ├── segafilm.c
│           │   ├── segafilm.d
│           │   ├── segafilm.o
│           │   ├── segafilmenc.c
│           │   ├── segafilmenc.d
│           │   ├── segafilmenc.o
│           │   ├── segment.c
│           │   ├── segment.d
│           │   ├── segment.o
│           │   ├── serdec.c
│           │   ├── serdec.d
│           │   ├── serdec.o
│           │   ├── sga.c
│           │   ├── sga.d
│           │   ├── sga.o
│           │   ├── shortendec.c
│           │   ├── shortendec.d
│           │   ├── shortendec.o
│           │   ├── sierravmd.c
│           │   ├── sierravmd.d
│           │   ├── sierravmd.o
│           │   ├── siff.c
│           │   ├── siff.d
│           │   ├── siff.o
│           │   ├── smacker.c
│           │   ├── smacker.d
│           │   ├── smacker.o
│           │   ├── smjpeg.c
│           │   ├── smjpeg.d
│           │   ├── smjpeg.h
│           │   ├── smjpeg.o
│           │   ├── smjpegdec.c
│           │   ├── smjpegdec.d
│           │   ├── smjpegdec.o
│           │   ├── smjpegenc.c
│           │   ├── smjpegenc.d
│           │   ├── smjpegenc.o
│           │   ├── smoothstreamingenc.c
│           │   ├── smoothstreamingenc.d
│           │   ├── smoothstreamingenc.o
│           │   ├── smush.c
│           │   ├── smush.d
│           │   ├── smush.o
│           │   ├── sol.c
│           │   ├── sol.d
│           │   ├── sol.o
│           │   ├── sox.h
│           │   ├── soxdec.c
│           │   ├── soxdec.d
│           │   ├── soxdec.o
│           │   ├── soxenc.c
│           │   ├── soxenc.d
│           │   ├── soxenc.o
│           │   ├── spdif.c
│           │   ├── spdif.d
│           │   ├── spdif.h
│           │   ├── spdif.o
│           │   ├── spdifdec.c
│           │   ├── spdifdec.d
│           │   ├── spdifdec.o
│           │   ├── spdifenc.c
│           │   ├── spdifenc.d
│           │   ├── spdifenc.o
│           │   ├── srtdec.c
│           │   ├── srtdec.d
│           │   ├── srtdec.o
│           │   ├── srtenc.c
│           │   ├── srtenc.d
│           │   ├── srtenc.o
│           │   ├── srtp.c
│           │   ├── srtp.d
│           │   ├── srtp.h
│           │   ├── srtp.o
│           │   ├── srtpproto.c
│           │   ├── srtpproto.d
│           │   ├── srtpproto.o
│           │   ├── stldec.c
│           │   ├── stldec.d
│           │   ├── stldec.o
│           │   ├── subfile.c
│           │   ├── subfile.d
│           │   ├── subfile.o
│           │   ├── subtitles.c
│           │   ├── subtitles.d
│           │   ├── subtitles.h
│           │   ├── subtitles.o
│           │   ├── subviewer1dec.c
│           │   ├── subviewer1dec.d
│           │   ├── subviewer1dec.o
│           │   ├── subviewerdec.c
│           │   ├── subviewerdec.d
│           │   ├── subviewerdec.o
│           │   ├── supdec.c
│           │   ├── supdec.d
│           │   ├── supdec.o
│           │   ├── supenc.c
│           │   ├── supenc.d
│           │   ├── supenc.o
│           │   ├── svag.c
│           │   ├── svag.d
│           │   ├── svag.o
│           │   ├── svs.c
│           │   ├── svs.d
│           │   ├── svs.o
│           │   ├── swf.c
│           │   ├── swf.d
│           │   ├── swf.h
│           │   ├── swf.o
│           │   ├── swfdec.c
│           │   ├── swfdec.d
│           │   ├── swfdec.o
│           │   ├── swfenc.c
│           │   ├── swfenc.d
│           │   ├── swfenc.o
│           │   ├── takdec.c
│           │   ├── takdec.d
│           │   ├── takdec.o
│           │   ├── tcp.c
│           │   ├── tcp.d
│           │   ├── tcp.o
│           │   ├── tedcaptionsdec.c
│           │   ├── tedcaptionsdec.d
│           │   ├── tedcaptionsdec.o
│           │   ├── tee.c
│           │   ├── tee.d
│           │   ├── tee.o
│           │   ├── tee_common.c
│           │   ├── tee_common.d
│           │   ├── tee_common.h
│           │   ├── tee_common.o
│           │   ├── teeproto.c
│           │   ├── teeproto.d
│           │   ├── teeproto.o
│           │   ├── tests
│           │   │   ├── fifo_muxer.c
│           │   │   ├── imf.c
│           │   │   ├── movenc.c
│           │   │   ├── noproxy.c
│           │   │   ├── rtmpdh.c
│           │   │   ├── seek.c
│           │   │   ├── seek_utils.c
│           │   │   ├── srtp.c
│           │   │   └── url.c
│           │   ├── thp.c
│           │   ├── thp.d
│           │   ├── thp.o
│           │   ├── tiertexseq.c
│           │   ├── tiertexseq.d
│           │   ├── tiertexseq.o
│           │   ├── tls.c
│           │   ├── tls.h
│           │   ├── tls_gnutls.c
│           │   ├── tls_libtls.c
│           │   ├── tls_mbedtls.c
│           │   ├── tls_openssl.c
│           │   ├── tls_schannel.c
│           │   ├── tls_securetransport.c
│           │   ├── tmv.c
│           │   ├── tmv.d
│           │   ├── tmv.o
│           │   ├── to_upper4.c
│           │   ├── to_upper4.d
│           │   ├── to_upper4.o
│           │   ├── tta.c
│           │   ├── tta.d
│           │   ├── tta.o
│           │   ├── ttaenc.c
│           │   ├── ttaenc.d
│           │   ├── ttaenc.o
│           │   ├── ttmlenc.c
│           │   ├── ttmlenc.d
│           │   ├── ttmlenc.h
│           │   ├── ttmlenc.o
│           │   ├── tty.c
│           │   ├── tty.d
│           │   ├── tty.o
│           │   ├── txd.c
│           │   ├── txd.d
│           │   ├── txd.o
│           │   ├── ty.c
│           │   ├── ty.d
│           │   ├── ty.o
│           │   ├── udp.c
│           │   ├── udp.d
│           │   ├── udp.o
│           │   ├── uncodedframecrcenc.c
│           │   ├── uncodedframecrcenc.d
│           │   ├── uncodedframecrcenc.o
│           │   ├── unix.c
│           │   ├── unix.d
│           │   ├── unix.o
│           │   ├── url.c
│           │   ├── url.d
│           │   ├── url.h
│           │   ├── url.o
│           │   ├── urldecode.c
│           │   ├── urldecode.d
│           │   ├── urldecode.h
│           │   ├── urldecode.o
│           │   ├── usmdec.c
│           │   ├── usmdec.d
│           │   ├── usmdec.o
│           │   ├── utils.c
│           │   ├── utils.d
│           │   ├── utils.o
│           │   ├── vag.c
│           │   ├── vag.d
│           │   ├── vag.o
│           │   ├── vapoursynth.c
│           │   ├── vc1dec.c
│           │   ├── vc1dec.d
│           │   ├── vc1dec.o
│           │   ├── vc1test.c
│           │   ├── vc1test.d
│           │   ├── vc1test.o
│           │   ├── vc1testenc.c
│           │   ├── vc1testenc.d
│           │   ├── vc1testenc.o
│           │   ├── version.c
│           │   ├── version.d
│           │   ├── version.h
│           │   ├── version.o
│           │   ├── version_major.h
│           │   ├── vividas.c
│           │   ├── vividas.d
│           │   ├── vividas.o
│           │   ├── vivo.c
│           │   ├── vivo.d
│           │   ├── vivo.o
│           │   ├── voc.c
│           │   ├── voc.d
│           │   ├── voc.h
│           │   ├── voc.o
│           │   ├── voc_packet.c
│           │   ├── voc_packet.d
│           │   ├── voc_packet.o
│           │   ├── vocdec.c
│           │   ├── vocdec.d
│           │   ├── vocdec.o
│           │   ├── vocenc.c
│           │   ├── vocenc.d
│           │   ├── vocenc.o
│           │   ├── vorbiscomment.c
│           │   ├── vorbiscomment.d
│           │   ├── vorbiscomment.h
│           │   ├── vorbiscomment.o
│           │   ├── vpcc.c
│           │   ├── vpcc.d
│           │   ├── vpcc.h
│           │   ├── vpcc.o
│           │   ├── vpk.c
│           │   ├── vpk.d
│           │   ├── vpk.o
│           │   ├── vplayerdec.c
│           │   ├── vplayerdec.d
│           │   ├── vplayerdec.o
│           │   ├── vqf.c
│           │   ├── vqf.d
│           │   ├── vqf.o
│           │   ├── vvc.c
│           │   ├── vvc.d
│           │   ├── vvc.h
│           │   ├── vvc.o
│           │   ├── vvcdec.c
│           │   ├── vvcdec.d
│           │   ├── vvcdec.o
│           │   ├── w64.c
│           │   ├── w64.d
│           │   ├── w64.h
│           │   ├── w64.o
│           │   ├── wady.c
│           │   ├── wady.d
│           │   ├── wady.o
│           │   ├── wavarc.c
│           │   ├── wavarc.d
│           │   ├── wavarc.o
│           │   ├── wavdec.c
│           │   ├── wavdec.d
│           │   ├── wavdec.o
│           │   ├── wavenc.c
│           │   ├── wavenc.d
│           │   ├── wavenc.o
│           │   ├── wc3movie.c
│           │   ├── wc3movie.d
│           │   ├── wc3movie.o
│           │   ├── webm_chunk.c
│           │   ├── webm_chunk.d
│           │   ├── webm_chunk.o
│           │   ├── webmdashenc.c
│           │   ├── webmdashenc.d
│           │   ├── webmdashenc.o
│           │   ├── webpenc.c
│           │   ├── webpenc.d
│           │   ├── webpenc.o
│           │   ├── webvttdec.c
│           │   ├── webvttdec.d
│           │   ├── webvttdec.o
│           │   ├── webvttenc.c
│           │   ├── webvttenc.d
│           │   ├── webvttenc.o
│           │   ├── westwood_aud.c
│           │   ├── westwood_aud.d
│           │   ├── westwood_aud.o
│           │   ├── westwood_audenc.c
│           │   ├── westwood_audenc.d
│           │   ├── westwood_audenc.o
│           │   ├── westwood_vqa.c
│           │   ├── westwood_vqa.d
│           │   ├── westwood_vqa.o
│           │   ├── whip.c
│           │   ├── wsddec.c
│           │   ├── wsddec.d
│           │   ├── wsddec.o
│           │   ├── wtv.h
│           │   ├── wtv_common.c
│           │   ├── wtv_common.d
│           │   ├── wtv_common.o
│           │   ├── wtvdec.c
│           │   ├── wtvdec.d
│           │   ├── wtvdec.o
│           │   ├── wtvenc.c
│           │   ├── wtvenc.d
│           │   ├── wtvenc.o
│           │   ├── wv.c
│           │   ├── wv.d
│           │   ├── wv.h
│           │   ├── wv.o
│           │   ├── wvdec.c
│           │   ├── wvdec.d
│           │   ├── wvdec.o
│           │   ├── wvedec.c
│           │   ├── wvedec.d
│           │   ├── wvedec.o
│           │   ├── wvenc.c
│           │   ├── wvenc.d
│           │   ├── wvenc.o
│           │   ├── xa.c
│           │   ├── xa.d
│           │   ├── xa.o
│           │   ├── xmd.c
│           │   ├── xmd.d
│           │   ├── xmd.o
│           │   ├── xmv.c
│           │   ├── xmv.d
│           │   ├── xmv.o
│           │   ├── xvag.c
│           │   ├── xvag.d
│           │   ├── xvag.o
│           │   ├── xwma.c
│           │   ├── xwma.d
│           │   ├── xwma.o
│           │   ├── yop.c
│           │   ├── yop.d
│           │   ├── yop.o
│           │   ├── yuv4mpeg.h
│           │   ├── yuv4mpegdec.c
│           │   ├── yuv4mpegdec.d
│           │   ├── yuv4mpegdec.o
│           │   ├── yuv4mpegenc.c
│           │   ├── yuv4mpegenc.d
│           │   └── yuv4mpegenc.o
│           ├── libavutil
│           │   ├── Makefile
│           │   ├── aarch64
│           │   │   ├── Makefile
│           │   │   ├── asm.S
│           │   │   ├── cpu.c
│           │   │   ├── cpu.d
│           │   │   ├── cpu.h
│           │   │   ├── cpu.o
│           │   │   ├── cpu_sme.S
│           │   │   ├── cpu_sme.d
│           │   │   ├── cpu_sme.o
│           │   │   ├── cpu_sve.S
│           │   │   ├── cpu_sve.d
│           │   │   ├── cpu_sve.o
│           │   │   ├── crc.S
│           │   │   ├── crc.d
│           │   │   ├── crc.h
│           │   │   ├── crc.o
│           │   │   ├── float_dsp_init.c
│           │   │   ├── float_dsp_init.d
│           │   │   ├── float_dsp_init.o
│           │   │   ├── float_dsp_neon.S
│           │   │   ├── float_dsp_neon.d
│           │   │   ├── float_dsp_neon.o
│           │   │   ├── intreadwrite.h
│           │   │   ├── neontest.h
│           │   │   ├── timer.h
│           │   │   ├── tx_float_init.c
│           │   │   ├── tx_float_init.d
│           │   │   ├── tx_float_init.o
│           │   │   ├── tx_float_neon.S
│           │   │   ├── tx_float_neon.d
│           │   │   └── tx_float_neon.o
│           │   ├── adler32.c
│           │   ├── adler32.d
│           │   ├── adler32.h
│           │   ├── adler32.o
│           │   ├── aes.c
│           │   ├── aes.d
│           │   ├── aes.h
│           │   ├── aes.o
│           │   ├── aes_ctr.c
│           │   ├── aes_ctr.d
│           │   ├── aes_ctr.h
│           │   ├── aes_ctr.o
│           │   ├── aes_internal.h
│           │   ├── ambient_viewing_environment.c
│           │   ├── ambient_viewing_environment.d
│           │   ├── ambient_viewing_environment.h
│           │   ├── ambient_viewing_environment.o
│           │   ├── arm
│           │   │   ├── Makefile
│           │   │   ├── asm.S
│           │   │   ├── bswap.h
│           │   │   ├── cpu.c
│           │   │   ├── cpu.d
│           │   │   ├── cpu.h
│           │   │   ├── cpu.o
│           │   │   ├── float_dsp_arm.h
│           │   │   ├── float_dsp_init_arm.c
│           │   │   ├── float_dsp_init_arm.d
│           │   │   ├── float_dsp_init_arm.o
│           │   │   ├── float_dsp_init_neon.c
│           │   │   ├── float_dsp_init_neon.d
│           │   │   ├── float_dsp_init_neon.o
│           │   │   ├── float_dsp_init_vfp.c
│           │   │   ├── float_dsp_init_vfp.d
│           │   │   ├── float_dsp_init_vfp.o
│           │   │   ├── float_dsp_neon.S
│           │   │   ├── float_dsp_neon.d
│           │   │   ├── float_dsp_neon.o
│           │   │   ├── float_dsp_vfp.S
│           │   │   ├── float_dsp_vfp.d
│           │   │   ├── float_dsp_vfp.o
│           │   │   ├── intmath.h
│           │   │   ├── neontest.h
│           │   │   └── timer.h
│           │   ├── attributes.h
│           │   ├── attributes_internal.h
│           │   ├── audio_fifo.c
│           │   ├── audio_fifo.d
│           │   ├── audio_fifo.h
│           │   ├── audio_fifo.o
│           │   ├── avassert.h
│           │   ├── avconfig.h
│           │   ├── avsscanf.c
│           │   ├── avsscanf.d
│           │   ├── avsscanf.o
│           │   ├── avstring.c
│           │   ├── avstring.d
│           │   ├── avstring.h
│           │   ├── avstring.o
│           │   ├── avutil.h
│           │   ├── avutilres.rc
│           │   ├── base64.c
│           │   ├── base64.d
│           │   ├── base64.h
│           │   ├── base64.o
│           │   ├── blowfish.c
│           │   ├── blowfish.d
│           │   ├── blowfish.h
│           │   ├── blowfish.o
│           │   ├── bprint.c
│           │   ├── bprint.d
│           │   ├── bprint.h
│           │   ├── bprint.o
│           │   ├── bswap.h
│           │   ├── buffer.c
│           │   ├── buffer.d
│           │   ├── buffer.h
│           │   ├── buffer.o
│           │   ├── buffer_internal.h
│           │   ├── camellia.c
│           │   ├── camellia.d
│           │   ├── camellia.h
│           │   ├── camellia.o
│           │   ├── cast5.c
│           │   ├── cast5.d
│           │   ├── cast5.h
│           │   ├── cast5.o
│           │   ├── channel_layout.c
│           │   ├── channel_layout.d
│           │   ├── channel_layout.h
│           │   ├── channel_layout.o
│           │   ├── colorspace.h
│           │   ├── common.h
│           │   ├── container_fifo.c
│           │   ├── container_fifo.d
│           │   ├── container_fifo.h
│           │   ├── container_fifo.o
│           │   ├── cpu.c
│           │   ├── cpu.d
│           │   ├── cpu.h
│           │   ├── cpu.o
│           │   ├── cpu_internal.h
│           │   ├── crc.c
│           │   ├── crc.d
│           │   ├── crc.h
│           │   ├── crc.o
│           │   ├── csp.c
│           │   ├── csp.d
│           │   ├── csp.h
│           │   ├── csp.o
│           │   ├── cuda_check.h
│           │   ├── des.c
│           │   ├── des.d
│           │   ├── des.h
│           │   ├── des.o
│           │   ├── detection_bbox.c
│           │   ├── detection_bbox.d
│           │   ├── detection_bbox.h
│           │   ├── detection_bbox.o
│           │   ├── dict.c
│           │   ├── dict.d
│           │   ├── dict.h
│           │   ├── dict.o
│           │   ├── display.c
│           │   ├── display.d
│           │   ├── display.h
│           │   ├── display.o
│           │   ├── dovi_meta.c
│           │   ├── dovi_meta.d
│           │   ├── dovi_meta.h
│           │   ├── dovi_meta.o
│           │   ├── downmix_info.c
│           │   ├── downmix_info.d
│           │   ├── downmix_info.h
│           │   ├── downmix_info.o
│           │   ├── dynarray.h
│           │   ├── emms.h
│           │   ├── encryption_info.c
│           │   ├── encryption_info.d
│           │   ├── encryption_info.h
│           │   ├── encryption_info.o
│           │   ├── error.c
│           │   ├── error.d
│           │   ├── error.h
│           │   ├── error.o
│           │   ├── eval.c
│           │   ├── eval.d
│           │   ├── eval.h
│           │   ├── eval.o
│           │   ├── executor.c
│           │   ├── executor.d
│           │   ├── executor.h
│           │   ├── executor.o
│           │   ├── ffmath.h
│           │   ├── ffversion.h
│           │   ├── fifo.c
│           │   ├── fifo.d
│           │   ├── fifo.h
│           │   ├── fifo.o
│           │   ├── file.c
│           │   ├── file.d
│           │   ├── file.h
│           │   ├── file.o
│           │   ├── file_open.c
│           │   ├── file_open.d
│           │   ├── file_open.h
│           │   ├── file_open.o
│           │   ├── film_grain_params.c
│           │   ├── film_grain_params.d
│           │   ├── film_grain_params.h
│           │   ├── film_grain_params.o
│           │   ├── fixed_dsp.c
│           │   ├── fixed_dsp.d
│           │   ├── fixed_dsp.h
│           │   ├── fixed_dsp.o
│           │   ├── float2half.c
│           │   ├── float2half.h
│           │   ├── float_dsp.c
│           │   ├── float_dsp.d
│           │   ├── float_dsp.h
│           │   ├── float_dsp.o
│           │   ├── float_scalarproduct.c
│           │   ├── float_scalarproduct.d
│           │   ├── float_scalarproduct.o
│           │   ├── frame.c
│           │   ├── frame.d
│           │   ├── frame.h
│           │   ├── frame.o
│           │   ├── getenv_utf8.h
│           │   ├── half2float.c
│           │   ├── half2float.h
│           │   ├── hash.c
│           │   ├── hash.d
│           │   ├── hash.h
│           │   ├── hash.o
│           │   ├── hdr_dynamic_metadata.c
│           │   ├── hdr_dynamic_metadata.d
│           │   ├── hdr_dynamic_metadata.h
│           │   ├── hdr_dynamic_metadata.o
│           │   ├── hdr_dynamic_vivid_metadata.c
│           │   ├── hdr_dynamic_vivid_metadata.d
│           │   ├── hdr_dynamic_vivid_metadata.h
│           │   ├── hdr_dynamic_vivid_metadata.o
│           │   ├── hmac.c
│           │   ├── hmac.d
│           │   ├── hmac.h
│           │   ├── hmac.o
│           │   ├── hwcontext.c
│           │   ├── hwcontext.d
│           │   ├── hwcontext.h
│           │   ├── hwcontext.o
│           │   ├── hwcontext_amf.c
│           │   ├── hwcontext_amf.h
│           │   ├── hwcontext_amf_internal.h
│           │   ├── hwcontext_cuda.c
│           │   ├── hwcontext_cuda.h
│           │   ├── hwcontext_cuda_internal.h
│           │   ├── hwcontext_d3d11va.c
│           │   ├── hwcontext_d3d11va.h
│           │   ├── hwcontext_d3d12va.c
│           │   ├── hwcontext_d3d12va.h
│           │   ├── hwcontext_d3d12va_internal.h
│           │   ├── hwcontext_drm.c
│           │   ├── hwcontext_drm.h
│           │   ├── hwcontext_dxva2.c
│           │   ├── hwcontext_dxva2.h
│           │   ├── hwcontext_internal.h
│           │   ├── hwcontext_mediacodec.c
│           │   ├── hwcontext_mediacodec.h
│           │   ├── hwcontext_oh.c
│           │   ├── hwcontext_oh.h
│           │   ├── hwcontext_opencl.c
│           │   ├── hwcontext_opencl.h
│           │   ├── hwcontext_qsv.c
│           │   ├── hwcontext_qsv.h
│           │   ├── hwcontext_stub.c
│           │   ├── hwcontext_stub.d
│           │   ├── hwcontext_stub.o
│           │   ├── hwcontext_vaapi.c
│           │   ├── hwcontext_vaapi.h
│           │   ├── hwcontext_vdpau.c
│           │   ├── hwcontext_vdpau.h
│           │   ├── hwcontext_videotoolbox.c
│           │   ├── hwcontext_videotoolbox.h
│           │   ├── hwcontext_vulkan.c
│           │   ├── hwcontext_vulkan.h
│           │   ├── iamf.c
│           │   ├── iamf.d
│           │   ├── iamf.h
│           │   ├── iamf.o
│           │   ├── imgutils.c
│           │   ├── imgutils.d
│           │   ├── imgutils.h
│           │   ├── imgutils.o
│           │   ├── imgutils_internal.h
│           │   ├── integer.c
│           │   ├── integer.d
│           │   ├── integer.h
│           │   ├── integer.o
│           │   ├── internal.h
│           │   ├── intfloat.h
│           │   ├── intmath.c
│           │   ├── intmath.d
│           │   ├── intmath.h
│           │   ├── intmath.o
│           │   ├── intreadwrite.h
│           │   ├── lfg.c
│           │   ├── lfg.d
│           │   ├── lfg.h
│           │   ├── lfg.o
│           │   ├── libavutil.pc
│           │   ├── libavutil.so -> libavutil.so.60
│           │   ├── libavutil.so.60
│           │   ├── libavutil.v
│           │   ├── libavutil.ver
│           │   ├── libavutil.version
│           │   ├── libm.h
│           │   ├── lls.c
│           │   ├── lls.d
│           │   ├── lls.h
│           │   ├── lls.o
│           │   ├── log.c
│           │   ├── log.d
│           │   ├── log.h
│           │   ├── log.o
│           │   ├── log2_tab.c
│           │   ├── log2_tab.d
│           │   ├── log2_tab.o
│           │   ├── loongarch
│           │   │   ├── Makefile
│           │   │   ├── cpu.c
│           │   │   ├── cpu.h
│           │   │   ├── loongson_intrinsics.h
│           │   │   └── timer.h
│           │   ├── lzo.c
│           │   ├── lzo.d
│           │   ├── lzo.h
│           │   ├── lzo.o
│           │   ├── macos_kperf.c
│           │   ├── macos_kperf.h
│           │   ├── macros.h
│           │   ├── mastering_display_metadata.c
│           │   ├── mastering_display_metadata.d
│           │   ├── mastering_display_metadata.h
│           │   ├── mastering_display_metadata.o
│           │   ├── mathematics.c
│           │   ├── mathematics.d
│           │   ├── mathematics.h
│           │   ├── mathematics.o
│           │   ├── md5.c
│           │   ├── md5.d
│           │   ├── md5.h
│           │   ├── md5.o
│           │   ├── mem.c
│           │   ├── mem.d
│           │   ├── mem.h
│           │   ├── mem.o
│           │   ├── mem_internal.h
│           │   ├── mips
│           │   │   ├── Makefile
│           │   │   ├── asmdefs.h
│           │   │   ├── cpu.c
│           │   │   ├── cpu.h
│           │   │   ├── float_dsp_mips.c
│           │   │   ├── generic_macros_msa.h
│           │   │   ├── intreadwrite.h
│           │   │   ├── libm_mips.h
│           │   │   └── mmiutils.h
│           │   ├── motion_vector.h
│           │   ├── murmur3.c
│           │   ├── murmur3.d
│           │   ├── murmur3.h
│           │   ├── murmur3.o
│           │   ├── objc.h
│           │   ├── opt.c
│           │   ├── opt.d
│           │   ├── opt.h
│           │   ├── opt.o
│           │   ├── parseutils.c
│           │   ├── parseutils.d
│           │   ├── parseutils.h
│           │   ├── parseutils.o
│           │   ├── pca.c
│           │   ├── pca.h
│           │   ├── pixdesc.c
│           │   ├── pixdesc.d
│           │   ├── pixdesc.h
│           │   ├── pixdesc.o
│           │   ├── pixelutils.c
│           │   ├── pixelutils.d
│           │   ├── pixelutils.h
│           │   ├── pixelutils.o
│           │   ├── pixfmt.h
│           │   ├── ppc
│           │   │   ├── Makefile
│           │   │   ├── cpu.c
│           │   │   ├── cpu.h
│           │   │   ├── float_dsp_altivec.c
│           │   │   ├── float_dsp_altivec.h
│           │   │   ├── float_dsp_init.c
│           │   │   ├── float_dsp_vsx.c
│           │   │   ├── float_dsp_vsx.h
│           │   │   ├── intreadwrite.h
│           │   │   ├── timer.h
│           │   │   └── util_altivec.h
│           │   ├── qsort.h
│           │   ├── random_seed.c
│           │   ├── random_seed.d
│           │   ├── random_seed.h
│           │   ├── random_seed.o
│           │   ├── rational.c
│           │   ├── rational.d
│           │   ├── rational.h
│           │   ├── rational.o
│           │   ├── rc4.c
│           │   ├── rc4.d
│           │   ├── rc4.h
│           │   ├── rc4.o
│           │   ├── refstruct.c
│           │   ├── refstruct.d
│           │   ├── refstruct.h
│           │   ├── refstruct.o
│           │   ├── replaygain.h
│           │   ├── reverse.c
│           │   ├── reverse.d
│           │   ├── reverse.h
│           │   ├── reverse.o
│           │   ├── ripemd.c
│           │   ├── ripemd.d
│           │   ├── ripemd.h
│           │   ├── ripemd.o
│           │   ├── riscv
│           │   │   ├── Makefile
│           │   │   ├── asm.S
│           │   │   ├── bswap.h
│           │   │   ├── bswap_rvb.S
│           │   │   ├── cpu.c
│           │   │   ├── cpu.h
│           │   │   ├── cpu_common.c
│           │   │   ├── fixed_dsp_init.c
│           │   │   ├── fixed_dsp_rvv.S
│           │   │   ├── float_dsp_init.c
│           │   │   ├── float_dsp_rvv.S
│           │   │   ├── intmath.h
│           │   │   ├── lls_init.c
│           │   │   └── lls_rvv.S
│           │   ├── samplefmt.c
│           │   ├── samplefmt.d
│           │   ├── samplefmt.h
│           │   ├── samplefmt.o
│           │   ├── sfc64.h
│           │   ├── sha.c
│           │   ├── sha.d
│           │   ├── sha.h
│           │   ├── sha.o
│           │   ├── sha512.c
│           │   ├── sha512.d
│           │   ├── sha512.h
│           │   ├── sha512.o
│           │   ├── side_data.c
│           │   ├── side_data.d
│           │   ├── side_data.h
│           │   ├── side_data.o
│           │   ├── slicethread.c
│           │   ├── slicethread.d
│           │   ├── slicethread.h
│           │   ├── slicethread.o
│           │   ├── softfloat.h
│           │   ├── softfloat_ieee754.h
│           │   ├── softfloat_tables.h
│           │   ├── spherical.c
│           │   ├── spherical.d
│           │   ├── spherical.h
│           │   ├── spherical.o
│           │   ├── stereo3d.c
│           │   ├── stereo3d.d
│           │   ├── stereo3d.h
│           │   ├── stereo3d.o
│           │   ├── tablegen.h
│           │   ├── tdrdi.c
│           │   ├── tdrdi.d
│           │   ├── tdrdi.h
│           │   ├── tdrdi.o
│           │   ├── tea.c
│           │   ├── tea.d
│           │   ├── tea.h
│           │   ├── tea.o
│           │   ├── tests
│           │   │   ├── adler32.c
│           │   │   ├── aes.c
│           │   │   ├── aes_ctr.c
│           │   │   ├── audio_fifo.c
│           │   │   ├── avstring.c
│           │   │   ├── base64.c
│           │   │   ├── blowfish.c
│           │   │   ├── bprint.c
│           │   │   ├── camellia.c
│           │   │   ├── cast5.c
│           │   │   ├── channel_layout.c
│           │   │   ├── color_utils.c
│           │   │   ├── cpu.c
│           │   │   ├── cpu_init.c
│           │   │   ├── crc.c
│           │   │   ├── des.c
│           │   │   ├── dict.c
│           │   │   ├── display.c
│           │   │   ├── encryption_info.c
│           │   │   ├── error.c
│           │   │   ├── eval.c
│           │   │   ├── fifo.c
│           │   │   ├── file.c
│           │   │   ├── hash.c
│           │   │   ├── hmac.c
│           │   │   ├── hwdevice.c
│           │   │   ├── imgutils.c
│           │   │   ├── integer.c
│           │   │   ├── lfg.c
│           │   │   ├── lls.c
│           │   │   ├── log.c
│           │   │   ├── lzo.c
│           │   │   ├── md5.c
│           │   │   ├── murmur3.c
│           │   │   ├── opt.c
│           │   │   ├── parseutils.c
│           │   │   ├── pca.c
│           │   │   ├── pixdesc.c
│           │   │   ├── pixelutils.c
│           │   │   ├── pixfmt_best.c
│           │   │   ├── random_seed.c
│           │   │   ├── rational.c
│           │   │   ├── ripemd.c
│           │   │   ├── sha.c
│           │   │   ├── sha512.c
│           │   │   ├── side_data_array.c
│           │   │   ├── softfloat.c
│           │   │   ├── tea.c
│           │   │   ├── tree.c
│           │   │   ├── twofish.c
│           │   │   ├── utf8.c
│           │   │   ├── uuid.c
│           │   │   └── xtea.c
│           │   ├── thread.h
│           │   ├── threadmessage.c
│           │   ├── threadmessage.d
│           │   ├── threadmessage.h
│           │   ├── threadmessage.o
│           │   ├── time.c
│           │   ├── time.d
│           │   ├── time.h
│           │   ├── time.o
│           │   ├── time_internal.h
│           │   ├── timecode.c
│           │   ├── timecode.d
│           │   ├── timecode.h
│           │   ├── timecode.o
│           │   ├── timecode_internal.c
│           │   ├── timecode_internal.d
│           │   ├── timecode_internal.h
│           │   ├── timecode_internal.o
│           │   ├── timer.h
│           │   ├── timestamp.c
│           │   ├── timestamp.d
│           │   ├── timestamp.h
│           │   ├── timestamp.o
│           │   ├── tree.c
│           │   ├── tree.d
│           │   ├── tree.h
│           │   ├── tree.o
│           │   ├── twofish.c
│           │   ├── twofish.d
│           │   ├── twofish.h
│           │   ├── twofish.o
│           │   ├── tx.c
│           │   ├── tx.d
│           │   ├── tx.h
│           │   ├── tx.o
│           │   ├── tx_double.c
│           │   ├── tx_double.d
│           │   ├── tx_double.o
│           │   ├── tx_float.c
│           │   ├── tx_float.d
│           │   ├── tx_float.o
│           │   ├── tx_int32.c
│           │   ├── tx_int32.d
│           │   ├── tx_int32.o
│           │   ├── tx_priv.h
│           │   ├── tx_template.c
│           │   ├── utils.c
│           │   ├── utils.d
│           │   ├── utils.o
│           │   ├── uuid.c
│           │   ├── uuid.d
│           │   ├── uuid.h
│           │   ├── uuid.o
│           │   ├── version.c
│           │   ├── version.d
│           │   ├── version.h
│           │   ├── version.o
│           │   ├── version_major.h
│           │   ├── video_enc_params.c
│           │   ├── video_enc_params.d
│           │   ├── video_enc_params.h
│           │   ├── video_enc_params.o
│           │   ├── video_hint.c
│           │   ├── video_hint.d
│           │   ├── video_hint.h
│           │   ├── video_hint.o
│           │   ├── vulkan.c
│           │   ├── vulkan.h
│           │   ├── vulkan_functions.h
│           │   ├── vulkan_glslang.c
│           │   ├── vulkan_loader.h
│           │   ├── vulkan_shaderc.c
│           │   ├── vulkan_spirv.h
│           │   ├── wasm
│           │   │   ├── Makefile
│           │   │   └── cpu.c
│           │   ├── wchar_filename.h
│           │   ├── x86
│           │   │   ├── Makefile
│           │   │   ├── aes.asm
│           │   │   ├── aes.d
│           │   │   ├── aes.o
│           │   │   ├── aes_init.c
│           │   │   ├── aes_init.d
│           │   │   ├── aes_init.o
│           │   │   ├── asm.h
│           │   │   ├── bswap.h
│           │   │   ├── cpu.c
│           │   │   ├── cpu.d
│           │   │   ├── cpu.h
│           │   │   ├── cpu.o
│           │   │   ├── cpuid.asm
│           │   │   ├── cpuid.d
│           │   │   ├── cpuid.o
│           │   │   ├── crc.asm
│           │   │   ├── crc.d
│           │   │   ├── crc.h
│           │   │   ├── crc.o
│           │   │   ├── emms.asm
│           │   │   ├── fixed_dsp.asm
│           │   │   ├── fixed_dsp.d
│           │   │   ├── fixed_dsp.o
│           │   │   ├── fixed_dsp_init.c
│           │   │   ├── fixed_dsp_init.d
│           │   │   ├── fixed_dsp_init.o
│           │   │   ├── float_dsp.asm
│           │   │   ├── float_dsp.d
│           │   │   ├── float_dsp.o
│           │   │   ├── float_dsp_init.c
│           │   │   ├── float_dsp_init.d
│           │   │   ├── float_dsp_init.o
│           │   │   ├── imgutils.asm
│           │   │   ├── imgutils.d
│           │   │   ├── imgutils.o
│           │   │   ├── imgutils_init.c
│           │   │   ├── imgutils_init.d
│           │   │   ├── imgutils_init.o
│           │   │   ├── intmath.h
│           │   │   ├── intreadwrite.h
│           │   │   ├── lls.asm
│           │   │   ├── lls.d
│           │   │   ├── lls.o
│           │   │   ├── lls_init.c
│           │   │   ├── lls_init.d
│           │   │   ├── lls_init.o
│           │   │   ├── pixelutils.asm
│           │   │   ├── pixelutils.d
│           │   │   ├── pixelutils.h
│           │   │   ├── pixelutils.o
│           │   │   ├── pixelutils_init.c
│           │   │   ├── pixelutils_init.d
│           │   │   ├── pixelutils_init.o
│           │   │   ├── timer.h
│           │   │   ├── tx_float.asm
│           │   │   ├── tx_float.d
│           │   │   ├── tx_float.o
│           │   │   ├── tx_float_init.c
│           │   │   ├── tx_float_init.d
│           │   │   ├── tx_float_init.o
│           │   │   ├── w64xmmtest.h
│           │   │   ├── x86inc.asm
│           │   │   └── x86util.asm
│           │   ├── xga_font_data.c
│           │   ├── xga_font_data.d
│           │   ├── xga_font_data.h
│           │   ├── xga_font_data.o
│           │   ├── xtea.c
│           │   ├── xtea.d
│           │   ├── xtea.h
│           │   ├── xtea.o
│           │   └── zlib_utils.h
│           ├── libswresample
│           │   ├── Makefile
│           │   ├── aarch64
│           │   │   ├── Makefile
│           │   │   ├── audio_convert_init.c
│           │   │   ├── audio_convert_init.d
│           │   │   ├── audio_convert_init.o
│           │   │   ├── audio_convert_neon.S
│           │   │   ├── audio_convert_neon.d
│           │   │   ├── audio_convert_neon.o
│           │   │   ├── neontest.c
│           │   │   ├── resample.S
│           │   │   ├── resample.d
│           │   │   ├── resample.o
│           │   │   ├── resample_init.c
│           │   │   ├── resample_init.d
│           │   │   └── resample_init.o
│           │   ├── arm
│           │   │   ├── Makefile
│           │   │   ├── audio_convert_init.c
│           │   │   ├── audio_convert_init.d
│           │   │   ├── audio_convert_init.o
│           │   │   ├── audio_convert_neon.S
│           │   │   ├── audio_convert_neon.d
│           │   │   ├── audio_convert_neon.o
│           │   │   ├── neontest.c
│           │   │   ├── resample.S
│           │   │   ├── resample.d
│           │   │   ├── resample.o
│           │   │   ├── resample_init.c
│           │   │   ├── resample_init.d
│           │   │   └── resample_init.o
│           │   ├── audioconvert.c
│           │   ├── audioconvert.d
│           │   ├── audioconvert.h
│           │   ├── audioconvert.o
│           │   ├── dither.c
│           │   ├── dither.d
│           │   ├── dither.o
│           │   ├── dither_template.c
│           │   ├── libswresample.pc
│           │   ├── libswresample.so -> libswresample.so.6
│           │   ├── libswresample.so.6
│           │   ├── libswresample.v
│           │   ├── libswresample.ver
│           │   ├── libswresample.version
│           │   ├── log2_tab.c
│           │   ├── log2_tab.d
│           │   ├── log2_tab.o
│           │   ├── noise_shaping_data.c
│           │   ├── options.c
│           │   ├── options.d
│           │   ├── options.o
│           │   ├── rematrix.c
│           │   ├── rematrix.d
│           │   ├── rematrix.o
│           │   ├── rematrix_template.c
│           │   ├── resample.c
│           │   ├── resample.d
│           │   ├── resample.h
│           │   ├── resample.o
│           │   ├── resample_dsp.c
│           │   ├── resample_dsp.d
│           │   ├── resample_dsp.o
│           │   ├── resample_template.c
│           │   ├── soxr_resample.c
│           │   ├── swresample.c
│           │   ├── swresample.d
│           │   ├── swresample.h
│           │   ├── swresample.o
│           │   ├── swresample_frame.c
│           │   ├── swresample_frame.d
│           │   ├── swresample_frame.o
│           │   ├── swresample_internal.h
│           │   ├── swresampleres.rc
│           │   ├── tests
│           │   │   └── swresample.c
│           │   ├── version.c
│           │   ├── version.d
│           │   ├── version.h
│           │   ├── version.o
│           │   ├── version_major.h
│           │   └── x86
│           │       ├── Makefile
│           │       ├── audio_convert.asm
│           │       ├── audio_convert.d
│           │       ├── audio_convert.o
│           │       ├── audio_convert_init.c
│           │       ├── audio_convert_init.d
│           │       ├── audio_convert_init.o
│           │       ├── rematrix.asm
│           │       ├── rematrix.d
│           │       ├── rematrix.o
│           │       ├── rematrix_init.c
│           │       ├── rematrix_init.d
│           │       ├── rematrix_init.o
│           │       ├── resample.asm
│           │       ├── resample.d
│           │       ├── resample.o
│           │       ├── resample_init.c
│           │       ├── resample_init.d
│           │       ├── resample_init.o
│           │       └── w64xmmtest.c
│           ├── libswscale
│           │   ├── Makefile
│           │   ├── aarch64
│           │   │   ├── Makefile
│           │   │   ├── asm-offsets.h
│           │   │   ├── hscale.S
│           │   │   ├── hscale.d
│           │   │   ├── hscale.o
│           │   │   ├── input.S
│           │   │   ├── input.d
│           │   │   ├── input.o
│           │   │   ├── output.S
│           │   │   ├── output.d
│           │   │   ├── output.o
│           │   │   ├── range_convert_neon.S
│           │   │   ├── range_convert_neon.d
│           │   │   ├── range_convert_neon.o
│           │   │   ├── rgb2rgb.c
│           │   │   ├── rgb2rgb.d
│           │   │   ├── rgb2rgb.o
│           │   │   ├── rgb2rgb_neon.S
│           │   │   ├── rgb2rgb_neon.d
│           │   │   ├── rgb2rgb_neon.o
│           │   │   ├── swscale.c
│           │   │   ├── swscale.d
│           │   │   ├── swscale.o
│           │   │   ├── swscale_unscaled.c
│           │   │   ├── swscale_unscaled.d
│           │   │   ├── swscale_unscaled.o
│           │   │   ├── swscale_unscaled_neon.S
│           │   │   ├── swscale_unscaled_neon.d
│           │   │   ├── swscale_unscaled_neon.o
│           │   │   ├── xyz2rgb_neon.S
│           │   │   ├── xyz2rgb_neon.d
│           │   │   ├── xyz2rgb_neon.o
│           │   │   ├── yuv2rgb_neon.S
│           │   │   ├── yuv2rgb_neon.d
│           │   │   └── yuv2rgb_neon.o
│           │   ├── alphablend.c
│           │   ├── alphablend.d
│           │   ├── alphablend.o
│           │   ├── arm
│           │   │   ├── Makefile
│           │   │   ├── hscale.S
│           │   │   ├── hscale.d
│           │   │   ├── hscale.o
│           │   │   ├── output.S
│           │   │   ├── output.d
│           │   │   ├── output.o
│           │   │   ├── rgb2yuv_neon_16.S
│           │   │   ├── rgb2yuv_neon_16.d
│           │   │   ├── rgb2yuv_neon_16.o
│           │   │   ├── rgb2yuv_neon_32.S
│           │   │   ├── rgb2yuv_neon_32.d
│           │   │   ├── rgb2yuv_neon_32.o
│           │   │   ├── rgb2yuv_neon_common.S
│           │   │   ├── swscale.c
│           │   │   ├── swscale.d
│           │   │   ├── swscale.o
│           │   │   ├── swscale_unscaled.c
│           │   │   ├── swscale_unscaled.d
│           │   │   ├── swscale_unscaled.o
│           │   │   ├── yuv2rgb_neon.S
│           │   │   ├── yuv2rgb_neon.d
│           │   │   └── yuv2rgb_neon.o
│           │   ├── bayer_template.c
│           │   ├── cms.c
│           │   ├── cms.d
│           │   ├── cms.h
│           │   ├── cms.o
│           │   ├── csputils.c
│           │   ├── csputils.d
│           │   ├── csputils.h
│           │   ├── csputils.o
│           │   ├── format.c
│           │   ├── format.d
│           │   ├── format.h
│           │   ├── format.o
│           │   ├── gamma.c
│           │   ├── gamma.d
│           │   ├── gamma.o
│           │   ├── graph.c
│           │   ├── graph.d
│           │   ├── graph.h
│           │   ├── graph.o
│           │   ├── half2float.c
│           │   ├── half2float.d
│           │   ├── half2float.o
│           │   ├── hscale.c
│           │   ├── hscale.d
│           │   ├── hscale.o
│           │   ├── hscale_fast_bilinear.c
│           │   ├── hscale_fast_bilinear.d
│           │   ├── hscale_fast_bilinear.o
│           │   ├── input.c
│           │   ├── input.d
│           │   ├── input.o
│           │   ├── libswscale.pc
│           │   ├── libswscale.so -> libswscale.so.9
│           │   ├── libswscale.so.9
│           │   ├── libswscale.v
│           │   ├── libswscale.ver
│           │   ├── libswscale.version
│           │   ├── log2_tab.c
│           │   ├── log2_tab.d
│           │   ├── log2_tab.o
│           │   ├── loongarch
│           │   │   ├── Makefile
│           │   │   ├── input.S
│           │   │   ├── input_lasx.c
│           │   │   ├── input_lsx.c
│           │   │   ├── output.S
│           │   │   ├── output_lasx.c
│           │   │   ├── output_lsx.c
│           │   │   ├── rgb2rgb_lasx.c
│           │   │   ├── swscale.S
│           │   │   ├── swscale_init_loongarch.c
│           │   │   ├── swscale_lasx.c
│           │   │   ├── swscale_loongarch.h
│           │   │   ├── swscale_lsx.c
│           │   │   ├── yuv2rgb_lasx.c
│           │   │   └── yuv2rgb_lsx.c
│           │   ├── lut3d.c
│           │   ├── lut3d.d
│           │   ├── lut3d.h
│           │   ├── lut3d.o
│           │   ├── ops.c
│           │   ├── ops.d
│           │   ├── ops.h
│           │   ├── ops.o
│           │   ├── ops_backend.c
│           │   ├── ops_backend.d
│           │   ├── ops_backend.h
│           │   ├── ops_backend.o
│           │   ├── ops_chain.c
│           │   ├── ops_chain.d
│           │   ├── ops_chain.h
│           │   ├── ops_chain.o
│           │   ├── ops_dispatch.c
│           │   ├── ops_dispatch.d
│           │   ├── ops_dispatch.h
│           │   ├── ops_dispatch.o
│           │   ├── ops_internal.h
│           │   ├── ops_memcpy.c
│           │   ├── ops_memcpy.d
│           │   ├── ops_memcpy.o
│           │   ├── ops_optimizer.c
│           │   ├── ops_optimizer.d
│           │   ├── ops_optimizer.o
│           │   ├── ops_tmpl_common.c
│           │   ├── ops_tmpl_float.c
│           │   ├── ops_tmpl_int.c
│           │   ├── options.c
│           │   ├── options.d
│           │   ├── options.o
│           │   ├── output.c
│           │   ├── output.d
│           │   ├── output.o
│           │   ├── ppc
│           │   │   ├── Makefile
│           │   │   ├── swscale_altivec.c
│           │   │   ├── swscale_ppc_template.c
│           │   │   ├── swscale_vsx.c
│           │   │   ├── yuv2rgb_altivec.c
│           │   │   ├── yuv2rgb_altivec.h
│           │   │   └── yuv2yuv_altivec.c
│           │   ├── rgb2rgb.c
│           │   ├── rgb2rgb.d
│           │   ├── rgb2rgb.h
│           │   ├── rgb2rgb.o
│           │   ├── rgb2rgb_template.c
│           │   ├── riscv
│           │   │   ├── Makefile
│           │   │   ├── cpu_common.c
│           │   │   ├── input_rvv.S
│           │   │   ├── range_rvv.S
│           │   │   ├── rgb2rgb.c
│           │   │   ├── rgb2rgb_rvb.S
│           │   │   ├── rgb2rgb_rvv.S
│           │   │   └── swscale.c
│           │   ├── slice.c
│           │   ├── slice.d
│           │   ├── slice.o
│           │   ├── swscale.c
│           │   ├── swscale.d
│           │   ├── swscale.h
│           │   ├── swscale.o
│           │   ├── swscale_internal.h
│           │   ├── swscale_unscaled.c
│           │   ├── swscale_unscaled.d
│           │   ├── swscale_unscaled.o
│           │   ├── swscaleres.rc
│           │   ├── tests
│           │   │   ├── colorspace.c
│           │   │   ├── floatimg_cmp.c
│           │   │   ├── pixdesc_query.c
│           │   │   ├── sws_ops.c
│           │   │   └── swscale.c
│           │   ├── utils.c
│           │   ├── utils.d
│           │   ├── utils.o
│           │   ├── version.c
│           │   ├── version.d
│           │   ├── version.h
│           │   ├── version.o
│           │   ├── version_major.h
│           │   ├── vscale.c
│           │   ├── vscale.d
│           │   ├── vscale.o
│           │   ├── vulkan
│           │   │   ├── Makefile
│           │   │   ├── ops.c
│           │   │   ├── ops.h
│           │   │   ├── vulkan.c
│           │   │   ├── vulkan_glslang.c
│           │   │   └── vulkan_shaderc.c
│           │   ├── x86
│           │   │   ├── Makefile
│           │   │   ├── hscale_fast_bilinear_simd.c
│           │   │   ├── hscale_fast_bilinear_simd.d
│           │   │   ├── hscale_fast_bilinear_simd.o
│           │   │   ├── input.asm
│           │   │   ├── input.d
│           │   │   ├── input.o
│           │   │   ├── ops.c
│           │   │   ├── ops.d
│           │   │   ├── ops.o
│           │   │   ├── ops_common.asm
│           │   │   ├── ops_float.asm
│           │   │   ├── ops_float.d
│           │   │   ├── ops_float.o
│           │   │   ├── ops_int.asm
│           │   │   ├── ops_int.d
│           │   │   ├── ops_int.o
│           │   │   ├── output.asm
│           │   │   ├── output.d
│           │   │   ├── output.o
│           │   │   ├── range_convert.asm
│           │   │   ├── range_convert.d
│           │   │   ├── range_convert.o
│           │   │   ├── rgb2rgb.c
│           │   │   ├── rgb2rgb.d
│           │   │   ├── rgb2rgb.o
│           │   │   ├── rgb_2_rgb.asm
│           │   │   ├── rgb_2_rgb.d
│           │   │   ├── rgb_2_rgb.o
│           │   │   ├── scale.asm
│           │   │   ├── scale.d
│           │   │   ├── scale.o
│           │   │   ├── scale_avx2.asm
│           │   │   ├── scale_avx2.d
│           │   │   ├── scale_avx2.o
│           │   │   ├── swscale.c
│           │   │   ├── swscale.d
│           │   │   ├── swscale.o
│           │   │   ├── swscale_template.c
│           │   │   ├── w64xmmtest.c
│           │   │   ├── yuv2rgb.c
│           │   │   ├── yuv2rgb.d
│           │   │   ├── yuv2rgb.o
│           │   │   ├── yuv2yuvX.asm
│           │   │   ├── yuv2yuvX.d
│           │   │   ├── yuv2yuvX.o
│           │   │   ├── yuv_2_rgb.asm
│           │   │   ├── yuv_2_rgb.d
│           │   │   └── yuv_2_rgb.o
│           │   ├── yuv2rgb.c
│           │   ├── yuv2rgb.d
│           │   └── yuv2rgb.o
│           ├── presets
│           │   ├── libvpx-1080p.ffpreset
│           │   ├── libvpx-1080p50_60.ffpreset
│           │   ├── libvpx-360p.ffpreset
│           │   ├── libvpx-720p.ffpreset
│           │   └── libvpx-720p50_60.ffpreset
│           ├── tests
│           │   ├── Makefile
│           │   ├── api
│           │   │   ├── Makefile
│           │   │   ├── api-band-test.c
│           │   │   ├── api-dump-stream-meta-test.c
│           │   │   ├── api-flac-test.c
│           │   │   ├── api-h264-slice-test.c
│           │   │   ├── api-h264-test.c
│           │   │   ├── api-seek-test.c
│           │   │   └── api-threadmessage-test.c
│           │   ├── audiogen.c
│           │   ├── audiomatch.c
│           │   ├── base64.c
│           │   ├── checkasm
│           │   │   ├── Makefile
│           │   │   ├── aacencdsp.c
│           │   │   ├── aacpsdsp.c
│           │   │   ├── aarch64
│           │   │   │   └── checkasm.S
│           │   │   ├── ac3dsp.c
│           │   │   ├── aes.c
│           │   │   ├── af_afir.c
│           │   │   ├── alacdsp.c
│           │   │   ├── apv_dsp.c
│           │   │   ├── arm
│           │   │   │   └── checkasm.S
│           │   │   ├── audiodsp.c
│           │   │   ├── av_tx.c
│           │   │   ├── blockdsp.c
│           │   │   ├── bswapdsp.c
│           │   │   ├── cavsdsp.c
│           │   │   ├── checkasm.c
│           │   │   ├── checkasm.h
│           │   │   ├── crc.c
│           │   │   ├── dcadsp.c
│           │   │   ├── diracdsp.c
│           │   │   ├── exrdsp.c
│           │   │   ├── fdctdsp.c
│           │   │   ├── fixed_dsp.c
│           │   │   ├── flacdsp.c
│           │   │   ├── float_dsp.c
│           │   │   ├── fmtconvert.c
│           │   │   ├── g722dsp.c
│           │   │   ├── h263dsp.c
│           │   │   ├── h264chroma.c
│           │   │   ├── h264dsp.c
│           │   │   ├── h264pred.c
│           │   │   ├── h264qpel.c
│           │   │   ├── hevc_add_res.c
│           │   │   ├── hevc_deblock.c
│           │   │   ├── hevc_dequant.c
│           │   │   ├── hevc_idct.c
│           │   │   ├── hevc_pel.c
│           │   │   ├── hevc_sao.c
│           │   │   ├── hpeldsp.c
│           │   │   ├── huffyuvdsp.c
│           │   │   ├── huffyuvencdsp.c
│           │   │   ├── idctdsp.c
│           │   │   ├── jpeg2000dsp.c
│           │   │   ├── llauddsp.c
│           │   │   ├── lls.c
│           │   │   ├── llviddsp.c
│           │   │   ├── llvidencdsp.c
│           │   │   ├── lpc.c
│           │   │   ├── motion.c
│           │   │   ├── mpegvideo_unquantize.c
│           │   │   ├── mpegvideoencdsp.c
│           │   │   ├── opusdsp.c
│           │   │   ├── pixblockdsp.c
│           │   │   ├── png.c
│           │   │   ├── qpeldsp.c
│           │   │   ├── riscv
│           │   │   │   └── checkasm.S
│           │   │   ├── rv34dsp.c
│           │   │   ├── rv40dsp.c
│           │   │   ├── sbrdsp.c
│           │   │   ├── scene_sad.c
│           │   │   ├── svq1enc.c
│           │   │   ├── sw_gbrp.c
│           │   │   ├── sw_ops.c
│           │   │   ├── sw_range_convert.c
│           │   │   ├── sw_rgb.c
│           │   │   ├── sw_scale.c
│           │   │   ├── sw_xyz2rgb.c
│           │   │   ├── sw_yuv2rgb.c
│           │   │   ├── sw_yuv2yuv.c
│           │   │   ├── synth_filter.c
│           │   │   ├── takdsp.c
│           │   │   ├── utvideodsp.c
│           │   │   ├── v210dec.c
│           │   │   ├── v210enc.c
│           │   │   ├── vc1dsp.c
│           │   │   ├── vf_blackdetect.c
│           │   │   ├── vf_blend.c
│           │   │   ├── vf_bwdif.c
│           │   │   ├── vf_colordetect.c
│           │   │   ├── vf_colorspace.c
│           │   │   ├── vf_convolution.c
│           │   │   ├── vf_eq.c
│           │   │   ├── vf_fspp.c
│           │   │   ├── vf_gblur.c
│           │   │   ├── vf_hflip.c
│           │   │   ├── vf_idet.c
│           │   │   ├── vf_nlmeans.c
│           │   │   ├── vf_threshold.c
│           │   │   ├── videodsp.c
│           │   │   ├── vorbisdsp.c
│           │   │   ├── vp3dsp.c
│           │   │   ├── vp6dsp.c
│           │   │   ├── vp8dsp.c
│           │   │   ├── vp9dsp.c
│           │   │   ├── vvc_alf.c
│           │   │   ├── vvc_mc.c
│           │   │   ├── vvc_sao.c
│           │   │   └── x86
│           │   │       └── checkasm.asm
│           │   ├── copycooker.sh
│           │   ├── extended.ffconcat
│           │   ├── fate
│           │   │   ├── aac.mak
│           │   │   ├── ac3.mak
│           │   │   ├── acodec.mak
│           │   │   ├── adpcm.mak
│           │   │   ├── alac.mak
│           │   │   ├── als.mak
│           │   │   ├── amrnb.mak
│           │   │   ├── amrwb.mak
│           │   │   ├── api.mak
│           │   │   ├── apng.mak
│           │   │   ├── apv.mak
│           │   │   ├── atrac.mak
│           │   │   ├── audio.mak
│           │   │   ├── av1.mak
│           │   │   ├── bmp.mak
│           │   │   ├── build.mak
│           │   │   ├── caf.mak
│           │   │   ├── canopus.mak
│           │   │   ├── cbs.mak
│           │   │   ├── cdxl.mak
│           │   │   ├── checkasm.mak
│           │   │   ├── concatdec.mak
│           │   │   ├── cover-art.mak
│           │   │   ├── dca.mak
│           │   │   ├── demux.mak
│           │   │   ├── dfa.mak
│           │   │   ├── dnxhd.mak
│           │   │   ├── dpcm.mak
│           │   │   ├── dvvideo.mak
│           │   │   ├── ea.mak
│           │   │   ├── enc_external.mak
│           │   │   ├── exif.mak
│           │   │   ├── ffmpeg.mak
│           │   │   ├── ffprobe.mak
│           │   │   ├── fifo-muxer.mak
│           │   │   ├── filter-audio.mak
│           │   │   ├── filter-video.mak
│           │   │   ├── fits.mak
│           │   │   ├── flac.mak
│           │   │   ├── flvenc.mak
│           │   │   ├── gapless.mak
│           │   │   ├── gif.mak
│           │   │   ├── h264.mak
│           │   │   ├── hap.mak
│           │   │   ├── hevc.mak
│           │   │   ├── hlsenc.mak
│           │   │   ├── hw.mak
│           │   │   ├── iamf.mak
│           │   │   ├── id3v2.mak
│           │   │   ├── image.mak
│           │   │   ├── imf.mak
│           │   │   ├── indeo.mak
│           │   │   ├── jpeg2000.mak
│           │   │   ├── jxl.mak
│           │   │   ├── lavf-audio.mak
│           │   │   ├── lavf-container.mak
│           │   │   ├── lavf-image.mak
│           │   │   ├── lavf-image2pipe.mak
│           │   │   ├── lavf-video.mak
│           │   │   ├── libavcodec.mak
│           │   │   ├── libavdevice.mak
│           │   │   ├── libavformat.mak
│           │   │   ├── libavutil.mak
│           │   │   ├── libswresample.mak
│           │   │   ├── libswscale.mak
│           │   │   ├── lossless-audio.mak
│           │   │   ├── lossless-video.mak
│           │   │   ├── matroska.mak
│           │   │   ├── microsoft.mak
│           │   │   ├── monkeysaudio.mak
│           │   │   ├── mov.mak
│           │   │   ├── mp3.mak
│           │   │   ├── mpc.mak
│           │   │   ├── mpeg4.mak
│           │   │   ├── mpegps.mak
│           │   │   ├── mpegts.mak
│           │   │   ├── mxf.mak
│           │   │   ├── ogg-flac.mak
│           │   │   ├── ogg-opus.mak
│           │   │   ├── ogg-vorbis.mak
│           │   │   ├── oma.mak
│           │   │   ├── opus.mak
│           │   │   ├── pcm.mak
│           │   │   ├── pixfmt.mak
│           │   │   ├── pixlet.mak
│           │   │   ├── probe.mak
│           │   │   ├── prores.mak
│           │   │   ├── qoa.mak
│           │   │   ├── qt.mak
│           │   │   ├── qtrle.mak
│           │   │   ├── real.mak
│           │   │   ├── screen.mak
│           │   │   ├── seek.mak
│           │   │   ├── segafilm.mak
│           │   │   ├── segment.mak
│           │   │   ├── source-check.sh
│           │   │   ├── source.mak
│           │   │   ├── spdif.mak
│           │   │   ├── speedhq.mak
│           │   │   ├── subtitles.mak
│           │   │   ├── truehd.mak
│           │   │   ├── utvideo.mak
│           │   │   ├── vbn.mak
│           │   │   ├── vcodec.mak
│           │   │   ├── video.mak
│           │   │   ├── voice.mak
│           │   │   ├── vorbis.mak
│           │   │   ├── vpx.mak
│           │   │   ├── vqf.mak
│           │   │   ├── vvc.mak
│           │   │   ├── wavpack.mak
│           │   │   ├── webm-dash-manifest.mak
│           │   │   ├── wma.mak
│           │   │   └── xvid.mak
│           │   ├── fate-run.sh
│           │   ├── fate-valgrind.supp
│           │   ├── fate.sh
│           │   ├── filtergraphs
│           │   │   ├── alphamerge_alphaextract_rgb
│           │   │   ├── alphamerge_alphaextract_yuv
│           │   │   ├── anequalizer
│           │   │   ├── channelmap_one_int
│           │   │   ├── channelmap_one_str
│           │   │   ├── colorkey
│           │   │   ├── compand
│           │   │   ├── concat
│           │   │   ├── concat-vfr
│           │   │   ├── crazychannels
│           │   │   ├── custom_rematrix
│           │   │   ├── firequalizer
│           │   │   ├── gradfun
│           │   │   ├── hqdn3d
│           │   │   ├── hstack
│           │   │   ├── iamf_5_1_4
│           │   │   ├── iamf_7_1_4
│           │   │   ├── iamf_9_1_6
│           │   │   ├── iamf_ambisonic_1
│           │   │   ├── lavr_mix_output_zero
│           │   │   ├── mergeplanes
│           │   │   ├── mov-channel-description
│           │   │   ├── mov-mp4-pcm
│           │   │   ├── overlay
│           │   │   ├── overlay-dvdsub-2397
│           │   │   ├── overlay_nv12
│           │   │   ├── overlay_nv21
│           │   │   ├── overlay_rgb
│           │   │   ├── overlay_yuv420
│           │   │   ├── overlay_yuv420p10
│           │   │   ├── overlay_yuv422
│           │   │   ├── overlay_yuv422p10
│           │   │   ├── overlay_yuv444
│           │   │   ├── overlay_yuv444p10
│           │   │   ├── scale2ref_keep_aspect
│           │   │   ├── scalenorm
│           │   │   ├── select-alternate
│           │   │   ├── select-buffering
│           │   │   ├── setpts
│           │   │   └── vstack
│           │   ├── maps
│           │   │   ├── fsync-down
│           │   │   └── fsync-up
│           │   ├── md5.sh
│           │   ├── ref
│           │   │   ├── acodec
│           │   │   │   ├── adpcm-adx
│           │   │   │   ├── adpcm-argo
│           │   │   │   ├── adpcm-ima_alp
│           │   │   │   ├── adpcm-ima_apm
│           │   │   │   ├── adpcm-ima_qt
│           │   │   │   ├── adpcm-ima_qt-trellis
│           │   │   │   ├── adpcm-ima_ssi
│           │   │   │   ├── adpcm-ima_wav
│           │   │   │   ├── adpcm-ima_wav-trellis
│           │   │   │   ├── adpcm-ima_ws
│           │   │   │   ├── adpcm-ms
│           │   │   │   ├── adpcm-ms-trellis
│           │   │   │   ├── adpcm-swf
│           │   │   │   ├── adpcm-swf-trellis
│           │   │   │   ├── adpcm-swf-wav
│           │   │   │   ├── adpcm-yamaha
│           │   │   │   ├── adpcm-yamaha-trellis
│           │   │   │   ├── alac
│           │   │   │   ├── flac
│           │   │   │   ├── flac-exact-rice
│           │   │   │   ├── g723_1
│           │   │   │   ├── mp2
│           │   │   │   ├── mp2fixed
│           │   │   │   ├── pcm-alaw
│           │   │   │   ├── pcm-f32be
│           │   │   │   ├── pcm-f32le
│           │   │   │   ├── pcm-f64be
│           │   │   │   ├── pcm-f64le
│           │   │   │   ├── pcm-mulaw
│           │   │   │   ├── pcm-s16be
│           │   │   │   ├── pcm-s16be_planar
│           │   │   │   ├── pcm-s16le
│           │   │   │   ├── pcm-s16le_planar
│           │   │   │   ├── pcm-s24be
│           │   │   │   ├── pcm-s24le
│           │   │   │   ├── pcm-s24le_planar
│           │   │   │   ├── pcm-s32be
│           │   │   │   ├── pcm-s32le
│           │   │   │   ├── pcm-s32le_planar
│           │   │   │   ├── pcm-s8
│           │   │   │   ├── pcm-s8_planar
│           │   │   │   ├── pcm-u16be
│           │   │   │   ├── pcm-u16le
│           │   │   │   ├── pcm-u24be
│           │   │   │   ├── pcm-u24le
│           │   │   │   ├── pcm-u32be
│           │   │   │   ├── pcm-u32le
│           │   │   │   ├── pcm-u8
│           │   │   │   ├── roqaudio
│           │   │   │   ├── s302m
│           │   │   │   ├── tta
│           │   │   │   └── wavpack
│           │   │   ├── fate
│           │   │   │   ├── 012v
│           │   │   │   ├── 4xm-1
│           │   │   │   ├── 4xm-2
│           │   │   │   ├── 8bps
│           │   │   │   ├── aa-demux
│           │   │   │   ├── aac-autobsf-adtstoasc
│           │   │   │   ├── aasc
│           │   │   │   ├── ac3-fixed-encode-2
│           │   │   │   ├── adpcm-4xm
│           │   │   │   ├── adpcm-afc
│           │   │   │   ├── adpcm-argo-mono
│           │   │   │   ├── adpcm-argo-stereo
│           │   │   │   ├── adpcm-creative
│           │   │   │   ├── adpcm-creative-8-2.6bit
│           │   │   │   ├── adpcm-creative-8-2bit
│           │   │   │   ├── adpcm-creative-8-4bit
│           │   │   │   ├── adpcm-dtk
│           │   │   │   ├── adpcm-ea-1
│           │   │   │   ├── adpcm-ea-2
│           │   │   │   ├── adpcm-ea-maxis-xa
│           │   │   │   ├── adpcm-ea-r1
│           │   │   │   ├── adpcm-ea-r2
│           │   │   │   ├── adpcm-ea-r3
│           │   │   │   ├── adpcm-ima-alp-mono
│           │   │   │   ├── adpcm-ima-alp-stereo
│           │   │   │   ├── adpcm-ima-amv
│           │   │   │   ├── adpcm-ima-apc
│           │   │   │   ├── adpcm-ima-apm-mono
│           │   │   │   ├── adpcm-ima-apm-stereo
│           │   │   │   ├── adpcm-ima-cunning-single
│           │   │   │   ├── adpcm-ima-cunning-stereo
│           │   │   │   ├── adpcm-ima-cunning-track0
│           │   │   │   ├── adpcm-ima-cunning-track1
│           │   │   │   ├── adpcm-ima-cunning-trunc-h2
│           │   │   │   ├── adpcm-ima-cunning-trunc-t1
│           │   │   │   ├── adpcm-ima-cunning-trunc-t2-track0
│           │   │   │   ├── adpcm-ima-cunning-trunc-t2-track1
│           │   │   │   ├── adpcm-ima-cunning-trunc-t2a-track0
│           │   │   │   ├── adpcm-ima-cunning-trunc-t2a-track1
│           │   │   │   ├── adpcm-ima-dk3
│           │   │   │   ├── adpcm-ima-dk4
│           │   │   │   ├── adpcm-ima-ea-eacs
│           │   │   │   ├── adpcm-ima-ea-sead
│           │   │   │   ├── adpcm-ima-iss
│           │   │   │   ├── adpcm-ima-oki
│           │   │   │   ├── adpcm-ima-rad
│           │   │   │   ├── adpcm-ima-smjpeg
│           │   │   │   ├── adpcm-ima-ssi-mono
│           │   │   │   ├── adpcm-ima-ssi-stereo
│           │   │   │   ├── adpcm-ima-ws
│           │   │   │   ├── adpcm-ima-ws-vqa3
│           │   │   │   ├── adpcm-ima_wav-stereo
│           │   │   │   ├── adpcm-ms-mono
│           │   │   │   ├── adpcm-sanyo-3bit
│           │   │   │   ├── adpcm-sanyo-4bit
│           │   │   │   ├── adpcm-sanyo-5bit
│           │   │   │   ├── adpcm-thp
│           │   │   │   ├── adpcm-vima
│           │   │   │   ├── adpcm-xa
│           │   │   │   ├── adpcm_ms-stereo
│           │   │   │   ├── adts-demux
│           │   │   │   ├── adts-id3v1-demux
│           │   │   │   ├── adts-id3v2-demux
│           │   │   │   ├── adts-id3v2-two-tags-demux
│           │   │   │   ├── adtstoasc_ticket3715
│           │   │   │   ├── aea-demux
│           │   │   │   ├── aic
│           │   │   │   ├── aic-oddsize
│           │   │   │   ├── alg-mm
│           │   │   │   ├── aliaspix-bgr
│           │   │   │   ├── aliaspix-gray
│           │   │   │   ├── amrnb-remux
│           │   │   │   ├── amrwb-remux
│           │   │   │   ├── amv
│           │   │   │   ├── ansi
│           │   │   │   ├── ansi256
│           │   │   │   ├── api-h264
│           │   │   │   ├── api-h264-slice
│           │   │   │   ├── apng-clock
│           │   │   │   ├── apng-dispose-background
│           │   │   │   ├── apng-dispose-background2
│           │   │   │   ├── apng-dispose-previous
│           │   │   │   ├── apng-osample
│           │   │   │   ├── aptx
│           │   │   │   ├── aptx-hd
│           │   │   │   ├── apv-400-10
│           │   │   │   ├── apv-422-10
│           │   │   │   ├── armovie-escape124
│           │   │   │   ├── armovie-escape130
│           │   │   │   ├── asf-repldata
│           │   │   │   ├── ast
│           │   │   │   ├── async
│           │   │   │   ├── atrac-aea-remux
│           │   │   │   ├── atrac-matroska-remux
│           │   │   │   ├── audio_fifo
│           │   │   │   ├── audiomatch-afconvert-16000-mono-he-adts
│           │   │   │   ├── audiomatch-afconvert-16000-mono-he-m4a
│           │   │   │   ├── audiomatch-afconvert-16000-mono-lc-adts
│           │   │   │   ├── audiomatch-afconvert-16000-mono-lc-m4a
│           │   │   │   ├── audiomatch-afconvert-16000-stereo-he-adts
│           │   │   │   ├── audiomatch-afconvert-16000-stereo-he-m4a
│           │   │   │   ├── audiomatch-afconvert-16000-stereo-he2-adts
│           │   │   │   ├── audiomatch-afconvert-16000-stereo-he2-m4a
│           │   │   │   ├── audiomatch-afconvert-16000-stereo-lc-adts
│           │   │   │   ├── audiomatch-afconvert-16000-stereo-lc-m4a
│           │   │   │   ├── audiomatch-afconvert-44100-mono-he-adts
│           │   │   │   ├── audiomatch-afconvert-44100-mono-he-m4a
│           │   │   │   ├── audiomatch-afconvert-44100-mono-lc-adts
│           │   │   │   ├── audiomatch-afconvert-44100-mono-lc-m4a
│           │   │   │   ├── audiomatch-afconvert-44100-stereo-he-adts
│           │   │   │   ├── audiomatch-afconvert-44100-stereo-he-m4a
│           │   │   │   ├── audiomatch-afconvert-44100-stereo-he2-adts
│           │   │   │   ├── audiomatch-afconvert-44100-stereo-he2-m4a
│           │   │   │   ├── audiomatch-afconvert-44100-stereo-lc-adts
│           │   │   │   ├── audiomatch-afconvert-44100-stereo-lc-m4a
│           │   │   │   ├── audiomatch-dolby-44100-mono-he-mp4
│           │   │   │   ├── audiomatch-dolby-44100-mono-lc-mp4
│           │   │   │   ├── audiomatch-dolby-44100-stereo-he-mp4
│           │   │   │   ├── audiomatch-dolby-44100-stereo-he2-mp4
│           │   │   │   ├── audiomatch-dolby-44100-stereo-lc-mp4
│           │   │   │   ├── audiomatch-faac-16000-mono-lc-adts
│           │   │   │   ├── audiomatch-faac-16000-mono-lc-m4a
│           │   │   │   ├── audiomatch-faac-16000-stereo-lc-adts
│           │   │   │   ├── audiomatch-faac-16000-stereo-lc-m4a
│           │   │   │   ├── audiomatch-faac-44100-mono-lc-adts
│           │   │   │   ├── audiomatch-faac-44100-mono-lc-m4a
│           │   │   │   ├── audiomatch-faac-44100-stereo-lc-adts
│           │   │   │   ├── audiomatch-faac-44100-stereo-lc-m4a
│           │   │   │   ├── audiomatch-nero-16000-mono-he-m4a
│           │   │   │   ├── audiomatch-nero-16000-mono-lc-m4a
│           │   │   │   ├── audiomatch-nero-16000-stereo-he-m4a
│           │   │   │   ├── audiomatch-nero-16000-stereo-he2-m4a
│           │   │   │   ├── audiomatch-nero-16000-stereo-lc-m4a
│           │   │   │   ├── audiomatch-nero-44100-mono-he-m4a
│           │   │   │   ├── audiomatch-nero-44100-mono-lc-m4a
│           │   │   │   ├── audiomatch-nero-44100-stereo-he-m4a
│           │   │   │   ├── audiomatch-nero-44100-stereo-he2-m4a
│           │   │   │   ├── audiomatch-nero-44100-stereo-lc-m4a
│           │   │   │   ├── audiomatch-quicktime7-44100-stereo-lc-mp4
│           │   │   │   ├── audiomatch-quicktimeX-44100-stereo-lc-m4a
│           │   │   │   ├── audiomatch-square-aac
│           │   │   │   ├── audiomatch-square-mp3
│           │   │   │   ├── auravision-v1
│           │   │   │   ├── auravision-v2
│           │   │   │   ├── autorotate
│           │   │   │   ├── av1-annexb-demux
│           │   │   │   ├── avid-interlaced
│           │   │   │   ├── avid-meridian
│           │   │   │   ├── avio-direct
│           │   │   │   ├── avstring
│           │   │   │   ├── base64
│           │   │   │   ├── bcstm
│           │   │   │   ├── bethsoft-vid
│           │   │   │   ├── bfi
│           │   │   │   ├── bfstm
│           │   │   │   ├── bink-demux
│           │   │   │   ├── bink-video-b
│           │   │   │   ├── bink-video-f
│           │   │   │   ├── bink-video-i
│           │   │   │   ├── binsub-mksenc
│           │   │   │   ├── binsub-movtextenc
│           │   │   │   ├── blowfish
│           │   │   │   ├── bmp-15bit
│           │   │   │   ├── bmp-15bit-mask
│           │   │   │   ├── bmp-16bit-mask
│           │   │   │   ├── bmp-1bit
│           │   │   │   ├── bmp-24bit
│           │   │   │   ├── bmp-32bit
│           │   │   │   ├── bmp-32bit-mask
│           │   │   │   ├── bmp-4bit
│           │   │   │   ├── bmp-4bit-os2
│           │   │   │   ├── bmp-8bit
│           │   │   │   ├── bmp-8bit-os2
│           │   │   │   ├── bmp-rle4
│           │   │   │   ├── bmp-rle8
│           │   │   │   ├── bmpparser
│           │   │   │   ├── bmv-audio
│           │   │   │   ├── bmv-video
│           │   │   │   ├── bprint
│           │   │   │   ├── brenderpix-24
│           │   │   │   ├── brenderpix-565
│           │   │   │   ├── brenderpix-defpal
│           │   │   │   ├── brenderpix-intpal
│           │   │   │   ├── brenderpix-y400a
│           │   │   │   ├── brstm
│           │   │   │   ├── caf-alac-remux
│           │   │   │   ├── caf-amr_nb-remux
│           │   │   │   ├── caf-demux
│           │   │   │   ├── caf-mace6-remux
│           │   │   │   ├── caf-pcm_s24-remux
│           │   │   │   ├── caf-pcm_s24le-remux
│           │   │   │   ├── caf-qdm2-remux
│           │   │   │   ├── canopus-cllc-argb
│           │   │   │   ├── canopus-cllc-rgb
│           │   │   │   ├── canopus-cllc-yuy2-noblock
│           │   │   │   ├── canopus-hq_hqa-hq
│           │   │   │   ├── canopus-hq_hqa-hqa
│           │   │   │   ├── canopus-hq_hqa-inter
│           │   │   │   ├── canopus-hqx422
│           │   │   │   ├── canopus-hqx422a
│           │   │   │   ├── cavs
│           │   │   │   ├── cavs-demux
│           │   │   │   ├── cbs-apv-profile_400-10
│           │   │   │   ├── cbs-apv-profile_422-10
│           │   │   │   ├── cbs-av1-av1-1-b10-23-film_grain-50
│           │   │   │   ├── cbs-av1-av1-1-b8-02-allintra
│           │   │   │   ├── cbs-av1-av1-1-b8-03-sizedown
│           │   │   │   ├── cbs-av1-av1-1-b8-03-sizeup
│           │   │   │   ├── cbs-av1-av1-1-b8-04-cdfupdate
│           │   │   │   ├── cbs-av1-av1-1-b8-05-mv
│           │   │   │   ├── cbs-av1-av1-1-b8-06-mfmv
│           │   │   │   ├── cbs-av1-av1-1-b8-22-svc-L1T2
│           │   │   │   ├── cbs-av1-av1-1-b8-22-svc-L2T1
│           │   │   │   ├── cbs-av1-av1-1-b8-22-svc-L2T2
│           │   │   │   ├── cbs-av1-av1-1-b8-23-film_grain-50
│           │   │   │   ├── cbs-av1-decode_model
│           │   │   │   ├── cbs-av1-frames_refs_short_signaling
│           │   │   │   ├── cbs-av1-non_uniform_tiling
│           │   │   │   ├── cbs-av1-seq_hdr_op_param_info
│           │   │   │   ├── cbs-av1-switch_frame
│           │   │   │   ├── cbs-h264-AUD_MW_E
│           │   │   │   ├── cbs-h264-BASQP1_Sony_C
│           │   │   │   ├── cbs-h264-CABACI3_Sony_B
│           │   │   │   ├── cbs-h264-CVBS3_Sony_C
│           │   │   │   ├── cbs-h264-CVFC1_Sony_C
│           │   │   │   ├── cbs-h264-CVMANL1_TOSHIBA_B
│           │   │   │   ├── cbs-h264-CVNLFI1_Sony_C
│           │   │   │   ├── cbs-h264-CVSE2_Sony_B
│           │   │   │   ├── cbs-h264-CVWP1_TOSHIBA_E
│           │   │   │   ├── cbs-h264-FM1_BT_B
│           │   │   │   ├── cbs-h264-MR1_BT_A
│           │   │   │   ├── cbs-h264-SVA_Base_B
│           │   │   │   ├── cbs-h264-Sharp_MP_PAFF_1r2
│           │   │   │   ├── cbs-h264-discard-bidir
│           │   │   │   ├── cbs-h264-discard-nonintra
│           │   │   │   ├── cbs-h264-discard-nonkey
│           │   │   │   ├── cbs-h264-discard-nonref
│           │   │   │   ├── cbs-h264-sei-1
│           │   │   │   ├── cbs-h264-sp1_bt_a
│           │   │   │   ├── cbs-hevc-CAINIT_E_SHARP_3
│           │   │   │   ├── cbs-hevc-CAINIT_H_SHARP_3
│           │   │   │   ├── cbs-hevc-CONFWIN_A_Sony_1
│           │   │   │   ├── cbs-hevc-HRD_A_Fujitsu_2
│           │   │   │   ├── cbs-hevc-LTRPSPS_A_Qualcomm_1
│           │   │   │   ├── cbs-hevc-NUT_A_ericsson_5
│           │   │   │   ├── cbs-hevc-PICSIZE_A_Bossen_1
│           │   │   │   ├── cbs-hevc-PICSIZE_B_Bossen_1
│           │   │   │   ├── cbs-hevc-RPLM_A_qualcomm_4
│           │   │   │   ├── cbs-hevc-RPS_A_docomo_4
│           │   │   │   ├── cbs-hevc-RPS_E_qualcomm_5
│           │   │   │   ├── cbs-hevc-SLIST_A_Sony_4
│           │   │   │   ├── cbs-hevc-SLIST_D_Sony_9
│           │   │   │   ├── cbs-hevc-SLPPLP_A_VIDYO_2
│           │   │   │   ├── cbs-hevc-STRUCT_A_Samsung_5
│           │   │   │   ├── cbs-hevc-TILES_B_Cisco_1
│           │   │   │   ├── cbs-hevc-WPP_A_ericsson_MAIN_2
│           │   │   │   ├── cbs-hevc-WPP_F_ericsson_MAIN_2
│           │   │   │   ├── cbs-hevc-WP_A_Toshiba_3
│           │   │   │   ├── cbs-hevc-discard-bidir
│           │   │   │   ├── cbs-hevc-discard-nonintra
│           │   │   │   ├── cbs-hevc-discard-nonkey
│           │   │   │   ├── cbs-hevc-discard-nonref
│           │   │   │   ├── cbs-hevc-ipcm_E_NEC_2
│           │   │   │   ├── cbs-mpeg2-hhi_burst_422_short
│           │   │   │   ├── cbs-mpeg2-sony-ct3
│           │   │   │   ├── cbs-mpeg2-tcela-6
│           │   │   │   ├── cbs-vp9-vp90-2-03-deltaq
│           │   │   │   ├── cbs-vp9-vp90-2-05-resize
│           │   │   │   ├── cbs-vp9-vp90-2-06-bilinear
│           │   │   │   ├── cbs-vp9-vp90-2-09-lf_deltas
│           │   │   │   ├── cbs-vp9-vp90-2-10-show-existing-frame
│           │   │   │   ├── cbs-vp9-vp90-2-10-show-existing-frame2
│           │   │   │   ├── cbs-vp9-vp90-2-segmentation-aq-akiyo
│           │   │   │   ├── cbs-vp9-vp90-2-segmentation-sf-akiyo
│           │   │   │   ├── cbs-vp9-vp90-2-tiling-pedestrian
│           │   │   │   ├── cbs-vp9-vp91-2-04-yuv440
│           │   │   │   ├── cbs-vp9-vp91-2-04-yuv444
│           │   │   │   ├── cbs-vp9-vp92-2-20-10bit-yuv420
│           │   │   │   ├── cbs-vp9-vp93-2-20-10bit-yuv422
│           │   │   │   ├── cbs-vp9-vp93-2-20-12bit-yuv444
│           │   │   │   ├── cbs-vvc-APSALF_A_2
│           │   │   │   ├── cbs-vvc-APSLMCS_D_1
│           │   │   │   ├── cbs-vvc-APSMULT_A_4
│           │   │   │   ├── cbs-vvc-AUD_A_3
│           │   │   │   ├── cbs-vvc-BOUNDARY_A_3
│           │   │   │   ├── cbs-vvc-BUMP_A_2
│           │   │   │   ├── cbs-vvc-CROP_B_4
│           │   │   │   ├── cbs-vvc-CodingToolsSets_A_2
│           │   │   │   ├── cbs-vvc-DCI_A_3
│           │   │   │   ├── cbs-vvc-HRD_A_3
│           │   │   │   ├── cbs-vvc-OPI_B_3
│           │   │   │   ├── cbs-vvc-PHSH_B_1
│           │   │   │   ├── cbs-vvc-POC_A_1
│           │   │   │   ├── cbs-vvc-PPS_B_1
│           │   │   │   ├── cbs-vvc-RAP_A_1
│           │   │   │   ├── cbs-vvc-SAO_A_3
│           │   │   │   ├── cbs-vvc-SCALING_A_1
│           │   │   │   ├── cbs-vvc-SLICES_A_3
│           │   │   │   ├── cbs-vvc-SPS_B_1
│           │   │   │   ├── cbs-vvc-STILL_B_1
│           │   │   │   ├── cbs-vvc-SUBPIC_A_3
│           │   │   │   ├── cbs-vvc-TILE_A_2
│           │   │   │   ├── cbs-vvc-VPS_A_3
│           │   │   │   ├── cbs-vvc-WPP_A_3
│           │   │   │   ├── cbs-vvc-WP_A_3
│           │   │   │   ├── cbs-vvc-WRAP_A_4
│           │   │   │   ├── cdgraphics
│           │   │   │   ├── cdxl-bitline-ham6
│           │   │   │   ├── cdxl-demux
│           │   │   │   ├── cdxl-ham6
│           │   │   │   ├── cdxl-ham8
│           │   │   │   ├── cdxl-pal8
│           │   │   │   ├── cdxl-pal8-small
│           │   │   │   ├── cfhd-1
│           │   │   │   ├── cfhd-2
│           │   │   │   ├── cfhd-3
│           │   │   │   ├── channel_layout
│           │   │   │   ├── cine-demux
│           │   │   │   ├── cljr
│           │   │   │   ├── color_utils
│           │   │   │   ├── concat-demuxer-extended-lavf-mxf
│           │   │   │   ├── concat-demuxer-extended-lavf-mxf_d10
│           │   │   │   ├── concat-demuxer-simple1-lavf-mxf
│           │   │   │   ├── concat-demuxer-simple1-lavf-mxf_d10
│           │   │   │   ├── concat-demuxer-simple2-lavf-ts
│           │   │   │   ├── copy-apng
│           │   │   │   ├── copy-psp
│           │   │   │   ├── copy-shortest1
│           │   │   │   ├── copy-shortest2
│           │   │   │   ├── copy-trac2211-avi
│           │   │   │   ├── copy-trac236
│           │   │   │   ├── copy-trac3074
│           │   │   │   ├── copy-trac4914
│           │   │   │   ├── copy-trac4914-avi
│           │   │   │   ├── corepng
│           │   │   │   ├── cover-art-aiff-id3v2-remux
│           │   │   │   ├── cover-art-flac-remux
│           │   │   │   ├── cover-art-mp3-id3v2-remux
│           │   │   │   ├── crc
│           │   │   │   ├── creatureshock-avs
│           │   │   │   ├── cscd
│           │   │   │   ├── cvid-grayscale
│           │   │   │   ├── cvid-palette
│           │   │   │   ├── cvid-partial
│           │   │   │   ├── cyberia-c93
│           │   │   │   ├── cyuv
│           │   │   │   ├── d-cinema-demux
│           │   │   │   ├── d-eavp6-demux
│           │   │   │   ├── dca-xll
│           │   │   │   ├── dca-xll_51_16_192_768_0
│           │   │   │   ├── dca-xll_51_16_192_768_0-dmix_2
│           │   │   │   ├── dca-xll_51_16_192_768_0-dmix_6
│           │   │   │   ├── dca-xll_51_16_192_768_1
│           │   │   │   ├── dca-xll_51_16_192_768_1-dmix_2
│           │   │   │   ├── dca-xll_51_16_192_768_1-dmix_6
│           │   │   │   ├── dca-xll_51_24_48_768
│           │   │   │   ├── dca-xll_51_24_48_768-dmix_2
│           │   │   │   ├── dca-xll_51_24_48_768-dmix_6
│           │   │   │   ├── dca-xll_51_24_48_none
│           │   │   │   ├── dca-xll_51_24_48_none-dmix_2
│           │   │   │   ├── dca-xll_51_24_48_none-dmix_6
│           │   │   │   ├── dca-xll_71_24_48_768_0
│           │   │   │   ├── dca-xll_71_24_48_768_0-dmix_2
│           │   │   │   ├── dca-xll_71_24_48_768_0-dmix_6
│           │   │   │   ├── dca-xll_71_24_48_768_1
│           │   │   │   ├── dca-xll_71_24_48_768_1-dmix_2
│           │   │   │   ├── dca-xll_71_24_48_768_1-dmix_6
│           │   │   │   ├── dca-xll_71_24_96_768
│           │   │   │   ├── dca-xll_71_24_96_768-dmix_2
│           │   │   │   ├── dca-xll_71_24_96_768-dmix_6
│           │   │   │   ├── dca-xll_x96_51_24_96_1509
│           │   │   │   ├── dca-xll_x96_51_24_96_1509-dmix_2
│           │   │   │   ├── dca-xll_x96_51_24_96_1509-dmix_6
│           │   │   │   ├── dca-xll_xch_61_24_48_768
│           │   │   │   ├── dca-xll_xch_61_24_48_768-dmix_2
│           │   │   │   ├── dca-xll_xch_61_24_48_768-dmix_6
│           │   │   │   ├── dcinema-encode
│           │   │   │   ├── dds-alpha8
│           │   │   │   ├── dds-argb
│           │   │   │   ├── dds-argb-aexp
│           │   │   │   ├── dds-dx10-bc1
│           │   │   │   ├── dds-dx10-bc1a
│           │   │   │   ├── dds-dx10-bc2
│           │   │   │   ├── dds-dx10-bc3
│           │   │   │   ├── dds-dx10-bc4
│           │   │   │   ├── dds-dx10-bc5
│           │   │   │   ├── dds-dxt1
│           │   │   │   ├── dds-dxt1-normalmap
│           │   │   │   ├── dds-dxt1a
│           │   │   │   ├── dds-dxt2
│           │   │   │   ├── dds-dxt3
│           │   │   │   ├── dds-dxt4
│           │   │   │   ├── dds-dxt5
│           │   │   │   ├── dds-dxt5-aexp
│           │   │   │   ├── dds-dxt5-normalmap
│           │   │   │   ├── dds-dxt5-normalmap-ati
│           │   │   │   ├── dds-dxt5-rbxg
│           │   │   │   ├── dds-dxt5-rgxb
│           │   │   │   ├── dds-dxt5-rxbg
│           │   │   │   ├── dds-dxt5-rxgb
│           │   │   │   ├── dds-dxt5-xgbr
│           │   │   │   ├── dds-dxt5-xgxr
│           │   │   │   ├── dds-dxt5-xrbg
│           │   │   │   ├── dds-dxt5-ycocg
│           │   │   │   ├── dds-dxt5-ycocg-scaled
│           │   │   │   ├── dds-monob
│           │   │   │   ├── dds-pal
│           │   │   │   ├── dds-pal-ati
│           │   │   │   ├── dds-rgb1555
│           │   │   │   ├── dds-rgb16
│           │   │   │   ├── dds-rgb24
│           │   │   │   ├── dds-rgb555
│           │   │   │   ├── dds-rgba
│           │   │   │   ├── dds-rgtc1s
│           │   │   │   ├── dds-rgtc1u
│           │   │   │   ├── dds-rgtc2s
│           │   │   │   ├── dds-rgtc2u
│           │   │   │   ├── dds-rgtc2u-xy
│           │   │   │   ├── dds-uyvy
│           │   │   │   ├── dds-xbgr
│           │   │   │   ├── dds-xrgb
│           │   │   │   ├── dds-y
│           │   │   │   ├── dds-ya
│           │   │   │   ├── dds-ycocg
│           │   │   │   ├── dds-yuyv
│           │   │   │   ├── delphine-cin-audio
│           │   │   │   ├── delphine-cin-video
│           │   │   │   ├── deluxepaint-anm
│           │   │   │   ├── dfa1
│           │   │   │   ├── dfa10
│           │   │   │   ├── dfa11
│           │   │   │   ├── dfa2
│           │   │   │   ├── dfa3
│           │   │   │   ├── dfa4
│           │   │   │   ├── dfa5
│           │   │   │   ├── dfa6
│           │   │   │   ├── dfa7
│           │   │   │   ├── dfa8
│           │   │   │   ├── dfa9
│           │   │   │   ├── dict
│           │   │   │   ├── dirac
│           │   │   │   ├── dirac-low-delay
│           │   │   │   ├── display
│           │   │   │   ├── dnxhd-mbaff
│           │   │   │   ├── dnxhr-12bit
│           │   │   │   ├── dnxhr-444
│           │   │   │   ├── dnxhr-parse
│           │   │   │   ├── dnxhr-prefix1
│           │   │   │   ├── dnxhr-prefix2
│           │   │   │   ├── dnxhr-prefix3
│           │   │   │   ├── dnxhr-prefix4
│           │   │   │   ├── dnxhr-prefix5
│           │   │   │   ├── dpcm-idroq
│           │   │   │   ├── dpcm-interplay
│           │   │   │   ├── dpcm-sierra
│           │   │   │   ├── dpcm-xan
│           │   │   │   ├── dpx
│           │   │   │   ├── dpx-probe
│           │   │   │   ├── dpxparser
│           │   │   │   ├── dss-lp
│           │   │   │   ├── dss-sp
│           │   │   │   ├── dxa-feeble
│           │   │   │   ├── dxa-scummvm
│           │   │   │   ├── dxtory
│           │   │   │   ├── dxv-dxt1
│           │   │   │   ├── dxv-dxt5
│           │   │   │   ├── dxv3-dxt1
│           │   │   │   ├── dxv3-dxt5
│           │   │   │   ├── dxv3-ycg6
│           │   │   │   ├── dxv3-yg10
│           │   │   │   ├── dxv3enc-dxt1
│           │   │   │   ├── ea-cdata
│           │   │   │   ├── ea-cmv
│           │   │   │   ├── ea-mad
│           │   │   │   ├── ea-tgq
│           │   │   │   ├── ea-tgv-1
│           │   │   │   ├── ea-tgv-2
│           │   │   │   ├── ea-tqi
│           │   │   │   ├── enhanced-flv-av1
│           │   │   │   ├── enhanced-flv-hevc
│           │   │   │   ├── enhanced-flv-hevc-hdr10
│           │   │   │   ├── enhanced-flv-multitrack
│           │   │   │   ├── enhanced-flv-vp9
│           │   │   │   ├── enhanced-flv-vvc
│           │   │   │   ├── eval
│           │   │   │   ├── exif-image-embedded
│           │   │   │   ├── exif-image-jpg
│           │   │   │   ├── exif-image-tiff
│           │   │   │   ├── exif-image-webp
│           │   │   │   ├── exr-rgb-b44a-half-negative-4x4
│           │   │   │   ├── exr-rgb-scanline-b44-half-float-12x8-l1
│           │   │   │   ├── exr-rgb-scanline-b44-half-float-12x8-l2
│           │   │   │   ├── exr-rgb-scanline-b44-uint32
│           │   │   │   ├── exr-rgb-scanline-float-b44
│           │   │   │   ├── exr-rgb-scanline-float-piz-48x32
│           │   │   │   ├── exr-rgb-scanline-float-zip-dw-large
│           │   │   │   ├── exr-rgb-scanline-half-b44-12x8
│           │   │   │   ├── exr-rgb-scanline-half-b44-13x9
│           │   │   │   ├── exr-rgb-scanline-half-piz-bw
│           │   │   │   ├── exr-rgb-scanline-half-piz-color
│           │   │   │   ├── exr-rgb-scanline-half-piz-dw-large
│           │   │   │   ├── exr-rgb-scanline-half-piz-dw-t01
│           │   │   │   ├── exr-rgb-scanline-half-piz-dw-t08
│           │   │   │   ├── exr-rgb-scanline-half-zip-dw-large
│           │   │   │   ├── exr-rgb-scanline-half-zip-dw-outside
│           │   │   │   ├── exr-rgb-scanline-none-negative-red
│           │   │   │   ├── exr-rgb-scanline-pxr24-float-12x8
│           │   │   │   ├── exr-rgb-scanline-pxr24-float-half-l1
│           │   │   │   ├── exr-rgb-scanline-pxr24-float-half-l2
│           │   │   │   ├── exr-rgb-scanline-pxr24-half-float-l1
│           │   │   │   ├── exr-rgb-scanline-pxr24-half-float-l2
│           │   │   │   ├── exr-rgb-scanline-pxr24-half-uint32-13x9
│           │   │   │   ├── exr-rgb-scanline-pxr24-uint32
│           │   │   │   ├── exr-rgb-scanline-raw-half-float-l1
│           │   │   │   ├── exr-rgb-scanline-raw-half-float-l2
│           │   │   │   ├── exr-rgb-scanline-rle-half-float-l1
│           │   │   │   ├── exr-rgb-scanline-rle-half-float-l2
│           │   │   │   ├── exr-rgb-scanline-uint32-piz-dw-large
│           │   │   │   ├── exr-rgb-scanline-zip-half-0x0-0xFFFF
│           │   │   │   ├── exr-rgb-scanline-zip-half-float-l1
│           │   │   │   ├── exr-rgb-scanline-zip-half-float-l2
│           │   │   │   ├── exr-rgb-scanline-zip1-half-float-l1
│           │   │   │   ├── exr-rgb-scanline-zip1-half-float-l1-zero-offsets
│           │   │   │   ├── exr-rgb-scanline-zip1-half-float-l2
│           │   │   │   ├── exr-rgb-tile-float-raw-12x8
│           │   │   │   ├── exr-rgb-tile-float-raw-150x130
│           │   │   │   ├── exr-rgb-tile-half-float-b44-12x8-l1
│           │   │   │   ├── exr-rgb-tile-half-float-b44-12x8-l2
│           │   │   │   ├── exr-rgb-tile-half-piz-dw-large
│           │   │   │   ├── exr-rgb-tile-half-raw-12x8
│           │   │   │   ├── exr-rgb-tile-half-zip
│           │   │   │   ├── exr-rgb-tile-half-zip-dw-outside
│           │   │   │   ├── exr-rgb-tile-pxr24-float-half-l1
│           │   │   │   ├── exr-rgb-tile-pxr24-float-half-l2
│           │   │   │   ├── exr-rgb-tile-pxr24-half-float-l1
│           │   │   │   ├── exr-rgb-tile-pxr24-half-float-l2
│           │   │   │   ├── exr-rgb-tile-raw-half-float-l1
│           │   │   │   ├── exr-rgb-tile-raw-half-float-l2
│           │   │   │   ├── exr-rgb-tile-rle-half-float-l1
│           │   │   │   ├── exr-rgb-tile-rle-half-float-l2
│           │   │   │   ├── exr-rgb-tile-uint32-piz-dw-large
│           │   │   │   ├── exr-rgb-tile-zip-half-float-l1
│           │   │   │   ├── exr-rgb-tile-zip-half-float-l2
│           │   │   │   ├── exr-rgb-tile-zip1-half-float-l1
│           │   │   │   ├── exr-rgb-tile-zip1-half-float-l2
│           │   │   │   ├── exr-rgba-multiscanline-half-b44
│           │   │   │   ├── exr-rgba-scanline-float-half-b44-12x8-l1
│           │   │   │   ├── exr-rgba-scanline-float-half-b44-12x8-l2
│           │   │   │   ├── exr-rgba-scanline-float-half-b44-13x9-l1
│           │   │   │   ├── exr-rgba-scanline-float-half-b44-13x9-l2
│           │   │   │   ├── exr-rgba-scanline-float-half-b44a-12x8-l1
│           │   │   │   ├── exr-rgba-scanline-float-half-b44a-12x8-l2
│           │   │   │   ├── exr-rgba-scanline-float-half-b44a-13x9-l1
│           │   │   │   ├── exr-rgba-scanline-float-half-b44a-13x9-l2
│           │   │   │   ├── exr-rgba-zip16-16x32-flag4
│           │   │   │   ├── exr-slice-pxr24
│           │   │   │   ├── exr-slice-raw
│           │   │   │   ├── exr-slice-rle
│           │   │   │   ├── exr-slice-zip1
│           │   │   │   ├── exr-slice-zip16
│           │   │   │   ├── exr-y-scanline-zip-half-12x8
│           │   │   │   ├── exr-y-tile-zip-half-12x8
│           │   │   │   ├── exr-ya-scanline-zip-half-12x8
│           │   │   │   ├── ffmpeg-attached_pics
│           │   │   │   ├── ffmpeg-bsf-input
│           │   │   │   ├── ffmpeg-bsf-remove-e
│           │   │   │   ├── ffmpeg-bsf-remove-k
│           │   │   │   ├── ffmpeg-bsf-remove-r
│           │   │   │   ├── ffmpeg-error-rate-fail
│           │   │   │   ├── ffmpeg-error-rate-pass
│           │   │   │   ├── ffmpeg-filter-in-eof
│           │   │   │   ├── ffmpeg-filter_colorkey
│           │   │   │   ├── ffmpeg-filter_complex
│           │   │   │   ├── ffmpeg-filter_complex_audio
│           │   │   │   ├── ffmpeg-fix_sub_duration
│           │   │   │   ├── ffmpeg-fix_sub_duration_heartbeat
│           │   │   │   ├── ffmpeg-heif-merge
│           │   │   │   ├── ffmpeg-heif-merge-filtergraph
│           │   │   │   ├── ffmpeg-heif-merge-mapped
│           │   │   │   ├── ffmpeg-input-r
│           │   │   │   ├── ffmpeg-lavfi
│           │   │   │   ├── ffmpeg-loopback-decoding
│           │   │   │   ├── ffmpeg-setts-bsf
│           │   │   │   ├── ffmpeg-spec-disposition
│           │   │   │   ├── ffmpeg-streamloop-copy
│           │   │   │   ├── ffmpeg-streamloop-transcode-av
│           │   │   │   ├── ffprobe_compact
│           │   │   │   ├── ffprobe_csv
│           │   │   │   ├── ffprobe_default
│           │   │   │   ├── ffprobe_flat
│           │   │   │   ├── ffprobe_ini
│           │   │   │   ├── ffprobe_json
│           │   │   │   ├── ffprobe_xml
│           │   │   │   ├── ffprobe_xsd
│           │   │   │   ├── fic-avi
│           │   │   │   ├── fic-avi-skip_cursor
│           │   │   │   ├── fifo
│           │   │   │   ├── fifo-muxer-tst
│           │   │   │   ├── film-cvid
│           │   │   │   ├── filter-2xbr
│           │   │   │   ├── filter-3xbr
│           │   │   │   ├── filter-4xbr
│           │   │   │   ├── filter-acrossfade
│           │   │   │   ├── filter-adelay
│           │   │   │   ├── filter-aecho
│           │   │   │   ├── filter-aemphasis-50fm
│           │   │   │   ├── filter-aemphasis-75kf
│           │   │   │   ├── filter-afade-esin
│           │   │   │   ├── filter-afade-exp
│           │   │   │   ├── filter-afade-hsin
│           │   │   │   ├── filter-afade-iqsin
│           │   │   │   ├── filter-afade-log
│           │   │   │   ├── filter-afade-qsin
│           │   │   │   ├── filter-agate
│           │   │   │   ├── filter-alimiter
│           │   │   │   ├── filter-allrgb
│           │   │   │   ├── filter-allyuv
│           │   │   │   ├── filter-aloop
│           │   │   │   ├── filter-alphaextract_alphamerge_rgb
│           │   │   │   ├── filter-alphaextract_alphamerge_yuv
│           │   │   │   ├── filter-amerge
│           │   │   │   ├── filter-amerge-mode
│           │   │   │   ├── filter-anequalizer
│           │   │   │   ├── filter-anullsink
│           │   │   │   ├── filter-apad
│           │   │   │   ├── filter-asegment-samples-absolute
│           │   │   │   ├── filter-asegment-samples-relative
│           │   │   │   ├── filter-asegment-timestamps-absolute
│           │   │   │   ├── filter-asegment-timestamps-relative
│           │   │   │   ├── filter-aselect
│           │   │   │   ├── filter-asetnsamples-nopad
│           │   │   │   ├── filter-asetnsamples-pad
│           │   │   │   ├── filter-asetrate
│           │   │   │   ├── filter-atrim-duration
│           │   │   │   ├── filter-atrim-mixed
│           │   │   │   ├── filter-atrim-samples
│           │   │   │   ├── filter-atrim-time
│           │   │   │   ├── filter-boxblur
│           │   │   │   ├── filter-bwdif-mode0
│           │   │   │   ├── filter-bwdif-mode1
│           │   │   │   ├── filter-bwdif10
│           │   │   │   ├── filter-channelsplit
│           │   │   │   ├── filter-chorus
│           │   │   │   ├── filter-chromashift-smear
│           │   │   │   ├── filter-chromashift-wrap
│           │   │   │   ├── filter-codecview
│           │   │   │   ├── filter-codecview-mvs
│           │   │   │   ├── filter-colorbalance
│           │   │   │   ├── filter-colorbalance-gbrap
│           │   │   │   ├── filter-colorbalance-gbrap-16
│           │   │   │   ├── filter-colorbalance-rgba64
│           │   │   │   ├── filter-colorchannelmixer
│           │   │   │   ├── filter-colorlevels
│           │   │   │   ├── filter-colorlevels-16
│           │   │   │   ├── filter-colormatrix1
│           │   │   │   ├── filter-colormatrix2
│           │   │   │   ├── filter-compand
│           │   │   │   ├── filter-concat
│           │   │   │   ├── filter-concat-vfr
│           │   │   │   ├── filter-crazychannels
│           │   │   │   ├── filter-crop
│           │   │   │   ├── filter-crop_scale
│           │   │   │   ├── filter-crop_scale_vflip
│           │   │   │   ├── filter-crop_vflip
│           │   │   │   ├── filter-crystalizer
│           │   │   │   ├── filter-curves
│           │   │   │   ├── filter-dcshift
│           │   │   │   ├── filter-decimate
│           │   │   │   ├── filter-delogo
│           │   │   │   ├── filter-drawbox
│           │   │   │   ├── filter-drawvg-interpreter
│           │   │   │   ├── filter-drawvg-video
│           │   │   │   ├── filter-earwax
│           │   │   │   ├── filter-edgedetect
│           │   │   │   ├── filter-edgedetect-colormix
│           │   │   │   ├── filter-ep2x
│           │   │   │   ├── filter-ep3x
│           │   │   │   ├── filter-extrastereo
│           │   │   │   ├── filter-fade
│           │   │   │   ├── filter-feedback-hflip
│           │   │   │   ├── filter-feedback-yadif
│           │   │   │   ├── filter-fieldorder
│           │   │   │   ├── filter-formats
│           │   │   │   ├── filter-fps
│           │   │   │   ├── filter-fps-cfr
│           │   │   │   ├── filter-fps-down
│           │   │   │   ├── filter-fps-down-eof-pass
│           │   │   │   ├── filter-fps-down-round-down
│           │   │   │   ├── filter-fps-down-round-up
│           │   │   │   ├── filter-fps-start-drop
│           │   │   │   ├── filter-fps-start-fill
│           │   │   │   ├── filter-fps-up
│           │   │   │   ├── filter-fps-up-round-down
│           │   │   │   ├── filter-fps-up-round-up
│           │   │   │   ├── filter-framepack-columns
│           │   │   │   ├── filter-framepack-frameseq
│           │   │   │   ├── filter-framepack-lines
│           │   │   │   ├── filter-framepack-sbs
│           │   │   │   ├── filter-framepack-tab
│           │   │   │   ├── filter-framerate-12bit-down
│           │   │   │   ├── filter-framerate-12bit-up
│           │   │   │   ├── filter-framerate-down
│           │   │   │   ├── filter-framerate-up
│           │   │   │   ├── filter-frei0r-filter
│           │   │   │   ├── filter-frei0r-filter-unaligned
│           │   │   │   ├── filter-fsync-down
│           │   │   │   ├── filter-fsync-up
│           │   │   │   ├── filter-gradfun
│           │   │   │   ├── filter-gradfun-sample
│           │   │   │   ├── filter-histogram-levels
│           │   │   │   ├── filter-hls
│           │   │   │   ├── filter-hls-append
│           │   │   │   ├── filter-hq2x
│           │   │   │   ├── filter-hq3x
│           │   │   │   ├── filter-hq4x
│           │   │   │   ├── filter-hqdn3d
│           │   │   │   ├── filter-hqdn3d-sample
│           │   │   │   ├── filter-hstack
│           │   │   │   ├── filter-hue1
│           │   │   │   ├── filter-hue2
│           │   │   │   ├── filter-hue3
│           │   │   │   ├── filter-hue4
│           │   │   │   ├── filter-idet
│           │   │   │   ├── filter-interlace
│           │   │   │   ├── filter-interlace-complex
│           │   │   │   ├── filter-lavd-life
│           │   │   │   ├── filter-lavd-scalenorm
│           │   │   │   ├── filter-lavd-testsrc
│           │   │   │   ├── filter-mcdeint-fast
│           │   │   │   ├── filter-mcdeint-medium
│           │   │   │   ├── filter-median
│           │   │   │   ├── filter-mergeplanes
│           │   │   │   ├── filter-meta-4560-rotate0
│           │   │   │   ├── filter-metadata-avf-aphase-meter-mono
│           │   │   │   ├── filter-metadata-avf-aphase-meter-out-of-phase
│           │   │   │   ├── filter-metadata-cropdetect
│           │   │   │   ├── filter-metadata-cropdetect1
│           │   │   │   ├── filter-metadata-cropdetect2
│           │   │   │   ├── filter-metadata-ebur128
│           │   │   │   ├── filter-metadata-freezedetect
│           │   │   │   ├── filter-metadata-readvitc-def
│           │   │   │   ├── filter-metadata-readvitc-thr
│           │   │   │   ├── filter-metadata-scdet
│           │   │   │   ├── filter-metadata-scenedetect
│           │   │   │   ├── filter-metadata-signalstats-yuv420p
│           │   │   │   ├── filter-metadata-signalstats-yuv420p10
│           │   │   │   ├── filter-metadata-silencedetect
│           │   │   │   ├── filter-minterpolate-down
│           │   │   │   ├── filter-minterpolate-up
│           │   │   │   ├── filter-mpdecimate
│           │   │   │   ├── filter-negate
│           │   │   │   ├── filter-null
│           │   │   │   ├── filter-overlay
│           │   │   │   ├── filter-overlay-dvdsub-2397
│           │   │   │   ├── filter-overlay_gbrap_gbrap
│           │   │   │   ├── filter-overlay_gbrp_gbrap
│           │   │   │   ├── filter-overlay_rgb
│           │   │   │   ├── filter-overlay_rgb_rgba
│           │   │   │   ├── filter-overlay_rgba_rgba
│           │   │   │   ├── filter-overlay_yuv420
│           │   │   │   ├── filter-overlay_yuv420_yuva420
│           │   │   │   ├── filter-overlay_yuv420p10
│           │   │   │   ├── filter-overlay_yuv422
│           │   │   │   ├── filter-overlay_yuv422_yuva422
│           │   │   │   ├── filter-overlay_yuv422p10
│           │   │   │   ├── filter-overlay_yuv444
│           │   │   │   ├── filter-overlay_yuv444_yuva444
│           │   │   │   ├── filter-overlay_yuv444p10
│           │   │   │   ├── filter-overlay_yuva420_yuva420
│           │   │   │   ├── filter-overlay_yuva422_yuva422
│           │   │   │   ├── filter-overlay_yuva444_yuva444
│           │   │   │   ├── filter-pad
│           │   │   │   ├── filter-pal100bars
│           │   │   │   ├── filter-pal75bars
│           │   │   │   ├── filter-palettegen-1
│           │   │   │   ├── filter-palettegen-2
│           │   │   │   ├── filter-paletteuse-bayer
│           │   │   │   ├── filter-paletteuse-bayer0
│           │   │   │   ├── filter-paletteuse-nodither
│           │   │   │   ├── filter-paletteuse-sierra2_4a
│           │   │   │   ├── filter-pan-downmix1
│           │   │   │   ├── filter-pan-downmix2
│           │   │   │   ├── filter-pan-mono1
│           │   │   │   ├── filter-pan-mono2
│           │   │   │   ├── filter-pan-stereo1
│           │   │   │   ├── filter-pan-stereo2
│           │   │   │   ├── filter-pan-stereo3
│           │   │   │   ├── filter-pan-stereo4
│           │   │   │   ├── filter-pan-upmix1
│           │   │   │   ├── filter-pan-upmix2
│           │   │   │   ├── filter-phase
│           │   │   │   ├── filter-pixdesc-0bgr
│           │   │   │   ├── filter-pixdesc-0rgb
│           │   │   │   ├── filter-pixdesc-abgr
│           │   │   │   ├── filter-pixdesc-argb
│           │   │   │   ├── filter-pixdesc-ayuv
│           │   │   │   ├── filter-pixdesc-ayuv64be
│           │   │   │   ├── filter-pixdesc-ayuv64le
│           │   │   │   ├── filter-pixdesc-bgr0
│           │   │   │   ├── filter-pixdesc-bgr24
│           │   │   │   ├── filter-pixdesc-bgr444be
│           │   │   │   ├── filter-pixdesc-bgr444le
│           │   │   │   ├── filter-pixdesc-bgr48be
│           │   │   │   ├── filter-pixdesc-bgr48le
│           │   │   │   ├── filter-pixdesc-bgr4_byte
│           │   │   │   ├── filter-pixdesc-bgr555be
│           │   │   │   ├── filter-pixdesc-bgr555le
│           │   │   │   ├── filter-pixdesc-bgr565be
│           │   │   │   ├── filter-pixdesc-bgr565le
│           │   │   │   ├── filter-pixdesc-bgr8
│           │   │   │   ├── filter-pixdesc-bgra
│           │   │   │   ├── filter-pixdesc-bgra64be
│           │   │   │   ├── filter-pixdesc-bgra64le
│           │   │   │   ├── filter-pixdesc-gbrap
│           │   │   │   ├── filter-pixdesc-gbrap10be
│           │   │   │   ├── filter-pixdesc-gbrap10le
│           │   │   │   ├── filter-pixdesc-gbrap12be
│           │   │   │   ├── filter-pixdesc-gbrap12le
│           │   │   │   ├── filter-pixdesc-gbrap14be
│           │   │   │   ├── filter-pixdesc-gbrap14le
│           │   │   │   ├── filter-pixdesc-gbrap16be
│           │   │   │   ├── filter-pixdesc-gbrap16le
│           │   │   │   ├── filter-pixdesc-gbrapf32be
│           │   │   │   ├── filter-pixdesc-gbrapf32le
│           │   │   │   ├── filter-pixdesc-gbrp
│           │   │   │   ├── filter-pixdesc-gbrp10be
│           │   │   │   ├── filter-pixdesc-gbrp10le
│           │   │   │   ├── filter-pixdesc-gbrp10msbbe
│           │   │   │   ├── filter-pixdesc-gbrp10msble
│           │   │   │   ├── filter-pixdesc-gbrp12be
│           │   │   │   ├── filter-pixdesc-gbrp12le
│           │   │   │   ├── filter-pixdesc-gbrp12msbbe
│           │   │   │   ├── filter-pixdesc-gbrp12msble
│           │   │   │   ├── filter-pixdesc-gbrp14be
│           │   │   │   ├── filter-pixdesc-gbrp14le
│           │   │   │   ├── filter-pixdesc-gbrp16be
│           │   │   │   ├── filter-pixdesc-gbrp16le
│           │   │   │   ├── filter-pixdesc-gbrp9be
│           │   │   │   ├── filter-pixdesc-gbrp9le
│           │   │   │   ├── filter-pixdesc-gbrpf32be
│           │   │   │   ├── filter-pixdesc-gbrpf32le
│           │   │   │   ├── filter-pixdesc-gray
│           │   │   │   ├── filter-pixdesc-gray10be
│           │   │   │   ├── filter-pixdesc-gray10le
│           │   │   │   ├── filter-pixdesc-gray10msbbe
│           │   │   │   ├── filter-pixdesc-gray10msble
│           │   │   │   ├── filter-pixdesc-gray12be
│           │   │   │   ├── filter-pixdesc-gray12le
│           │   │   │   ├── filter-pixdesc-gray12msbbe
│           │   │   │   ├── filter-pixdesc-gray12msble
│           │   │   │   ├── filter-pixdesc-gray14be
│           │   │   │   ├── filter-pixdesc-gray14le
│           │   │   │   ├── filter-pixdesc-gray16be
│           │   │   │   ├── filter-pixdesc-gray16le
│           │   │   │   ├── filter-pixdesc-gray9be
│           │   │   │   ├── filter-pixdesc-gray9le
│           │   │   │   ├── filter-pixdesc-grayf32be
│           │   │   │   ├── filter-pixdesc-grayf32le
│           │   │   │   ├── filter-pixdesc-monob
│           │   │   │   ├── filter-pixdesc-monow
│           │   │   │   ├── filter-pixdesc-nv12
│           │   │   │   ├── filter-pixdesc-nv16
│           │   │   │   ├── filter-pixdesc-nv20be
│           │   │   │   ├── filter-pixdesc-nv20le
│           │   │   │   ├── filter-pixdesc-nv21
│           │   │   │   ├── filter-pixdesc-nv24
│           │   │   │   ├── filter-pixdesc-nv42
│           │   │   │   ├── filter-pixdesc-p010be
│           │   │   │   ├── filter-pixdesc-p010le
│           │   │   │   ├── filter-pixdesc-p012be
│           │   │   │   ├── filter-pixdesc-p012le
│           │   │   │   ├── filter-pixdesc-p016be
│           │   │   │   ├── filter-pixdesc-p016le
│           │   │   │   ├── filter-pixdesc-p210be
│           │   │   │   ├── filter-pixdesc-p210le
│           │   │   │   ├── filter-pixdesc-p212be
│           │   │   │   ├── filter-pixdesc-p212le
│           │   │   │   ├── filter-pixdesc-p216be
│           │   │   │   ├── filter-pixdesc-p216le
│           │   │   │   ├── filter-pixdesc-p410be
│           │   │   │   ├── filter-pixdesc-p410le
│           │   │   │   ├── filter-pixdesc-p412be
│           │   │   │   ├── filter-pixdesc-p412le
│           │   │   │   ├── filter-pixdesc-p416be
│           │   │   │   ├── filter-pixdesc-p416le
│           │   │   │   ├── filter-pixdesc-rgb0
│           │   │   │   ├── filter-pixdesc-rgb24
│           │   │   │   ├── filter-pixdesc-rgb444be
│           │   │   │   ├── filter-pixdesc-rgb444le
│           │   │   │   ├── filter-pixdesc-rgb48be
│           │   │   │   ├── filter-pixdesc-rgb48le
│           │   │   │   ├── filter-pixdesc-rgb4_byte
│           │   │   │   ├── filter-pixdesc-rgb555be
│           │   │   │   ├── filter-pixdesc-rgb555le
│           │   │   │   ├── filter-pixdesc-rgb565be
│           │   │   │   ├── filter-pixdesc-rgb565le
│           │   │   │   ├── filter-pixdesc-rgb8
│           │   │   │   ├── filter-pixdesc-rgba
│           │   │   │   ├── filter-pixdesc-rgba64be
│           │   │   │   ├── filter-pixdesc-rgba64le
│           │   │   │   ├── filter-pixdesc-uyva
│           │   │   │   ├── filter-pixdesc-uyvy422
│           │   │   │   ├── filter-pixdesc-v30xle
│           │   │   │   ├── filter-pixdesc-vuya
│           │   │   │   ├── filter-pixdesc-vuyx
│           │   │   │   ├── filter-pixdesc-vyu444
│           │   │   │   ├── filter-pixdesc-x2bgr10le
│           │   │   │   ├── filter-pixdesc-x2rgb10le
│           │   │   │   ├── filter-pixdesc-xv30le
│           │   │   │   ├── filter-pixdesc-xv36be
│           │   │   │   ├── filter-pixdesc-xv36le
│           │   │   │   ├── filter-pixdesc-xv48be
│           │   │   │   ├── filter-pixdesc-xv48le
│           │   │   │   ├── filter-pixdesc-xyz12be
│           │   │   │   ├── filter-pixdesc-xyz12le
│           │   │   │   ├── filter-pixdesc-y210le
│           │   │   │   ├── filter-pixdesc-y212le
│           │   │   │   ├── filter-pixdesc-y216le
│           │   │   │   ├── filter-pixdesc-ya16be
│           │   │   │   ├── filter-pixdesc-ya16le
│           │   │   │   ├── filter-pixdesc-ya8
│           │   │   │   ├── filter-pixdesc-yuv410p
│           │   │   │   ├── filter-pixdesc-yuv411p
│           │   │   │   ├── filter-pixdesc-yuv420p
│           │   │   │   ├── filter-pixdesc-yuv420p10be
│           │   │   │   ├── filter-pixdesc-yuv420p10le
│           │   │   │   ├── filter-pixdesc-yuv420p12be
│           │   │   │   ├── filter-pixdesc-yuv420p12le
│           │   │   │   ├── filter-pixdesc-yuv420p14be
│           │   │   │   ├── filter-pixdesc-yuv420p14le
│           │   │   │   ├── filter-pixdesc-yuv420p16be
│           │   │   │   ├── filter-pixdesc-yuv420p16le
│           │   │   │   ├── filter-pixdesc-yuv420p9be
│           │   │   │   ├── filter-pixdesc-yuv420p9le
│           │   │   │   ├── filter-pixdesc-yuv422p
│           │   │   │   ├── filter-pixdesc-yuv422p10be
│           │   │   │   ├── filter-pixdesc-yuv422p10le
│           │   │   │   ├── filter-pixdesc-yuv422p12be
│           │   │   │   ├── filter-pixdesc-yuv422p12le
│           │   │   │   ├── filter-pixdesc-yuv422p14be
│           │   │   │   ├── filter-pixdesc-yuv422p14le
│           │   │   │   ├── filter-pixdesc-yuv422p16be
│           │   │   │   ├── filter-pixdesc-yuv422p16le
│           │   │   │   ├── filter-pixdesc-yuv422p9be
│           │   │   │   ├── filter-pixdesc-yuv422p9le
│           │   │   │   ├── filter-pixdesc-yuv440p
│           │   │   │   ├── filter-pixdesc-yuv440p10be
│           │   │   │   ├── filter-pixdesc-yuv440p10le
│           │   │   │   ├── filter-pixdesc-yuv440p12be
│           │   │   │   ├── filter-pixdesc-yuv440p12le
│           │   │   │   ├── filter-pixdesc-yuv444p
│           │   │   │   ├── filter-pixdesc-yuv444p10be
│           │   │   │   ├── filter-pixdesc-yuv444p10le
│           │   │   │   ├── filter-pixdesc-yuv444p10msbbe
│           │   │   │   ├── filter-pixdesc-yuv444p10msble
│           │   │   │   ├── filter-pixdesc-yuv444p12be
│           │   │   │   ├── filter-pixdesc-yuv444p12le
│           │   │   │   ├── filter-pixdesc-yuv444p12msbbe
│           │   │   │   ├── filter-pixdesc-yuv444p12msble
│           │   │   │   ├── filter-pixdesc-yuv444p14be
│           │   │   │   ├── filter-pixdesc-yuv444p14le
│           │   │   │   ├── filter-pixdesc-yuv444p16be
│           │   │   │   ├── filter-pixdesc-yuv444p16le
│           │   │   │   ├── filter-pixdesc-yuv444p9be
│           │   │   │   ├── filter-pixdesc-yuv444p9le
│           │   │   │   ├── filter-pixdesc-yuva420p
│           │   │   │   ├── filter-pixdesc-yuva420p10be
│           │   │   │   ├── filter-pixdesc-yuva420p10le
│           │   │   │   ├── filter-pixdesc-yuva420p16be
│           │   │   │   ├── filter-pixdesc-yuva420p16le
│           │   │   │   ├── filter-pixdesc-yuva420p9be
│           │   │   │   ├── filter-pixdesc-yuva420p9le
│           │   │   │   ├── filter-pixdesc-yuva422p
│           │   │   │   ├── filter-pixdesc-yuva422p10be
│           │   │   │   ├── filter-pixdesc-yuva422p10le
│           │   │   │   ├── filter-pixdesc-yuva422p12be
│           │   │   │   ├── filter-pixdesc-yuva422p12le
│           │   │   │   ├── filter-pixdesc-yuva422p16be
│           │   │   │   ├── filter-pixdesc-yuva422p16le
│           │   │   │   ├── filter-pixdesc-yuva422p9be
│           │   │   │   ├── filter-pixdesc-yuva422p9le
│           │   │   │   ├── filter-pixdesc-yuva444p
│           │   │   │   ├── filter-pixdesc-yuva444p10be
│           │   │   │   ├── filter-pixdesc-yuva444p10le
│           │   │   │   ├── filter-pixdesc-yuva444p12be
│           │   │   │   ├── filter-pixdesc-yuva444p12le
│           │   │   │   ├── filter-pixdesc-yuva444p16be
│           │   │   │   ├── filter-pixdesc-yuva444p16le
│           │   │   │   ├── filter-pixdesc-yuva444p9be
│           │   │   │   ├── filter-pixdesc-yuva444p9le
│           │   │   │   ├── filter-pixdesc-yuvj411p
│           │   │   │   ├── filter-pixdesc-yuvj420p
│           │   │   │   ├── filter-pixdesc-yuvj422p
│           │   │   │   ├── filter-pixdesc-yuvj440p
│           │   │   │   ├── filter-pixdesc-yuvj444p
│           │   │   │   ├── filter-pixdesc-yuyv422
│           │   │   │   ├── filter-pixdesc-yvyu422
│           │   │   │   ├── filter-pixelize-avg
│           │   │   │   ├── filter-pixelize-max
│           │   │   │   ├── filter-pixelize-min
│           │   │   │   ├── filter-pixfmts-copy
│           │   │   │   ├── filter-pixfmts-crop
│           │   │   │   ├── filter-pixfmts-field
│           │   │   │   ├── filter-pixfmts-fieldmatch
│           │   │   │   ├── filter-pixfmts-fieldorder
│           │   │   │   ├── filter-pixfmts-hflip
│           │   │   │   ├── filter-pixfmts-histeq
│           │   │   │   ├── filter-pixfmts-il
│           │   │   │   ├── filter-pixfmts-kerndeint
│           │   │   │   ├── filter-pixfmts-lut
│           │   │   │   ├── filter-pixfmts-null
│           │   │   │   ├── filter-pixfmts-pad
│           │   │   │   ├── filter-pixfmts-pullup
│           │   │   │   ├── filter-pixfmts-rotate
│           │   │   │   ├── filter-pixfmts-scale
│           │   │   │   ├── filter-pixfmts-super2xsai
│           │   │   │   ├── filter-pixfmts-swapuv
│           │   │   │   ├── filter-pixfmts-tinterlace_cvlpf
│           │   │   │   ├── filter-pixfmts-tinterlace_merge
│           │   │   │   ├── filter-pixfmts-tinterlace_pad
│           │   │   │   ├── filter-pixfmts-tinterlace_vlpf
│           │   │   │   ├── filter-pixfmts-transpose
│           │   │   │   ├── filter-pixfmts-vflip
│           │   │   │   ├── filter-pp7
│           │   │   │   ├── filter-refcmp-blockdetect-yuv
│           │   │   │   ├── filter-refcmp-blurdetect-yuv
│           │   │   │   ├── filter-refcmp-psnr-rgb
│           │   │   │   ├── filter-refcmp-psnr-yuv
│           │   │   │   ├── filter-refcmp-siti-yuv
│           │   │   │   ├── filter-refcmp-ssim-rgb
│           │   │   │   ├── filter-refcmp-ssim-yuv
│           │   │   │   ├── filter-refcmp-xpsnr-rgb
│           │   │   │   ├── filter-refcmp-xpsnr-yuv
│           │   │   │   ├── filter-removegrain-mode-00
│           │   │   │   ├── filter-removegrain-mode-01
│           │   │   │   ├── filter-removegrain-mode-02
│           │   │   │   ├── filter-removegrain-mode-03
│           │   │   │   ├── filter-removegrain-mode-04
│           │   │   │   ├── filter-removegrain-mode-05
│           │   │   │   ├── filter-removegrain-mode-06
│           │   │   │   ├── filter-removegrain-mode-07
│           │   │   │   ├── filter-removegrain-mode-08
│           │   │   │   ├── filter-removegrain-mode-09
│           │   │   │   ├── filter-removegrain-mode-10
│           │   │   │   ├── filter-removegrain-mode-11
│           │   │   │   ├── filter-removegrain-mode-12
│           │   │   │   ├── filter-removegrain-mode-13
│           │   │   │   ├── filter-removegrain-mode-14
│           │   │   │   ├── filter-removegrain-mode-15
│           │   │   │   ├── filter-removegrain-mode-16
│           │   │   │   ├── filter-removegrain-mode-17
│           │   │   │   ├── filter-removegrain-mode-18
│           │   │   │   ├── filter-removegrain-mode-19
│           │   │   │   ├── filter-removegrain-mode-20
│           │   │   │   ├── filter-removegrain-mode-21
│           │   │   │   ├── filter-removegrain-mode-22
│           │   │   │   ├── filter-removegrain-mode-23
│           │   │   │   ├── filter-removegrain-mode-24
│           │   │   │   ├── filter-rgbtestsrc
│           │   │   │   ├── filter-rgbtestsrc-gbrap
│           │   │   │   ├── filter-rgbtestsrc-gbrap12
│           │   │   │   ├── filter-rgbtestsrc-gbrp
│           │   │   │   ├── filter-rgbtestsrc-gbrp12
│           │   │   │   ├── filter-rgbtestsrc-rgba
│           │   │   │   ├── filter-rgbtestsrc-x2rgb10le
│           │   │   │   ├── filter-scale-premultiply
│           │   │   │   ├── filter-scale200
│           │   │   │   ├── filter-scale2ref_keep_aspect
│           │   │   │   ├── filter-scale500
│           │   │   │   ├── filter-scalechroma
│           │   │   │   ├── filter-select
│           │   │   │   ├── filter-select-alternate
│           │   │   │   ├── filter-select-buffering
│           │   │   │   ├── filter-select-ffprobe
│           │   │   │   ├── filter-separatefields
│           │   │   │   ├── filter-setdar
│           │   │   │   ├── filter-setpts
│           │   │   │   ├── filter-setsar
│           │   │   │   ├── filter-showpalette
│           │   │   │   ├── filter-shuffleframes
│           │   │   │   ├── filter-shuffleplanes-dup-luma
│           │   │   │   ├── filter-shuffleplanes-swapuv
│           │   │   │   ├── filter-silenceremove
│           │   │   │   ├── filter-smptebars
│           │   │   │   ├── filter-smptehdbars
│           │   │   │   ├── filter-spp
│           │   │   │   ├── filter-stereo3d-abr-ml
│           │   │   │   ├── filter-stereo3d-abr-mr
│           │   │   │   ├── filter-stereo3d-al-sbsl
│           │   │   │   ├── filter-stereo3d-ar-abl
│           │   │   │   ├── filter-stereo3d-sbsl-abl
│           │   │   │   ├── filter-stereo3d-sbsl-abr
│           │   │   │   ├── filter-stereo3d-sbsl-agmc
│           │   │   │   ├── filter-stereo3d-sbsl-agmd
│           │   │   │   ├── filter-stereo3d-sbsl-agmg
│           │   │   │   ├── filter-stereo3d-sbsl-agmh
│           │   │   │   ├── filter-stereo3d-sbsl-al
│           │   │   │   ├── filter-stereo3d-sbsl-arbg
│           │   │   │   ├── filter-stereo3d-sbsl-arcc
│           │   │   │   ├── filter-stereo3d-sbsl-arcd
│           │   │   │   ├── filter-stereo3d-sbsl-arcg
│           │   │   │   ├── filter-stereo3d-sbsl-arch
│           │   │   │   ├── filter-stereo3d-sbsl-argg
│           │   │   │   ├── filter-stereo3d-sbsl-aybc
│           │   │   │   ├── filter-stereo3d-sbsl-aybd
│           │   │   │   ├── filter-stereo3d-sbsl-aybg
│           │   │   │   ├── filter-stereo3d-sbsl-aybh
│           │   │   │   ├── filter-stereo3d-sbsl-sbsr
│           │   │   │   ├── filter-stereotools
│           │   │   │   ├── filter-swaprect
│           │   │   │   ├── filter-tblend
│           │   │   │   ├── filter-telecine
│           │   │   │   ├── filter-testsrc2-rgb24
│           │   │   │   ├── filter-testsrc2-rgba
│           │   │   │   ├── filter-testsrc2-yuv420p
│           │   │   │   ├── filter-testsrc2-yuv444p
│           │   │   │   ├── filter-thumbnail
│           │   │   │   ├── filter-tile
│           │   │   │   ├── filter-tiltandshift
│           │   │   │   ├── filter-tiltandshift-410
│           │   │   │   ├── filter-tiltandshift-422
│           │   │   │   ├── filter-tiltandshift-444
│           │   │   │   ├── filter-tpad-add
│           │   │   │   ├── filter-tpad-add-duration
│           │   │   │   ├── filter-tpad-clone
│           │   │   │   ├── filter-transpose
│           │   │   │   ├── filter-trim-duration
│           │   │   │   ├── filter-trim-frame
│           │   │   │   ├── filter-trim-mixed
│           │   │   │   ├── filter-trim-time
│           │   │   │   ├── filter-unsharp
│           │   │   │   ├── filter-unsharp-yuv420p10
│           │   │   │   ├── filter-untile
│           │   │   │   ├── filter-untile-yuv422p
│           │   │   │   ├── filter-vectorscope_color
│           │   │   │   ├── filter-vectorscope_color2
│           │   │   │   ├── filter-vectorscope_color3
│           │   │   │   ├── filter-vectorscope_color4
│           │   │   │   ├── filter-vectorscope_gray
│           │   │   │   ├── filter-vectorscope_xy
│           │   │   │   ├── filter-vflip
│           │   │   │   ├── filter-vflip_crop
│           │   │   │   ├── filter-vflip_vflip
│           │   │   │   ├── filter-vstack
│           │   │   │   ├── filter-w3fdif-complex
│           │   │   │   ├── filter-w3fdif-simple
│           │   │   │   ├── filter-waveform_column
│           │   │   │   ├── filter-waveform_envelope
│           │   │   │   ├── filter-waveform_row
│           │   │   │   ├── filter-waveform_uv
│           │   │   │   ├── filter-weave
│           │   │   │   ├── filter-yadif-mode0
│           │   │   │   ├── filter-yadif-mode1
│           │   │   │   ├── filter-yadif10
│           │   │   │   ├── filter-yadif16
│           │   │   │   ├── filter-yuvtestsrc-ayuv
│           │   │   │   ├── filter-yuvtestsrc-ayuv64
│           │   │   │   ├── filter-yuvtestsrc-nv24
│           │   │   │   ├── filter-yuvtestsrc-p410
│           │   │   │   ├── filter-yuvtestsrc-v30xle
│           │   │   │   ├── filter-yuvtestsrc-vuya
│           │   │   │   ├── filter-yuvtestsrc-vyu444
│           │   │   │   ├── filter-yuvtestsrc-xv30le
│           │   │   │   ├── filter-yuvtestsrc-xv36
│           │   │   │   ├── filter-yuvtestsrc-xv48
│           │   │   │   ├── filter-yuvtestsrc-yuv444p
│           │   │   │   ├── filter-yuvtestsrc-yuv444p12
│           │   │   │   ├── filter-yuvtestsrc-yuva444p
│           │   │   │   ├── filter-yuvtestsrc-yuva444p12
│           │   │   │   ├── fits-demux
│           │   │   │   ├── fitsdec-bitpix-32
│           │   │   │   ├── fitsdec-bitpix-64
│           │   │   │   ├── fitsdec-blank_bitpix32
│           │   │   │   ├── fitsdec-ext_data_min_max
│           │   │   │   ├── fitsdec-gbrap16be
│           │   │   │   ├── fitsdec-gbrp
│           │   │   │   ├── fitsdec-gbrp16be
│           │   │   │   ├── fitsdec-gray
│           │   │   │   ├── fitsdec-multi
│           │   │   │   ├── fitsenc-gbrap
│           │   │   │   ├── fitsenc-gbrap16be
│           │   │   │   ├── fitsenc-gbrp
│           │   │   │   ├── fitsenc-gbrp16be
│           │   │   │   ├── fitsenc-gray
│           │   │   │   ├── fitsenc-gray16be
│           │   │   │   ├── flcl1905
│           │   │   │   ├── flic-af11-palette-change
│           │   │   │   ├── flic-af12
│           │   │   │   ├── flic-magiccarpet
│           │   │   │   ├── flv-add_keyframe_index
│           │   │   │   ├── flv-demux
│           │   │   │   ├── fmvc-type1
│           │   │   │   ├── fmvc-type2
│           │   │   │   ├── force_key_frames
│           │   │   │   ├── force_key_frames-scd_metadata
│           │   │   │   ├── force_key_frames-source
│           │   │   │   ├── force_key_frames-source-drop
│           │   │   │   ├── force_key_frames-source-dup
│           │   │   │   ├── fraps-v0
│           │   │   │   ├── fraps-v1
│           │   │   │   ├── fraps-v2
│           │   │   │   ├── fraps-v3
│           │   │   │   ├── fraps-v4
│           │   │   │   ├── fraps-v5
│           │   │   │   ├── frwu
│           │   │   │   ├── g2m2
│           │   │   │   ├── g2m3
│           │   │   │   ├── g2m4
│           │   │   │   ├── g722-encode
│           │   │   │   ├── g722dec-1
│           │   │   │   ├── g723_1-dec-1
│           │   │   │   ├── g723_1-dec-2
│           │   │   │   ├── g723_1-dec-3
│           │   │   │   ├── g723_1-dec-4
│           │   │   │   ├── g723_1-dec-5
│           │   │   │   ├── g723_1-dec-6
│           │   │   │   ├── g723_1-dec-7
│           │   │   │   ├── g723_1-dec-8
│           │   │   │   ├── g726-encode-2bit
│           │   │   │   ├── g726-encode-3bit
│           │   │   │   ├── g726-encode-4bit
│           │   │   │   ├── g726-encode-5bit
│           │   │   │   ├── gapless-mp3
│           │   │   │   ├── gapless-mp3-side-data
│           │   │   │   ├── gaplessenc-itunes-to-ipod-aac
│           │   │   │   ├── gaplessenc-pcm-to-mov-aac
│           │   │   │   ├── gaplessinfo-itunes1
│           │   │   │   ├── gaplessinfo-itunes2
│           │   │   │   ├── gif-color
│           │   │   │   ├── gif-deal
│           │   │   │   ├── gif-demux
│           │   │   │   ├── gif-disposal-background
│           │   │   │   ├── gif-disposal-restore
│           │   │   │   ├── gif-gray
│           │   │   │   ├── gifenc-bgr4_byte
│           │   │   │   ├── gifenc-bgr8
│           │   │   │   ├── gifenc-gray
│           │   │   │   ├── gifenc-pal8
│           │   │   │   ├── gifenc-rgb4_byte
│           │   │   │   ├── gifenc-rgb8
│           │   │   │   ├── gsm-ms
│           │   │   │   ├── gsm-toast
│           │   │   │   ├── h264-3386
│           │   │   │   ├── h264-afd
│           │   │   │   ├── h264-attachment-631
│           │   │   │   ├── h264-brokensps-2580
│           │   │   │   ├── h264-bsf-dts2pts
│           │   │   │   ├── h264-bsf-mp4toannexb
│           │   │   │   ├── h264-bsf-mp4toannexb-new-extradata
│           │   │   │   ├── h264-bsf-redundant-pps-annexb
│           │   │   │   ├── h264-bsf-redundant-pps-mov
│           │   │   │   ├── h264-bsf-redundant-pps-side-data
│           │   │   │   ├── h264-bsf-redundant-pps-side-data2
│           │   │   │   ├── h264-conformance-aud_mw_e
│           │   │   │   ├── h264-conformance-ba1_ft_c
│           │   │   │   ├── h264-conformance-ba1_sony_d
│           │   │   │   ├── h264-conformance-ba2_sony_f
│           │   │   │   ├── h264-conformance-ba3_sva_c
│           │   │   │   ├── h264-conformance-ba_mw_d
│           │   │   │   ├── h264-conformance-bamq1_jvc_c
│           │   │   │   ├── h264-conformance-bamq2_jvc_c
│           │   │   │   ├── h264-conformance-banm_mw_d
│           │   │   │   ├── h264-conformance-basqp1_sony_c
│           │   │   │   ├── h264-conformance-caba1_sony_d
│           │   │   │   ├── h264-conformance-caba1_sva_b
│           │   │   │   ├── h264-conformance-caba2_sony_e
│           │   │   │   ├── h264-conformance-caba2_sva_b
│           │   │   │   ├── h264-conformance-caba3_sony_c
│           │   │   │   ├── h264-conformance-caba3_sva_b
│           │   │   │   ├── h264-conformance-caba3_toshiba_e
│           │   │   │   ├── h264-conformance-cabac_mot_fld0_full
│           │   │   │   ├── h264-conformance-cabac_mot_frm0_full
│           │   │   │   ├── h264-conformance-cabac_mot_mbaff0_full
│           │   │   │   ├── h264-conformance-cabac_mot_picaff0_full
│           │   │   │   ├── h264-conformance-cabaci3_sony_b
│           │   │   │   ├── h264-conformance-cabast3_sony_e
│           │   │   │   ├── h264-conformance-cabastbr3_sony_b
│           │   │   │   ├── h264-conformance-cabref3_sand_d
│           │   │   │   ├── h264-conformance-cacqp3_sony_d
│           │   │   │   ├── h264-conformance-cafi1_sva_c
│           │   │   │   ├── h264-conformance-cama1_sony_c
│           │   │   │   ├── h264-conformance-cama1_toshiba_b
│           │   │   │   ├── h264-conformance-cama1_vtc_c
│           │   │   │   ├── h264-conformance-cama2_vtc_b
│           │   │   │   ├── h264-conformance-cama3_sand_e
│           │   │   │   ├── h264-conformance-cama3_vtc_b
│           │   │   │   ├── h264-conformance-camaci3_sony_c
│           │   │   │   ├── h264-conformance-camanl1_toshiba_b
│           │   │   │   ├── h264-conformance-camanl2_toshiba_b
│           │   │   │   ├── h264-conformance-camanl3_sand_e
│           │   │   │   ├── h264-conformance-camasl3_sony_b
│           │   │   │   ├── h264-conformance-camp_mot_mbaff_l30
│           │   │   │   ├── h264-conformance-camp_mot_mbaff_l31
│           │   │   │   ├── h264-conformance-canl1_sony_e
│           │   │   │   ├── h264-conformance-canl1_sva_b
│           │   │   │   ├── h264-conformance-canl1_toshiba_g
│           │   │   │   ├── h264-conformance-canl2_sony_e
│           │   │   │   ├── h264-conformance-canl2_sva_b
│           │   │   │   ├── h264-conformance-canl3_sony_c
│           │   │   │   ├── h264-conformance-canl3_sva_b
│           │   │   │   ├── h264-conformance-canl4_sva_b
│           │   │   │   ├── h264-conformance-canlma2_sony_c
│           │   │   │   ├── h264-conformance-canlma3_sony_c
│           │   │   │   ├── h264-conformance-capa1_toshiba_b
│           │   │   │   ├── h264-conformance-capama3_sand_f
│           │   │   │   ├── h264-conformance-capcm1_sand_e
│           │   │   │   ├── h264-conformance-capcmnl1_sand_e
│           │   │   │   ├── h264-conformance-capm3_sony_d
│           │   │   │   ├── h264-conformance-caqp1_sony_b
│           │   │   │   ├── h264-conformance-cavlc_mot_fld0_full_b
│           │   │   │   ├── h264-conformance-cavlc_mot_frm0_full_b
│           │   │   │   ├── h264-conformance-cavlc_mot_mbaff0_full_b
│           │   │   │   ├── h264-conformance-cavlc_mot_picaff0_full_b
│           │   │   │   ├── h264-conformance-cawp1_toshiba_e
│           │   │   │   ├── h264-conformance-cawp5_toshiba_e
│           │   │   │   ├── h264-conformance-ci1_ft_b
│           │   │   │   ├── h264-conformance-ci_mw_d
│           │   │   │   ├── h264-conformance-cvbs3_sony_c
│           │   │   │   ├── h264-conformance-cvcanlma2_sony_c
│           │   │   │   ├── h264-conformance-cvfc1_sony_c
│           │   │   │   ├── h264-conformance-cvfi1_sony_d
│           │   │   │   ├── h264-conformance-cvfi1_sva_c
│           │   │   │   ├── h264-conformance-cvfi2_sony_h
│           │   │   │   ├── h264-conformance-cvfi2_sva_c
│           │   │   │   ├── h264-conformance-cvma1_sony_d
│           │   │   │   ├── h264-conformance-cvma1_toshiba_b
│           │   │   │   ├── h264-conformance-cvmanl1_toshiba_b
│           │   │   │   ├── h264-conformance-cvmanl2_toshiba_b
│           │   │   │   ├── h264-conformance-cvmapaqp3_sony_e
│           │   │   │   ├── h264-conformance-cvmaqp2_sony_g
│           │   │   │   ├── h264-conformance-cvmaqp3_sony_d
│           │   │   │   ├── h264-conformance-cvmp_mot_fld_l30_b
│           │   │   │   ├── h264-conformance-cvmp_mot_frm_l31_b
│           │   │   │   ├── h264-conformance-cvnlfi1_sony_c
│           │   │   │   ├── h264-conformance-cvnlfi2_sony_h
│           │   │   │   ├── h264-conformance-cvpa1_toshiba_b
│           │   │   │   ├── h264-conformance-cvpcmnl1_sva_c
│           │   │   │   ├── h264-conformance-cvpcmnl2_sva_c
│           │   │   │   ├── h264-conformance-cvwp1_toshiba_e
│           │   │   │   ├── h264-conformance-cvwp2_toshiba_e
│           │   │   │   ├── h264-conformance-cvwp3_toshiba_e
│           │   │   │   ├── h264-conformance-cvwp5_toshiba_e
│           │   │   │   ├── h264-conformance-fi1_sony_e
│           │   │   │   ├── h264-conformance-frext-alphaconformanceg
│           │   │   │   ├── h264-conformance-frext-bcrm_freh10
│           │   │   │   ├── h264-conformance-frext-brcm_freh11
│           │   │   │   ├── h264-conformance-frext-brcm_freh3
│           │   │   │   ├── h264-conformance-frext-brcm_freh4
│           │   │   │   ├── h264-conformance-frext-brcm_freh5
│           │   │   │   ├── h264-conformance-frext-brcm_freh8
│           │   │   │   ├── h264-conformance-frext-brcm_freh9
│           │   │   │   ├── h264-conformance-frext-freh12_b
│           │   │   │   ├── h264-conformance-frext-freh1_b
│           │   │   │   ├── h264-conformance-frext-freh2_b
│           │   │   │   ├── h264-conformance-frext-freh6
│           │   │   │   ├── h264-conformance-frext-freh7_b
│           │   │   │   ├── h264-conformance-frext-frext01_jvc_d
│           │   │   │   ├── h264-conformance-frext-frext02_jvc_c
│           │   │   │   ├── h264-conformance-frext-frext1_panasonic_c
│           │   │   │   ├── h264-conformance-frext-frext2_panasonic_b
│           │   │   │   ├── h264-conformance-frext-frext3_panasonic_d
│           │   │   │   ├── h264-conformance-frext-frext4_panasonic_a
│           │   │   │   ├── h264-conformance-frext-frext_mmco4_sony_b
│           │   │   │   ├── h264-conformance-frext-hcaff1_hhi_b
│           │   │   │   ├── h264-conformance-frext-hcafr1_hhi_c
│           │   │   │   ├── h264-conformance-frext-hcafr2_hhi_a
│           │   │   │   ├── h264-conformance-frext-hcafr3_hhi_a
│           │   │   │   ├── h264-conformance-frext-hcafr4_hhi_a
│           │   │   │   ├── h264-conformance-frext-hcamff1_hhi_b
│           │   │   │   ├── h264-conformance-frext-hi422fr10_sony_b
│           │   │   │   ├── h264-conformance-frext-hi422fr13_sony_b
│           │   │   │   ├── h264-conformance-frext-hi422fr1_sony_a
│           │   │   │   ├── h264-conformance-frext-hi422fr6_sony_a
│           │   │   │   ├── h264-conformance-frext-hpca_brcm_c
│           │   │   │   ├── h264-conformance-frext-hpcadq_brcm_b
│           │   │   │   ├── h264-conformance-frext-hpcafl_bcrm_c
│           │   │   │   ├── h264-conformance-frext-hpcaflnl_bcrm_c
│           │   │   │   ├── h264-conformance-frext-hpcalq_brcm_b
│           │   │   │   ├── h264-conformance-frext-hpcamapalq_bcrm_b
│           │   │   │   ├── h264-conformance-frext-hpcamolq_brcm_b
│           │   │   │   ├── h264-conformance-frext-hpcanl_brcm_c
│           │   │   │   ├── h264-conformance-frext-hpcaq2lq_brcm_b
│           │   │   │   ├── h264-conformance-frext-hpcv_brcm_a
│           │   │   │   ├── h264-conformance-frext-hpcvfl_bcrm_a
│           │   │   │   ├── h264-conformance-frext-hpcvflnl_bcrm_a
│           │   │   │   ├── h264-conformance-frext-hpcvmolq_brcm_b
│           │   │   │   ├── h264-conformance-frext-hpcvnl_brcm_a
│           │   │   │   ├── h264-conformance-frext-pph10i1_panasonic_a
│           │   │   │   ├── h264-conformance-frext-pph10i2_panasonic_a
│           │   │   │   ├── h264-conformance-frext-pph10i3_panasonic_a
│           │   │   │   ├── h264-conformance-frext-pph10i4_panasonic_a
│           │   │   │   ├── h264-conformance-frext-pph10i5_panasonic_a
│           │   │   │   ├── h264-conformance-frext-pph10i6_panasonic_a
│           │   │   │   ├── h264-conformance-frext-pph10i7_panasonic_a
│           │   │   │   ├── h264-conformance-frext-pph422i1_panasonic_a
│           │   │   │   ├── h264-conformance-frext-pph422i2_panasonic_a
│           │   │   │   ├── h264-conformance-frext-pph422i3_panasonic_a
│           │   │   │   ├── h264-conformance-frext-pph422i4_panasonic_a
│           │   │   │   ├── h264-conformance-frext-pph422i5_panasonic_a
│           │   │   │   ├── h264-conformance-frext-pph422i6_panasonic_a
│           │   │   │   ├── h264-conformance-frext-pph422i7_panasonic_a
│           │   │   │   ├── h264-conformance-hcbp2_hhi_a
│           │   │   │   ├── h264-conformance-hcmp1_hhi_a
│           │   │   │   ├── h264-conformance-ls_sva_d
│           │   │   │   ├── h264-conformance-midr_mw_d
│           │   │   │   ├── h264-conformance-mps_mw_a
│           │   │   │   ├── h264-conformance-mr1_bt_a
│           │   │   │   ├── h264-conformance-mr1_mw_a
│           │   │   │   ├── h264-conformance-mr2_mw_a
│           │   │   │   ├── h264-conformance-mr2_tandberg_e
│           │   │   │   ├── h264-conformance-mr3_tandberg_b
│           │   │   │   ├── h264-conformance-mr4_tandberg_c
│           │   │   │   ├── h264-conformance-mr5_tandberg_c
│           │   │   │   ├── h264-conformance-mr6_bt_b
│           │   │   │   ├── h264-conformance-mr7_bt_b
│           │   │   │   ├── h264-conformance-mr8_bt_b
│           │   │   │   ├── h264-conformance-mr9_bt_b
│           │   │   │   ├── h264-conformance-mv1_brcm_d
│           │   │   │   ├── h264-conformance-nl1_sony_d
│           │   │   │   ├── h264-conformance-nl2_sony_h
│           │   │   │   ├── h264-conformance-nl3_sva_e
│           │   │   │   ├── h264-conformance-nlmq1_jvc_c
│           │   │   │   ├── h264-conformance-nlmq2_jvc_c
│           │   │   │   ├── h264-conformance-nrf_mw_e
│           │   │   │   ├── h264-conformance-sharp_mp_field_1_b
│           │   │   │   ├── h264-conformance-sharp_mp_field_2_b
│           │   │   │   ├── h264-conformance-sharp_mp_field_3_b
│           │   │   │   ├── h264-conformance-sharp_mp_paff_1r2
│           │   │   │   ├── h264-conformance-sharp_mp_paff_2r
│           │   │   │   ├── h264-conformance-sl1_sva_b
│           │   │   │   ├── h264-conformance-slice2_field_aurora4
│           │   │   │   ├── h264-conformance-sva_ba1_b
│           │   │   │   ├── h264-conformance-sva_ba2_d
│           │   │   │   ├── h264-conformance-sva_base_b
│           │   │   │   ├── h264-conformance-sva_cl1_e
│           │   │   │   ├── h264-conformance-sva_fm1_e
│           │   │   │   ├── h264-conformance-sva_nl1_b
│           │   │   │   ├── h264-conformance-sva_nl2_e
│           │   │   │   ├── h264-crop-to-container
│           │   │   │   ├── h264-direct-bff
│           │   │   │   ├── h264-dts_5frames
│           │   │   │   ├── h264-encparams
│           │   │   │   ├── h264-extradata-reload
│           │   │   │   ├── h264-extreme-plane-pred
│           │   │   │   ├── h264-interlace-crop
│           │   │   │   ├── h264-intra-refresh-recovery
│           │   │   │   ├── h264-invalid-ref-mod
│           │   │   │   ├── h264-lossless
│           │   │   │   ├── h264-missing-frame
│           │   │   │   ├── h264-mixed-nal-coding
│           │   │   │   ├── h264-ref-pic-mod-overflow
│           │   │   │   ├── h264-reinit-large_420_8-to-small_420_8
│           │   │   │   ├── h264-reinit-small_420_8-to-large_444_10
│           │   │   │   ├── h264-reinit-small_420_9-to-small_420_8
│           │   │   │   ├── h264-reinit-small_422_9-to-small_420_9
│           │   │   │   ├── h264-skip-nointra
│           │   │   │   ├── h264-skip-nokey
│           │   │   │   ├── h264-timecode
│           │   │   │   ├── h264-twofields-packet
│           │   │   │   ├── h264-unescaped-extradata
│           │   │   │   ├── h264-xavc-4389
│           │   │   │   ├── h264_mp4toannexb_ticket2991
│           │   │   │   ├── h264_mp4toannexb_ticket5927
│           │   │   │   ├── h264_mp4toannexb_ticket5927_2
│           │   │   │   ├── hap-alpha-only-nosnappy-128x72
│           │   │   │   ├── hap-alpha-only-snappy-127x71
│           │   │   │   ├── hap-chunk
│           │   │   │   ├── hap1
│           │   │   │   ├── hap5
│           │   │   │   ├── hapqa-extract-nosnappy-to-hapalphaonly-mov
│           │   │   │   ├── hapqa-extract-nosnappy-to-hapq-mov
│           │   │   │   ├── hapqa-extract-snappy1-to-hapalphaonly
│           │   │   │   ├── hapqa-extract-snappy1-to-hapq
│           │   │   │   ├── hapqa-extract-snappy16-to-hapalphaonly
│           │   │   │   ├── hapqa-extract-snappy16-to-hapq
│           │   │   │   ├── hapqa-nosnappy-127x71
│           │   │   │   ├── hapqa-snappy1-127x71
│           │   │   │   ├── hapqa-snappy16-127x71
│           │   │   │   ├── hapy
│           │   │   │   ├── hash
│           │   │   │   ├── hevc-afd-tc-sei
│           │   │   │   ├── hevc-alpha
│           │   │   │   ├── hevc-bsf-dts2pts-cra
│           │   │   │   ├── hevc-bsf-dts2pts-idr
│           │   │   │   ├── hevc-bsf-dts2pts-idr-cra
│           │   │   │   ├── hevc-cabac-tudepth
│           │   │   │   ├── hevc-color-reserved
│           │   │   │   ├── hevc-conformance-ADJUST_IPRED_ANGLE_A_RExt_Mitsubishi_1
│           │   │   │   ├── hevc-conformance-AMP_A_Samsung_4
│           │   │   │   ├── hevc-conformance-AMP_A_Samsung_6
│           │   │   │   ├── hevc-conformance-AMP_B_Samsung_4
│           │   │   │   ├── hevc-conformance-AMP_B_Samsung_6
│           │   │   │   ├── hevc-conformance-AMP_D_Hisilicon
│           │   │   │   ├── hevc-conformance-AMP_E_Hisilicon
│           │   │   │   ├── hevc-conformance-AMP_F_Hisilicon_3
│           │   │   │   ├── hevc-conformance-AMVP_A_MTK_4
│           │   │   │   ├── hevc-conformance-AMVP_B_MTK_4
│           │   │   │   ├── hevc-conformance-AMVP_C_Samsung_4
│           │   │   │   ├── hevc-conformance-AMVP_C_Samsung_6
│           │   │   │   ├── hevc-conformance-BUMPING_A_ericsson_1
│           │   │   │   ├── hevc-conformance-CAINIT_A_SHARP_4
│           │   │   │   ├── hevc-conformance-CAINIT_B_SHARP_4
│           │   │   │   ├── hevc-conformance-CAINIT_C_SHARP_3
│           │   │   │   ├── hevc-conformance-CAINIT_D_SHARP_3
│           │   │   │   ├── hevc-conformance-CAINIT_E_SHARP_3
│           │   │   │   ├── hevc-conformance-CAINIT_F_SHARP_3
│           │   │   │   ├── hevc-conformance-CAINIT_G_SHARP_3
│           │   │   │   ├── hevc-conformance-CAINIT_H_SHARP_3
│           │   │   │   ├── hevc-conformance-CIP_A_Panasonic_3
│           │   │   │   ├── hevc-conformance-CIP_C_Panasonic_2
│           │   │   │   ├── hevc-conformance-CONFWIN_A_Sony_1
│           │   │   │   ├── hevc-conformance-DBLK_A_MAIN10_VIXS_3
│           │   │   │   ├── hevc-conformance-DBLK_A_SONY_3
│           │   │   │   ├── hevc-conformance-DBLK_B_SONY_3
│           │   │   │   ├── hevc-conformance-DBLK_C_SONY_3
│           │   │   │   ├── hevc-conformance-DBLK_D_VIXS_2
│           │   │   │   ├── hevc-conformance-DBLK_E_VIXS_2
│           │   │   │   ├── hevc-conformance-DBLK_F_VIXS_2
│           │   │   │   ├── hevc-conformance-DBLK_G_VIXS_2
│           │   │   │   ├── hevc-conformance-DELTAQP_A_BRCM_4
│           │   │   │   ├── hevc-conformance-DELTAQP_B_SONY_3
│           │   │   │   ├── hevc-conformance-DELTAQP_C_SONY_3
│           │   │   │   ├── hevc-conformance-DSLICE_A_HHI_5
│           │   │   │   ├── hevc-conformance-DSLICE_B_HHI_5
│           │   │   │   ├── hevc-conformance-DSLICE_C_HHI_5
│           │   │   │   ├── hevc-conformance-ENTP_A_Qualcomm_1
│           │   │   │   ├── hevc-conformance-ENTP_B_Qualcomm_1
│           │   │   │   ├── hevc-conformance-ENTP_C_Qualcomm_1
│           │   │   │   ├── hevc-conformance-EXT_A_ericsson_4
│           │   │   │   ├── hevc-conformance-FILLER_A_Sony_1
│           │   │   │   ├── hevc-conformance-HRD_A_Fujitsu_2
│           │   │   │   ├── hevc-conformance-HRD_A_Fujitsu_3
│           │   │   │   ├── hevc-conformance-INITQP_A_Sony_1
│           │   │   │   ├── hevc-conformance-INITQP_B_Sony_1
│           │   │   │   ├── hevc-conformance-IPCM_A_RExt_NEC
│           │   │   │   ├── hevc-conformance-IPCM_B_RExt_NEC
│           │   │   │   ├── hevc-conformance-IPRED_A_docomo_2
│           │   │   │   ├── hevc-conformance-IPRED_B_Nokia_3
│           │   │   │   ├── hevc-conformance-IPRED_C_Mitsubishi_3
│           │   │   │   ├── hevc-conformance-LS_A_Orange_2
│           │   │   │   ├── hevc-conformance-LS_B_ORANGE_4
│           │   │   │   ├── hevc-conformance-LTRPSPS_A_Qualcomm_1
│           │   │   │   ├── hevc-conformance-MAXBINS_A_TI_4
│           │   │   │   ├── hevc-conformance-MAXBINS_B_TI_4
│           │   │   │   ├── hevc-conformance-MAXBINS_C_TI_4
│           │   │   │   ├── hevc-conformance-MERGE_A_TI_3
│           │   │   │   ├── hevc-conformance-MERGE_B_TI_3
│           │   │   │   ├── hevc-conformance-MERGE_C_TI_3
│           │   │   │   ├── hevc-conformance-MERGE_D_TI_3
│           │   │   │   ├── hevc-conformance-MERGE_E_TI_3
│           │   │   │   ├── hevc-conformance-MERGE_F_MTK_4
│           │   │   │   ├── hevc-conformance-MERGE_G_HHI_4
│           │   │   │   ├── hevc-conformance-MVCLIP_A_qualcomm_3
│           │   │   │   ├── hevc-conformance-MVDL1ZERO_A_docomo_3
│           │   │   │   ├── hevc-conformance-MVEDGE_A_qualcomm_3
│           │   │   │   ├── hevc-conformance-MVHEVCS_A
│           │   │   │   ├── hevc-conformance-MVHEVCS_B
│           │   │   │   ├── hevc-conformance-MVHEVCS_E
│           │   │   │   ├── hevc-conformance-MVHEVCS_F
│           │   │   │   ├── hevc-conformance-Main_422_10_A_RExt_Sony_1
│           │   │   │   ├── hevc-conformance-Main_422_10_B_RExt_Sony_1
│           │   │   │   ├── hevc-conformance-NUT_A_ericsson_5
│           │   │   │   ├── hevc-conformance-NoOutPrior_A_Qualcomm_1
│           │   │   │   ├── hevc-conformance-NoOutPrior_B_Qualcomm_1
│           │   │   │   ├── hevc-conformance-OPFLAG_A_Qualcomm_1
│           │   │   │   ├── hevc-conformance-OPFLAG_B_Qualcomm_1
│           │   │   │   ├── hevc-conformance-OPFLAG_C_Qualcomm_1
│           │   │   │   ├── hevc-conformance-PERSIST_RPARAM_A_RExt_Sony_1
│           │   │   │   ├── hevc-conformance-PERSIST_RPARAM_A_RExt_Sony_3
│           │   │   │   ├── hevc-conformance-PICSIZE_A_Bossen_1
│           │   │   │   ├── hevc-conformance-PICSIZE_B_Bossen_1
│           │   │   │   ├── hevc-conformance-PICSIZE_C_Bossen_1
│           │   │   │   ├── hevc-conformance-PICSIZE_D_Bossen_1
│           │   │   │   ├── hevc-conformance-PMERGE_A_TI_3
│           │   │   │   ├── hevc-conformance-PMERGE_B_TI_3
│           │   │   │   ├── hevc-conformance-PMERGE_C_TI_3
│           │   │   │   ├── hevc-conformance-PMERGE_D_TI_3
│           │   │   │   ├── hevc-conformance-PMERGE_E_TI_3
│           │   │   │   ├── hevc-conformance-POC_A_Bossen_3
│           │   │   │   ├── hevc-conformance-PPS_A_qualcomm_7
│           │   │   │   ├── hevc-conformance-PS_A_VIDYO_3
│           │   │   │   ├── hevc-conformance-PS_B_VIDYO_3
│           │   │   │   ├── hevc-conformance-QMATRIX_A_RExt_Sony_1
│           │   │   │   ├── hevc-conformance-RAP_A_docomo_4
│           │   │   │   ├── hevc-conformance-RAP_B_Bossen_1
│           │   │   │   ├── hevc-conformance-RPLM_A_qualcomm_4
│           │   │   │   ├── hevc-conformance-RPLM_B_qualcomm_4
│           │   │   │   ├── hevc-conformance-RPS_A_docomo_4
│           │   │   │   ├── hevc-conformance-RPS_B_qualcomm_5
│           │   │   │   ├── hevc-conformance-RPS_C_ericsson_5
│           │   │   │   ├── hevc-conformance-RPS_D_ericsson_6
│           │   │   │   ├── hevc-conformance-RPS_E_qualcomm_5
│           │   │   │   ├── hevc-conformance-RPS_F_docomo_1
│           │   │   │   ├── hevc-conformance-RQT_A_HHI_4
│           │   │   │   ├── hevc-conformance-RQT_B_HHI_4
│           │   │   │   ├── hevc-conformance-RQT_C_HHI_4
│           │   │   │   ├── hevc-conformance-RQT_D_HHI_4
│           │   │   │   ├── hevc-conformance-RQT_E_HHI_4
│           │   │   │   ├── hevc-conformance-RQT_F_HHI_4
│           │   │   │   ├── hevc-conformance-RQT_G_HHI_4
│           │   │   │   ├── hevc-conformance-SAO_A_MediaTek_4
│           │   │   │   ├── hevc-conformance-SAO_A_RExt_MediaTek_1
│           │   │   │   ├── hevc-conformance-SAO_B_MediaTek_5
│           │   │   │   ├── hevc-conformance-SAO_C_Samsung_4
│           │   │   │   ├── hevc-conformance-SAO_C_Samsung_5
│           │   │   │   ├── hevc-conformance-SAO_D_Samsung_4
│           │   │   │   ├── hevc-conformance-SAO_D_Samsung_5
│           │   │   │   ├── hevc-conformance-SAO_E_Canon_4
│           │   │   │   ├── hevc-conformance-SAO_F_Canon_3
│           │   │   │   ├── hevc-conformance-SAO_G_Canon_3
│           │   │   │   ├── hevc-conformance-SDH_A_Orange_3
│           │   │   │   ├── hevc-conformance-SLICES_A_Rovi_3
│           │   │   │   ├── hevc-conformance-SLIST_A_Sony_4
│           │   │   │   ├── hevc-conformance-SLIST_B_Sony_8
│           │   │   │   ├── hevc-conformance-SLIST_C_Sony_3
│           │   │   │   ├── hevc-conformance-SLIST_D_Sony_9
│           │   │   │   ├── hevc-conformance-SLPPLP_A_VIDYO_1
│           │   │   │   ├── hevc-conformance-SLPPLP_A_VIDYO_2
│           │   │   │   ├── hevc-conformance-STRUCT_A_Samsung_5
│           │   │   │   ├── hevc-conformance-STRUCT_B_Samsung_4
│           │   │   │   ├── hevc-conformance-STRUCT_B_Samsung_6
│           │   │   │   ├── hevc-conformance-TILES_A_Cisco_2
│           │   │   │   ├── hevc-conformance-TILES_B_Cisco_1
│           │   │   │   ├── hevc-conformance-TMVP_A_MS_3
│           │   │   │   ├── hevc-conformance-TSCL_A_VIDYO_5
│           │   │   │   ├── hevc-conformance-TSCL_B_VIDYO_4
│           │   │   │   ├── hevc-conformance-TSKIP_A_MS_3
│           │   │   │   ├── hevc-conformance-TUSIZE_A_Samsung_1
│           │   │   │   ├── hevc-conformance-VPSID_A_VIDYO_1
│           │   │   │   ├── hevc-conformance-VPSID_A_VIDYO_2
│           │   │   │   ├── hevc-conformance-WPP_A_ericsson_MAIN10_2
│           │   │   │   ├── hevc-conformance-WPP_A_ericsson_MAIN_2
│           │   │   │   ├── hevc-conformance-WPP_B_ericsson_MAIN10_2
│           │   │   │   ├── hevc-conformance-WPP_B_ericsson_MAIN_2
│           │   │   │   ├── hevc-conformance-WPP_C_ericsson_MAIN10_2
│           │   │   │   ├── hevc-conformance-WPP_C_ericsson_MAIN_2
│           │   │   │   ├── hevc-conformance-WPP_D_ericsson_MAIN10_2
│           │   │   │   ├── hevc-conformance-WPP_D_ericsson_MAIN_2
│           │   │   │   ├── hevc-conformance-WPP_E_ericsson_MAIN10_2
│           │   │   │   ├── hevc-conformance-WPP_E_ericsson_MAIN_2
│           │   │   │   ├── hevc-conformance-WPP_F_ericsson_MAIN10_2
│           │   │   │   ├── hevc-conformance-WPP_F_ericsson_MAIN_2
│           │   │   │   ├── hevc-conformance-WPP_HIGH_TP_444_8BIT_RExt_Apple_2
│           │   │   │   ├── hevc-conformance-WP_A_MAIN10_Toshiba_3
│           │   │   │   ├── hevc-conformance-WP_A_Toshiba_3
│           │   │   │   ├── hevc-conformance-WP_B_Toshiba_3
│           │   │   │   ├── hevc-conformance-WP_MAIN10_B_Toshiba_3
│           │   │   │   ├── hevc-conformance-cip_B_NEC_3
│           │   │   │   ├── hevc-conformance-ipcm_A_NEC_3
│           │   │   │   ├── hevc-conformance-ipcm_B_NEC_3
│           │   │   │   ├── hevc-conformance-ipcm_C_NEC_3
│           │   │   │   ├── hevc-conformance-ipcm_D_NEC_3
│           │   │   │   ├── hevc-conformance-ipcm_E_NEC_2
│           │   │   │   ├── hevc-dv-rpu
│           │   │   │   ├── hevc-extradata-reload
│           │   │   │   ├── hevc-hdr-vivid-metadata
│           │   │   │   ├── hevc-hdr10-plus-metadata
│           │   │   │   ├── hevc-monochrome-crop
│           │   │   │   ├── hevc-mv-ltr
│           │   │   │   ├── hevc-mv-nuh-layer-id
│           │   │   │   ├── hevc-mv-position
│           │   │   │   ├── hevc-mv-switch
│           │   │   │   ├── hevc-paired-fields
│           │   │   │   ├── hevc-paramchange-yuv420p-yuv420p10
│           │   │   │   ├── hevc-pir
│           │   │   │   ├── hevc-skiploopfilter
│           │   │   │   ├── hevc-small422chroma
│           │   │   │   ├── hevc-two-first-slice
│           │   │   │   ├── hls-cmfa
│           │   │   │   ├── hls-fmp4
│           │   │   │   ├── hls-fmp4_ac3
│           │   │   │   ├── hls-init-time
│           │   │   │   ├── hls-list-size
│           │   │   │   ├── hls-segment-single
│           │   │   │   ├── hls-segment-size
│           │   │   │   ├── hmac
│           │   │   │   ├── hxvs-demux
│           │   │   │   ├── iamf-5_1-copy
│           │   │   │   ├── iamf-5_1-demux
│           │   │   │   ├── iamf-5_1_4
│           │   │   │   ├── iamf-7_1_4
│           │   │   │   ├── iamf-9_1_6
│           │   │   │   ├── iamf-ambisonic_1
│           │   │   │   ├── iamf-ambisonic_1-projection
│           │   │   │   ├── iamf-ambisonic_1-projection-copy
│           │   │   │   ├── iamf-ambisonic_1-projection-demux
│           │   │   │   ├── iamf-stereo
│           │   │   │   ├── iamf-stereo-demux
│           │   │   │   ├── id-cin-video
│           │   │   │   ├── id3v2-chapters
│           │   │   │   ├── id3v2-priv
│           │   │   │   ├── id3v2-priv-remux
│           │   │   │   ├── id3v2-utf16-bom
│           │   │   │   ├── idroq-video-encode
│           │   │   │   ├── iff-byterun1
│           │   │   │   ├── iff-demux
│           │   │   │   ├── iff-fibonacci
│           │   │   │   ├── iff-ilbm
│           │   │   │   ├── iff-pcm
│           │   │   │   ├── imf
│           │   │   │   ├── imf-cpl-with-audio
│           │   │   │   ├── imf-cpl-with-repeat
│           │   │   │   ├── imgutils
│           │   │   │   ├── indeo2-delta
│           │   │   │   ├── indeo2-intra
│           │   │   │   ├── indeo3-1
│           │   │   │   ├── indeo3-2
│           │   │   │   ├── indeo4
│           │   │   │   ├── indeo5
│           │   │   │   ├── interplay-mve-16bit
│           │   │   │   ├── interplay-mve-8bit
│           │   │   │   ├── iscc
│           │   │   │   ├── iv8-demux
│           │   │   │   ├── j2k-dwt
│           │   │   │   ├── jpeg2000-dcinema
│           │   │   │   ├── jpeg2000dec-ds0_ht_01_b11
│           │   │   │   ├── jpeg2000dec-p0_01
│           │   │   │   ├── jpeg2000dec-p0_02
│           │   │   │   ├── jpeg2000dec-p0_03
│           │   │   │   ├── jpeg2000dec-p0_04
│           │   │   │   ├── jpeg2000dec-p0_05
│           │   │   │   ├── jpeg2000dec-p0_07
│           │   │   │   ├── jpeg2000dec-p0_08
│           │   │   │   ├── jpeg2000dec-p0_09
│           │   │   │   ├── jpeg2000dec-p0_10
│           │   │   │   ├── jpeg2000dec-p0_11
│           │   │   │   ├── jpeg2000dec-p0_12
│           │   │   │   ├── jpeg2000dec-p0_14
│           │   │   │   ├── jpeg2000dec-p0_15
│           │   │   │   ├── jpeg2000dec-p0_16
│           │   │   │   ├── jpegls-2bpc
│           │   │   │   ├── jpegls-3bpc
│           │   │   │   ├── jpegls-5bpc
│           │   │   │   ├── jpegls-7bpc
│           │   │   │   ├── jpegls-ilv0-rst
│           │   │   │   ├── jpegls-ilv1-rst
│           │   │   │   ├── jpg-12bpp
│           │   │   │   ├── jpg-exif-autorotate
│           │   │   │   ├── jpg-exif-noautorotate
│           │   │   │   ├── jpg-exif-rotation-override
│           │   │   │   ├── jpg-icc
│           │   │   │   ├── jpg-jfif
│           │   │   │   ├── jpg-rgb-1
│           │   │   │   ├── jpg-rgb-2
│           │   │   │   ├── jpg-rgb-221
│           │   │   │   ├── jpg-rgb-3
│           │   │   │   ├── jpg-rgb-4
│           │   │   │   ├── jpg-rgb-5
│           │   │   │   ├── jpg-rgb-baseline
│           │   │   │   ├── jpg-rgb-progressive
│           │   │   │   ├── jv
│           │   │   │   ├── jv-demux
│           │   │   │   ├── jxl-anim-demux-belgium
│           │   │   │   ├── jxl-anim-demux-icos4d
│           │   │   │   ├── jxl-anim-demux-lenna256
│           │   │   │   ├── jxl-anim-demux-newton
│           │   │   │   ├── jxl-multiframe-permuted-toc
│           │   │   │   ├── jxl-small-ext-box
│           │   │   │   ├── jxs-concat-demux
│           │   │   │   ├── kgv1
│           │   │   │   ├── kmvc
│           │   │   │   ├── lagarith-red
│           │   │   │   ├── lagarith-rgb24
│           │   │   │   ├── lagarith-rgb32
│           │   │   │   ├── lagarith-ticket4119
│           │   │   │   ├── lagarith-ticket4119-cfr
│           │   │   │   ├── lagarith-ticket4119-pass
│           │   │   │   ├── lagarith-ticket4119-vfr
│           │   │   │   ├── lagarith-yuy2
│           │   │   │   ├── lagarith-yv12
│           │   │   │   ├── lead-yuv420p
│           │   │   │   ├── lead-yuv420p-half
│           │   │   │   ├── lead-yuv420p-zero
│           │   │   │   ├── lead-yuv444p
│           │   │   │   ├── lfg
│           │   │   │   ├── libaom-hdr10-plus
│           │   │   │   ├── libavcodec-htmlsubtitles
│           │   │   │   ├── libsvtav1-hdr10
│           │   │   │   ├── libx264-hdr10
│           │   │   │   ├── libx264-simple
│           │   │   │   ├── limited_input_seek
│           │   │   │   ├── limited_input_seek-copyts
│           │   │   │   ├── lmlm4-demux
│           │   │   │   ├── loco-rgb
│           │   │   │   ├── loco-yuy2
│           │   │   │   ├── lossless-alac
│           │   │   │   ├── lossless-meridianaudio
│           │   │   │   ├── lossless-monkeysaudio-399
│           │   │   │   ├── lossless-monkeysaudio-legacy
│           │   │   │   ├── lossless-osq
│           │   │   │   ├── lossless-rka
│           │   │   │   ├── lossless-shorten
│           │   │   │   ├── lossless-tak
│           │   │   │   ├── lossless-tta
│           │   │   │   ├── lossless-tta-encrypted
│           │   │   │   ├── lossless-wma
│           │   │   │   ├── lossless-wma24-1
│           │   │   │   ├── lossless-wma24-2
│           │   │   │   ├── lossless-wma24-rawtile
│           │   │   │   ├── lscr
│           │   │   │   ├── m4v
│           │   │   │   ├── m4v-cfr
│           │   │   │   ├── magicyuv-rgb
│           │   │   │   ├── magicyuv-rgba
│           │   │   │   ├── magicyuv-y400i
│           │   │   │   ├── magicyuv-y420
│           │   │   │   ├── magicyuv-y422i
│           │   │   │   ├── magicyuv-y444
│           │   │   │   ├── magicyuv-y4444i
│           │   │   │   ├── matroska-alac-remux
│           │   │   │   ├── matroska-avoid-negative-ts
│           │   │   │   ├── matroska-crop
│           │   │   │   ├── matroska-dovi-write-config7
│           │   │   │   ├── matroska-dovi-write-config8
│           │   │   │   ├── matroska-dvbsub-remux
│           │   │   │   ├── matroska-encoding-delay
│           │   │   │   ├── matroska-flac-channel-mapping
│           │   │   │   ├── matroska-flac-extradata-update
│           │   │   │   ├── matroska-h264-remux
│           │   │   │   ├── matroska-hdr10-plus-remux
│           │   │   │   ├── matroska-lzo-decompression
│           │   │   │   ├── matroska-mastering-display-metadata
│           │   │   │   ├── matroska-move-cues-to-front
│           │   │   │   ├── matroska-mpegts-remux
│           │   │   │   ├── matroska-ms-mode
│           │   │   │   ├── matroska-non-rotation-displaymatrix
│           │   │   │   ├── matroska-ogg-opus-remux
│           │   │   │   ├── matroska-opus-remux
│           │   │   │   ├── matroska-pgs-remux
│           │   │   │   ├── matroska-pgs-remux-durations
│           │   │   │   ├── matroska-prores-header-insertion-bz2
│           │   │   │   ├── matroska-prores-zlib
│           │   │   │   ├── matroska-qt-mode
│           │   │   │   ├── matroska-side-data-pref-codec
│           │   │   │   ├── matroska-side-data-pref-packet
│           │   │   │   ├── matroska-spherical-mono
│           │   │   │   ├── matroska-spherical-mono-remux
│           │   │   │   ├── matroska-stereo_mode
│           │   │   │   ├── matroska-vp8-alpha-remux
│           │   │   │   ├── matroska-wavpack-missing-codecprivate
│           │   │   │   ├── matroska-xiph-lacing
│           │   │   │   ├── matroska-zero-length-block
│           │   │   │   ├── matroska-zlib-decompression
│           │   │   │   ├── maxis-xa
│           │   │   │   ├── md5
│           │   │   │   ├── mdec
│           │   │   │   ├── mdec-v3
│           │   │   │   ├── media100
│           │   │   │   ├── mimic
│           │   │   │   ├── mjpeg-ticket3229
│           │   │   │   ├── mjpegb
│           │   │   │   ├── mkv
│           │   │   │   ├── mkv-1242
│           │   │   │   ├── mlv-demux
│           │   │   │   ├── motionpixels
│           │   │   │   ├── mov-1elist-1ctts
│           │   │   │   ├── mov-1elist-ends-last-bframe
│           │   │   │   ├── mov-1elist-noctts
│           │   │   │   ├── mov-2elist-elist1-ends-bframe
│           │   │   │   ├── mov-3elist
│           │   │   │   ├── mov-3elist-1ctts
│           │   │   │   ├── mov-3elist-encrypted
│           │   │   │   ├── mov-3elist-encrypted-kid
│           │   │   │   ├── mov-440hz-10ms
│           │   │   │   ├── mov-aac-2048-priming
│           │   │   │   ├── mov-avif-demux-still-image-1-item
│           │   │   │   ├── mov-avif-demux-still-image-multiple-items
│           │   │   │   ├── mov-bbi-elst-starts-b
│           │   │   │   ├── mov-channel-description
│           │   │   │   ├── mov-cover-image
│           │   │   │   ├── mov-displaymatrix
│           │   │   │   ├── mov-elist-starts-ctts-2ndsample
│           │   │   │   ├── mov-elst-ends-betn-b-and-i
│           │   │   │   ├── mov-frag-encrypted
│           │   │   │   ├── mov-frag-encrypted-kid
│           │   │   │   ├── mov-frag-overlap
│           │   │   │   ├── mov-guess-delay-1
│           │   │   │   ├── mov-guess-delay-2
│           │   │   │   ├── mov-guess-delay-3
│           │   │   │   ├── mov-heic-demux-clap-irot-imir
│           │   │   │   ├── mov-heic-demux-still-image-1-item
│           │   │   │   ├── mov-heic-demux-still-image-grid
│           │   │   │   ├── mov-heic-demux-still-image-iovl
│           │   │   │   ├── mov-heic-demux-still-image-iovl-2
│           │   │   │   ├── mov-heic-demux-still-image-multiple-items
│           │   │   │   ├── mov-heic-demux-still-image-multiple-thumb
│           │   │   │   ├── mov-ibi-elst-starts-b
│           │   │   │   ├── mov-init-nonkeyframe
│           │   │   │   ├── mov-invalid-elst-entry-count
│           │   │   │   ├── mov-mime-codecstring
│           │   │   │   ├── mov-mp3-demux
│           │   │   │   ├── mov-mp4-chapters
│           │   │   │   ├── mov-mp4-disposition-mpegts-remux
│           │   │   │   ├── mov-mp4-extended-atom
│           │   │   │   ├── mov-mp4-fragmented-ttml-dfxp
│           │   │   │   ├── mov-mp4-fragmented-ttml-stpp
│           │   │   │   ├── mov-mp4-iamf-5_1_4
│           │   │   │   ├── mov-mp4-iamf-7_1_4-video-first
│           │   │   │   ├── mov-mp4-iamf-7_1_4-video-first-2
│           │   │   │   ├── mov-mp4-iamf-7_1_4-video-first-3
│           │   │   │   ├── mov-mp4-iamf-7_1_4-video-last
│           │   │   │   ├── mov-mp4-iamf-ambisonic_1
│           │   │   │   ├── mov-mp4-iamf-stereo
│           │   │   │   ├── mov-mp4-multiple-stsd-muxing
│           │   │   │   ├── mov-mp4-pcm
│           │   │   │   ├── mov-mp4-pcm-float
│           │   │   │   ├── mov-mp4-ttml-dfxp
│           │   │   │   ├── mov-mp4-ttml-stpp
│           │   │   │   ├── mov-mp4-with-mov-in24-ver
│           │   │   │   ├── mov-neg-firstpts-discard
│           │   │   │   ├── mov-neg-firstpts-discard-frames
│           │   │   │   ├── mov-neg-firstpts-discard-vorbis
│           │   │   │   ├── mov-read-amve
│           │   │   │   ├── mov-spherical-mono
│           │   │   │   ├── mov-stream-shorter-than-movie
│           │   │   │   ├── mov-tenc-only-encrypted
│           │   │   │   ├── mov-tenc-only-encrypted-kid
│           │   │   │   ├── mov-write-amve
│           │   │   │   ├── mov-zombie
│           │   │   │   ├── movenc
│           │   │   │   ├── mpc7-demux
│           │   │   │   ├── mpc8-demux
│           │   │   │   ├── mpeg2-field-enc
│           │   │   │   ├── mpeg2-ticket186
│           │   │   │   ├── mpeg2-ticket6677
│           │   │   │   ├── mpeg4-als-conformance-00
│           │   │   │   ├── mpeg4-als-conformance-01
│           │   │   │   ├── mpeg4-als-conformance-02
│           │   │   │   ├── mpeg4-als-conformance-03
│           │   │   │   ├── mpeg4-als-conformance-04
│           │   │   │   ├── mpeg4-als-conformance-05
│           │   │   │   ├── mpeg4-als-conformance-09
│           │   │   │   ├── mpeg4-bsf-unpack-bframes
│           │   │   │   ├── mpeg4-packed
│           │   │   │   ├── mpeg4-resolution-change-down-down
│           │   │   │   ├── mpeg4-resolution-change-down-up
│           │   │   │   ├── mpeg4-resolution-change-up-down
│           │   │   │   ├── mpeg4-resolution-change-up-up
│           │   │   │   ├── mpeg4-simple-studio-profile
│           │   │   │   ├── mpegps-remuxed-pcm-demux
│           │   │   │   ├── mpegts-probe-latm
│           │   │   │   ├── mpegts-probe-pmt-merge
│           │   │   │   ├── mpegts-probe-program
│           │   │   │   ├── msmpeg4v1
│           │   │   │   ├── msrle-8bit
│           │   │   │   ├── mss1-pal
│           │   │   │   ├── mss2-pal
│           │   │   │   ├── mss2-pals
│           │   │   │   ├── mss2-region
│           │   │   │   ├── mss2-rgb555
│           │   │   │   ├── mss2-rgb555s
│           │   │   │   ├── mss2-wmv
│           │   │   │   ├── msvideo1-16bit
│           │   │   │   ├── msvideo1-8bit
│           │   │   │   ├── mszh
│           │   │   │   ├── mts2
│           │   │   │   ├── mts2-xesc
│           │   │   │   ├── mtv
│           │   │   │   ├── murmur3
│           │   │   │   ├── mv-mvc1
│           │   │   │   ├── mv-mvc2
│           │   │   │   ├── mv-sgirle
│           │   │   │   ├── mxf-d10-user-comments
│           │   │   │   ├── mxf-demux
│           │   │   │   ├── mxf-essencegroup-demux
│           │   │   │   ├── mxf-metadata-source-ref1
│           │   │   │   ├── mxf-metadata-source-ref2
│           │   │   │   ├── mxf-missing-index-demux
│           │   │   │   ├── mxf-multiple-components-demux
│           │   │   │   ├── mxf-opatom-user-comments
│           │   │   │   ├── mxf-probe-applehdr10
│           │   │   │   ├── mxf-probe-d10
│           │   │   │   ├── mxf-probe-dnxhd
│           │   │   │   ├── mxf-probe-dv25
│           │   │   │   ├── mxf-probe-j2k
│           │   │   │   ├── mxf-reel_name
│           │   │   │   ├── mxf-remux-applehdr10
│           │   │   │   ├── mxf-user-comments
│           │   │   │   ├── mxpeg
│           │   │   │   ├── nc-demux
│           │   │   │   ├── nistsphere-demux
│           │   │   │   ├── noproxy
│           │   │   │   ├── nsv-demux
│           │   │   │   ├── nuv-rtjpeg
│           │   │   │   ├── nuv-rtjpeg-fh
│           │   │   │   ├── ogg-flac-chained-meta.txt
│           │   │   │   ├── ogg-opus-chained-meta.txt
│           │   │   │   ├── ogg-vorbis-chained-meta.txt
│           │   │   │   ├── oggopus-demux
│           │   │   │   ├── oggtheora-demux
│           │   │   │   ├── oggvp8-demux
│           │   │   │   ├── oma-atrac3-remux
│           │   │   │   ├── oma-atrac3p-remux
│           │   │   │   ├── oma-demux
│           │   │   │   ├── on2avc
│           │   │   │   ├── opt
│           │   │   │   ├── paf-audio
│           │   │   │   ├── paf-demux
│           │   │   │   ├── paf-video
│           │   │   │   ├── parseutils
│           │   │   │   ├── pcm-planar
│           │   │   │   ├── pcm_dvd
│           │   │   │   ├── pcm_dvd-16-1-48000
│           │   │   │   ├── pcm_dvd-16-1-96000
│           │   │   │   ├── pcm_dvd-16-2-48000
│           │   │   │   ├── pcm_dvd-16-5.1-48000
│           │   │   │   ├── pcm_dvd-16-5.1-96000
│           │   │   │   ├── pcm_dvd-16-7.1-48000
│           │   │   │   ├── pcm_dvd-24-1-48000
│           │   │   │   ├── pcm_dvd-24-2-48000
│           │   │   │   ├── pcm_dvd-24-5.1-48000
│           │   │   │   ├── pcm_dvd-24-7.1-48000
│           │   │   │   ├── pcm_s16be-stereo
│           │   │   │   ├── pcm_s16le-stereo
│           │   │   │   ├── pcm_u8-mono
│           │   │   │   ├── pcm_u8-stereo
│           │   │   │   ├── pict
│           │   │   │   ├── pictor
│           │   │   │   ├── pixelutils
│           │   │   │   ├── pixfmt_best
│           │   │   │   ├── pixlet-rgb
│           │   │   │   ├── pmp-demux
│           │   │   │   ├── png-frame-metadata
│           │   │   │   ├── png-gray16
│           │   │   │   ├── png-gray8
│           │   │   │   ├── png-icc
│           │   │   │   ├── png-icc-parse
│           │   │   │   ├── png-int-rgb24
│           │   │   │   ├── png-mdcv
│           │   │   │   ├── png-rgb24
│           │   │   │   ├── png-rgb48
│           │   │   │   ├── png-rgba
│           │   │   │   ├── png-rgba64
│           │   │   │   ├── png-side-data
│           │   │   │   ├── png-ya16
│           │   │   │   ├── png-ya8
│           │   │   │   ├── pngparser
│           │   │   │   ├── prores-422
│           │   │   │   ├── prores-422_hq
│           │   │   │   ├── prores-422_lt
│           │   │   │   ├── prores-422_proxy
│           │   │   │   ├── prores-alpha
│           │   │   │   ├── prores-alpha_skip
│           │   │   │   ├── prores-gray
│           │   │   │   ├── prores-metadata
│           │   │   │   ├── prores-probe
│           │   │   │   ├── prores-transparency
│           │   │   │   ├── prores-transparency_skip
│           │   │   │   ├── psd-duo-tone-color
│           │   │   │   ├── psd-gray16
│           │   │   │   ├── psd-gray8
│           │   │   │   ├── psd-lena-127x127-rgb24
│           │   │   │   ├── psd-lena-256c
│           │   │   │   ├── psd-lena-bitmap
│           │   │   │   ├── psd-lena-rgb-rle-127x127-16b
│           │   │   │   ├── psd-lena-rgb-rle-127x127-8b
│           │   │   │   ├── psd-lena-rgba-rle-128x128-8b
│           │   │   │   ├── psd-rgb24
│           │   │   │   ├── psd-rgb48
│           │   │   │   ├── psd-rgba
│           │   │   │   ├── psd-rgba64
│           │   │   │   ├── psd-rgbxx
│           │   │   │   ├── psd-ya16
│           │   │   │   ├── psd-ya8
│           │   │   │   ├── psx-str-demux
│           │   │   │   ├── ptx
│           │   │   │   ├── pva-demux
│           │   │   │   ├── qcp-demux
│           │   │   │   ├── qoa-152
│           │   │   │   ├── qoa-278
│           │   │   │   ├── qoa-303
│           │   │   │   ├── qpeg
│           │   │   │   ├── qt-alaw-mono
│           │   │   │   ├── qt-alaw-stereo
│           │   │   │   ├── qt-ima4-mono
│           │   │   │   ├── qt-ima4-stereo
│           │   │   │   ├── qt-mac3-mono
│           │   │   │   ├── qt-mac3-stereo
│           │   │   │   ├── qt-mac6-mono
│           │   │   │   ├── qt-mac6-stereo
│           │   │   │   ├── qt-ulaw-mono
│           │   │   │   ├── qt-ulaw-stereo
│           │   │   │   ├── qtrle-16bit
│           │   │   │   ├── qtrle-1bit
│           │   │   │   ├── qtrle-24bit
│           │   │   │   ├── qtrle-2bit
│           │   │   │   ├── qtrle-32bit
│           │   │   │   ├── qtrle-4bit
│           │   │   │   ├── qtrle-8bit
│           │   │   │   ├── quickdraw
│           │   │   │   ├── r210
│           │   │   │   ├── ra-144
│           │   │   │   ├── ra3-144
│           │   │   │   ├── ralf
│           │   │   │   ├── random_seed
│           │   │   │   ├── rawvideo-rgb-demux
│           │   │   │   ├── rawvideo-yuv-demux
│           │   │   │   ├── redcode-demux
│           │   │   │   ├── redspark-demux
│           │   │   │   ├── rgb24-mkv
│           │   │   │   ├── rgbapng-4816
│           │   │   │   ├── ripemd
│           │   │   │   ├── rl2
│           │   │   │   ├── roqvideo
│           │   │   │   ├── rpza
│           │   │   │   ├── rscc-16bit
│           │   │   │   ├── rscc-24bit
│           │   │   │   ├── rscc-32bit
│           │   │   │   ├── rscc-8bit
│           │   │   │   ├── rsd-demux
│           │   │   │   ├── rtmpdh
│           │   │   │   ├── rv20-1239
│           │   │   │   ├── rv30
│           │   │   │   ├── rv40
│           │   │   │   ├── rv60-512x512
│           │   │   │   ├── rv60-72x72
│           │   │   │   ├── s337m-demux
│           │   │   │   ├── sanm
│           │   │   │   ├── screenpresso-16bit
│           │   │   │   ├── screenpresso-24bit
│           │   │   │   ├── screenpresso-32bit
│           │   │   │   ├── segafilm-adx-remux
│           │   │   │   ├── segafilm-cinepak-mux
│           │   │   │   ├── segafilm-rawvideo-mux
│           │   │   │   ├── segafilm-s8-remux
│           │   │   │   ├── segment-adts-to-mkv-header-000
│           │   │   │   ├── segment-adts-to-mkv-header-001
│           │   │   │   ├── segment-adts-to-mkv-header-002
│           │   │   │   ├── segment-adts-to-mkv-header-all
│           │   │   │   ├── segment-mp4-to-ts
│           │   │   │   ├── sgi-gray16
│           │   │   │   ├── sgi-gray16-rle
│           │   │   │   ├── sgi-gray8
│           │   │   │   ├── sgi-gray8-rle
│           │   │   │   ├── sgi-rgb24
│           │   │   │   ├── sgi-rgb24-rle
│           │   │   │   ├── sgi-rgb48
│           │   │   │   ├── sgi-rgb48-rle
│           │   │   │   ├── sgi-rgba
│           │   │   │   ├── sgi-rgba-rle
│           │   │   │   ├── sgi-rgba64
│           │   │   │   ├── sgi-rgba64-rle
│           │   │   │   ├── sha
│           │   │   │   ├── sha512
│           │   │   │   ├── shortest
│           │   │   │   ├── shortest-sub
│           │   │   │   ├── side_data_array
│           │   │   │   ├── sierra-vmd-audio
│           │   │   │   ├── sierra-vmd-video
│           │   │   │   ├── siff-demux
│           │   │   │   ├── smacker-audio
│           │   │   │   ├── smacker-video
│           │   │   │   ├── smc
│           │   │   │   ├── smjpeg-demux
│           │   │   │   ├── smvjpeg
│           │   │   │   ├── source
│           │   │   │   ├── sp5x
│           │   │   │   ├── spdif-aac-remux
│           │   │   │   ├── spdif-ac3-remux
│           │   │   │   ├── spdif-dca-core-bswap
│           │   │   │   ├── spdif-dca-core-remux
│           │   │   │   ├── spdif-dca-master
│           │   │   │   ├── spdif-dca-master-core
│           │   │   │   ├── spdif-dca-master-core-remux
│           │   │   │   ├── spdif-eac3
│           │   │   │   ├── spdif-eac3-remux
│           │   │   │   ├── spdif-mlp
│           │   │   │   ├── spdif-mp2-remux
│           │   │   │   ├── spdif-mp3-remux
│           │   │   │   ├── spdif-truehd
│           │   │   │   ├── speedhq-422
│           │   │   │   ├── speedhq-422-singlefield
│           │   │   │   ├── srtp
│           │   │   │   ├── sub-aqtitle
│           │   │   │   ├── sub-ass-to-ass-transcode
│           │   │   │   ├── sub-cc
│           │   │   │   ├── sub-cc-realtime
│           │   │   │   ├── sub-cc-scte20
│           │   │   │   ├── sub-charenc
│           │   │   │   ├── sub-dvb
│           │   │   │   ├── sub-jacosub
│           │   │   │   ├── sub-jacosub-remux
│           │   │   │   ├── sub-lrc-ms-ms-remux
│           │   │   │   ├── sub-lrc-ms-remux
│           │   │   │   ├── sub-lrc-remux
│           │   │   │   ├── sub-mcc-remux
│           │   │   │   ├── sub-mcc-remux-eia608
│           │   │   │   ├── sub-mcc-remux-eia608-bsf
│           │   │   │   ├── sub-mcc-remux-eia608-recode
│           │   │   │   ├── sub-microdvd
│           │   │   │   ├── sub-microdvd-remux
│           │   │   │   ├── sub-movtext
│           │   │   │   ├── sub-mpl2
│           │   │   │   ├── sub-mpsub
│           │   │   │   ├── sub-mpsub-frames
│           │   │   │   ├── sub-pgs-remux
│           │   │   │   ├── sub-pjs
│           │   │   │   ├── sub-realtext
│           │   │   │   ├── sub-sami
│           │   │   │   ├── sub-sami2
│           │   │   │   ├── sub-scc
│           │   │   │   ├── sub-scc-remux
│           │   │   │   ├── sub-srt
│           │   │   │   ├── sub-srt-badsyntax
│           │   │   │   ├── sub-srt-empty-events
│           │   │   │   ├── sub-srt-madness-timeshift
│           │   │   │   ├── sub-srt-rrn-remux
│           │   │   │   ├── sub-ssa-to-ass-remux
│           │   │   │   ├── sub-stl
│           │   │   │   ├── sub-subripenc
│           │   │   │   ├── sub-subviewer
│           │   │   │   ├── sub-subviewer1
│           │   │   │   ├── sub-textenc
│           │   │   │   ├── sub-ttmlenc
│           │   │   │   ├── sub-vplayer
│           │   │   │   ├── sub-webvtt
│           │   │   │   ├── sub-webvtt2
│           │   │   │   ├── sub-webvttenc
│           │   │   │   ├── sub2video
│           │   │   │   ├── sub2video_basic
│           │   │   │   ├── sub2video_time_limited
│           │   │   │   ├── sunraster-1bit-raw
│           │   │   │   ├── sunraster-1bit-rle
│           │   │   │   ├── sunraster-24bit-raw
│           │   │   │   ├── sunraster-24bit-rle
│           │   │   │   ├── sunraster-8bit-raw
│           │   │   │   ├── sunraster-8bit-rle
│           │   │   │   ├── sunraster-8bit_gray-raw
│           │   │   │   ├── svq1
│           │   │   │   ├── svq1-headerswap
│           │   │   │   ├── svq3-1
│           │   │   │   ├── svq3-2
│           │   │   │   ├── svq3-watermark
│           │   │   │   ├── swr-async-firstpts
│           │   │   │   ├── sws-floatimg-cmp
│           │   │   │   ├── sws-ops-list
│           │   │   │   ├── sws-pixdesc-query
│           │   │   │   ├── sws-unscaled
│           │   │   │   ├── sws-yuv-colorspace
│           │   │   │   ├── sws-yuv-range
│           │   │   │   ├── targa-conformance-CBW8
│           │   │   │   ├── targa-conformance-CCM8
│           │   │   │   ├── targa-conformance-CTC16
│           │   │   │   ├── targa-conformance-CTC24
│           │   │   │   ├── targa-conformance-CTC32
│           │   │   │   ├── targa-conformance-UBW8
│           │   │   │   ├── targa-conformance-UCM8
│           │   │   │   ├── targa-conformance-UTC16
│           │   │   │   ├── targa-conformance-UTC24
│           │   │   │   ├── targa-conformance-UTC32
│           │   │   │   ├── targa-top-to-bottom
│           │   │   │   ├── tdsc
│           │   │   │   ├── tea
│           │   │   │   ├── theora-coeff-level64
│           │   │   │   ├── theora-offset
│           │   │   │   ├── thp
│           │   │   │   ├── tiertex-seq
│           │   │   │   ├── tiff-fax-g3
│           │   │   │   ├── tiff-fax-g3s
│           │   │   │   ├── tiff-lzw-rgbaf32le
│           │   │   │   ├── tiff-lzw-rgbf32le
│           │   │   │   ├── tiff-uncompressed-rgbaf32le
│           │   │   │   ├── tiff-uncompressed-rgbf32le
│           │   │   │   ├── tiff-zip-rgbaf32le
│           │   │   │   ├── tiff-zip-rgbf32le
│           │   │   │   ├── time_base
│           │   │   │   ├── timefilter
│           │   │   │   ├── tmv
│           │   │   │   ├── truemotion1-15
│           │   │   │   ├── truemotion1-24
│           │   │   │   ├── truemotion2
│           │   │   │   ├── truemotion2rt-high
│           │   │   │   ├── truemotion2rt-low
│           │   │   │   ├── truemotion2rt-mid
│           │   │   │   ├── ts-demux
│           │   │   │   ├── ts-opus-demux
│           │   │   │   ├── ts-small-demux
│           │   │   │   ├── ts-timed-id3-demux
│           │   │   │   ├── tscc-15bit
│           │   │   │   ├── tscc-32bit
│           │   │   │   ├── tscc2-avi
│           │   │   │   ├── tscc2-mov
│           │   │   │   ├── txd-16bpp
│           │   │   │   ├── txd-odd
│           │   │   │   ├── txd-pal8
│           │   │   │   ├── ulti
│           │   │   │   ├── unknown_layout-ac3
│           │   │   │   ├── unknown_layout-pcm
│           │   │   │   ├── url
│           │   │   │   ├── utvideo_rgb_int_gradient
│           │   │   │   ├── utvideo_rgb_int_median
│           │   │   │   ├── utvideo_rgb_left
│           │   │   │   ├── utvideo_rgb_median
│           │   │   │   ├── utvideo_rgba_gradient
│           │   │   │   ├── utvideo_rgba_left
│           │   │   │   ├── utvideo_rgba_median
│           │   │   │   ├── utvideo_rgba_single_symbol
│           │   │   │   ├── utvideo_yuv420_gradient
│           │   │   │   ├── utvideo_yuv420_int_gradient
│           │   │   │   ├── utvideo_yuv420_int_median
│           │   │   │   ├── utvideo_yuv420_left
│           │   │   │   ├── utvideo_yuv420_median
│           │   │   │   ├── utvideo_yuv422_gradient
│           │   │   │   ├── utvideo_yuv422_int_gradient
│           │   │   │   ├── utvideo_yuv422_int_median
│           │   │   │   ├── utvideo_yuv422_left
│           │   │   │   ├── utvideo_yuv422_median
│           │   │   │   ├── utvideo_yuv444_709_gradient
│           │   │   │   ├── utvideo_yuv444_709_int_gradient
│           │   │   │   ├── utvideo_yuv444_709_int_median
│           │   │   │   ├── utvideo_yuv444_709_median
│           │   │   │   ├── utvideoenc_rgb_left
│           │   │   │   ├── utvideoenc_rgb_median
│           │   │   │   ├── utvideoenc_rgb_none
│           │   │   │   ├── utvideoenc_rgba_left
│           │   │   │   ├── utvideoenc_rgba_median
│           │   │   │   ├── utvideoenc_rgba_none
│           │   │   │   ├── utvideoenc_yuv420_left
│           │   │   │   ├── utvideoenc_yuv420_median
│           │   │   │   ├── utvideoenc_yuv420_none
│           │   │   │   ├── utvideoenc_yuv422_left
│           │   │   │   ├── utvideoenc_yuv422_median
│           │   │   │   ├── utvideoenc_yuv422_none
│           │   │   │   ├── utvideoenc_yuv444_left
│           │   │   │   ├── utvideoenc_yuv444_median
│           │   │   │   ├── utvideoenc_yuv444_none
│           │   │   │   ├── v210
│           │   │   │   ├── v410dec
│           │   │   │   ├── v410enc
│           │   │   │   ├── vb
│           │   │   │   ├── vble
│           │   │   │   ├── vbn-dxt1
│           │   │   │   ├── vbn-dxt5
│           │   │   │   ├── vbn-raw-rgb24
│           │   │   │   ├── vbn-raw-rgba
│           │   │   │   ├── vc1-ism
│           │   │   │   ├── vc1_ilaced_twomv
│           │   │   │   ├── vc1_sa00040
│           │   │   │   ├── vc1_sa00050
│           │   │   │   ├── vc1_sa10091
│           │   │   │   ├── vc1_sa10143
│           │   │   │   ├── vc1_sa20021
│           │   │   │   ├── vc1test_smm0005
│           │   │   │   ├── vc1test_smm0015
│           │   │   │   ├── vcr1
│           │   │   │   ├── vcr2
│           │   │   │   ├── videoxl
│           │   │   │   ├── vmnc-16bit
│           │   │   │   ├── vmnc-32bit
│           │   │   │   ├── vorbis-1833-chapters
│           │   │   │   ├── vp31
│           │   │   │   ├── vp4
│           │   │   │   ├── vp5
│           │   │   │   ├── vp60
│           │   │   │   ├── vp60-interlace1
│           │   │   │   ├── vp60-interlace2
│           │   │   │   ├── vp61
│           │   │   │   ├── vp6a
│           │   │   │   ├── vp6a-skip_alpha
│           │   │   │   ├── vp6f
│           │   │   │   ├── vp7
│           │   │   │   ├── vp8-2451
│           │   │   │   ├── vp8-sign-bias
│           │   │   │   ├── vp8-size-change
│           │   │   │   ├── vp8-test-vector-001
│           │   │   │   ├── vp8-test-vector-002
│           │   │   │   ├── vp8-test-vector-003
│           │   │   │   ├── vp8-test-vector-004
│           │   │   │   ├── vp8-test-vector-005
│           │   │   │   ├── vp8-test-vector-006
│           │   │   │   ├── vp8-test-vector-007
│           │   │   │   ├── vp8-test-vector-008
│           │   │   │   ├── vp8-test-vector-009
│           │   │   │   ├── vp8-test-vector-010
│           │   │   │   ├── vp8-test-vector-011
│           │   │   │   ├── vp8-test-vector-012
│           │   │   │   ├── vp8-test-vector-013
│           │   │   │   ├── vp8-test-vector-014
│           │   │   │   ├── vp8-test-vector-015
│           │   │   │   ├── vp8-test-vector-016
│           │   │   │   ├── vp8-test-vector-017
│           │   │   │   ├── vp9-00-quantizer-00
│           │   │   │   ├── vp9-00-quantizer-01
│           │   │   │   ├── vp9-00-quantizer-02
│           │   │   │   ├── vp9-00-quantizer-03
│           │   │   │   ├── vp9-00-quantizer-04
│           │   │   │   ├── vp9-00-quantizer-05
│           │   │   │   ├── vp9-00-quantizer-06
│           │   │   │   ├── vp9-00-quantizer-07
│           │   │   │   ├── vp9-00-quantizer-08
│           │   │   │   ├── vp9-00-quantizer-09
│           │   │   │   ├── vp9-00-quantizer-10
│           │   │   │   ├── vp9-00-quantizer-11
│           │   │   │   ├── vp9-00-quantizer-12
│           │   │   │   ├── vp9-00-quantizer-13
│           │   │   │   ├── vp9-00-quantizer-14
│           │   │   │   ├── vp9-00-quantizer-15
│           │   │   │   ├── vp9-00-quantizer-16
│           │   │   │   ├── vp9-00-quantizer-17
│           │   │   │   ├── vp9-00-quantizer-18
│           │   │   │   ├── vp9-00-quantizer-19
│           │   │   │   ├── vp9-00-quantizer-20
│           │   │   │   ├── vp9-00-quantizer-21
│           │   │   │   ├── vp9-00-quantizer-22
│           │   │   │   ├── vp9-00-quantizer-23
│           │   │   │   ├── vp9-00-quantizer-24
│           │   │   │   ├── vp9-00-quantizer-25
│           │   │   │   ├── vp9-00-quantizer-26
│           │   │   │   ├── vp9-00-quantizer-27
│           │   │   │   ├── vp9-00-quantizer-28
│           │   │   │   ├── vp9-00-quantizer-29
│           │   │   │   ├── vp9-00-quantizer-30
│           │   │   │   ├── vp9-00-quantizer-31
│           │   │   │   ├── vp9-00-quantizer-32
│           │   │   │   ├── vp9-00-quantizer-33
│           │   │   │   ├── vp9-00-quantizer-34
│           │   │   │   ├── vp9-00-quantizer-35
│           │   │   │   ├── vp9-00-quantizer-36
│           │   │   │   ├── vp9-00-quantizer-37
│           │   │   │   ├── vp9-00-quantizer-38
│           │   │   │   ├── vp9-00-quantizer-39
│           │   │   │   ├── vp9-00-quantizer-40
│           │   │   │   ├── vp9-00-quantizer-41
│           │   │   │   ├── vp9-00-quantizer-42
│           │   │   │   ├── vp9-00-quantizer-43
│           │   │   │   ├── vp9-00-quantizer-44
│           │   │   │   ├── vp9-00-quantizer-45
│           │   │   │   ├── vp9-00-quantizer-46
│           │   │   │   ├── vp9-00-quantizer-47
│           │   │   │   ├── vp9-00-quantizer-48
│           │   │   │   ├── vp9-00-quantizer-49
│           │   │   │   ├── vp9-00-quantizer-50
│           │   │   │   ├── vp9-00-quantizer-51
│           │   │   │   ├── vp9-00-quantizer-52
│           │   │   │   ├── vp9-00-quantizer-53
│           │   │   │   ├── vp9-00-quantizer-54
│           │   │   │   ├── vp9-00-quantizer-55
│           │   │   │   ├── vp9-00-quantizer-56
│           │   │   │   ├── vp9-00-quantizer-57
│           │   │   │   ├── vp9-00-quantizer-58
│           │   │   │   ├── vp9-00-quantizer-59
│           │   │   │   ├── vp9-00-quantizer-60
│           │   │   │   ├── vp9-00-quantizer-61
│           │   │   │   ├── vp9-00-quantizer-62
│           │   │   │   ├── vp9-00-quantizer-63
│           │   │   │   ├── vp9-01-sharpness-1
│           │   │   │   ├── vp9-01-sharpness-2
│           │   │   │   ├── vp9-01-sharpness-3
│           │   │   │   ├── vp9-01-sharpness-4
│           │   │   │   ├── vp9-01-sharpness-5
│           │   │   │   ├── vp9-01-sharpness-6
│           │   │   │   ├── vp9-01-sharpness-7
│           │   │   │   ├── vp9-02-size-08x08
│           │   │   │   ├── vp9-02-size-08x10
│           │   │   │   ├── vp9-02-size-08x16
│           │   │   │   ├── vp9-02-size-08x18
│           │   │   │   ├── vp9-02-size-08x32
│           │   │   │   ├── vp9-02-size-08x34
│           │   │   │   ├── vp9-02-size-08x64
│           │   │   │   ├── vp9-02-size-08x66
│           │   │   │   ├── vp9-02-size-10x08
│           │   │   │   ├── vp9-02-size-10x10
│           │   │   │   ├── vp9-02-size-10x16
│           │   │   │   ├── vp9-02-size-10x18
│           │   │   │   ├── vp9-02-size-10x32
│           │   │   │   ├── vp9-02-size-10x34
│           │   │   │   ├── vp9-02-size-10x64
│           │   │   │   ├── vp9-02-size-10x66
│           │   │   │   ├── vp9-02-size-16x08
│           │   │   │   ├── vp9-02-size-16x10
│           │   │   │   ├── vp9-02-size-16x16
│           │   │   │   ├── vp9-02-size-16x18
│           │   │   │   ├── vp9-02-size-16x32
│           │   │   │   ├── vp9-02-size-16x34
│           │   │   │   ├── vp9-02-size-16x64
│           │   │   │   ├── vp9-02-size-16x66
│           │   │   │   ├── vp9-02-size-18x08
│           │   │   │   ├── vp9-02-size-18x10
│           │   │   │   ├── vp9-02-size-18x16
│           │   │   │   ├── vp9-02-size-18x18
│           │   │   │   ├── vp9-02-size-18x32
│           │   │   │   ├── vp9-02-size-18x34
│           │   │   │   ├── vp9-02-size-18x64
│           │   │   │   ├── vp9-02-size-18x66
│           │   │   │   ├── vp9-02-size-32x08
│           │   │   │   ├── vp9-02-size-32x10
│           │   │   │   ├── vp9-02-size-32x16
│           │   │   │   ├── vp9-02-size-32x18
│           │   │   │   ├── vp9-02-size-32x32
│           │   │   │   ├── vp9-02-size-32x34
│           │   │   │   ├── vp9-02-size-32x64
│           │   │   │   ├── vp9-02-size-32x66
│           │   │   │   ├── vp9-02-size-34x08
│           │   │   │   ├── vp9-02-size-34x10
│           │   │   │   ├── vp9-02-size-34x16
│           │   │   │   ├── vp9-02-size-34x18
│           │   │   │   ├── vp9-02-size-34x32
│           │   │   │   ├── vp9-02-size-34x34
│           │   │   │   ├── vp9-02-size-34x64
│           │   │   │   ├── vp9-02-size-34x66
│           │   │   │   ├── vp9-02-size-64x08
│           │   │   │   ├── vp9-02-size-64x10
│           │   │   │   ├── vp9-02-size-64x16
│           │   │   │   ├── vp9-02-size-64x18
│           │   │   │   ├── vp9-02-size-64x32
│           │   │   │   ├── vp9-02-size-64x34
│           │   │   │   ├── vp9-02-size-64x64
│           │   │   │   ├── vp9-02-size-64x66
│           │   │   │   ├── vp9-02-size-66x08
│           │   │   │   ├── vp9-02-size-66x10
│           │   │   │   ├── vp9-02-size-66x16
│           │   │   │   ├── vp9-02-size-66x18
│           │   │   │   ├── vp9-02-size-66x32
│           │   │   │   ├── vp9-02-size-66x34
│           │   │   │   ├── vp9-02-size-66x64
│           │   │   │   ├── vp9-02-size-66x66
│           │   │   │   ├── vp9-03-deltaq
│           │   │   │   ├── vp9-03-size-196x196
│           │   │   │   ├── vp9-03-size-196x198
│           │   │   │   ├── vp9-03-size-196x200
│           │   │   │   ├── vp9-03-size-196x202
│           │   │   │   ├── vp9-03-size-196x208
│           │   │   │   ├── vp9-03-size-196x210
│           │   │   │   ├── vp9-03-size-196x224
│           │   │   │   ├── vp9-03-size-196x226
│           │   │   │   ├── vp9-03-size-198x196
│           │   │   │   ├── vp9-03-size-198x198
│           │   │   │   ├── vp9-03-size-198x200
│           │   │   │   ├── vp9-03-size-198x202
│           │   │   │   ├── vp9-03-size-198x208
│           │   │   │   ├── vp9-03-size-198x210
│           │   │   │   ├── vp9-03-size-198x224
│           │   │   │   ├── vp9-03-size-198x226
│           │   │   │   ├── vp9-03-size-200x196
│           │   │   │   ├── vp9-03-size-200x198
│           │   │   │   ├── vp9-03-size-200x200
│           │   │   │   ├── vp9-03-size-200x202
│           │   │   │   ├── vp9-03-size-200x208
│           │   │   │   ├── vp9-03-size-200x210
│           │   │   │   ├── vp9-03-size-200x224
│           │   │   │   ├── vp9-03-size-200x226
│           │   │   │   ├── vp9-03-size-202x196
│           │   │   │   ├── vp9-03-size-202x198
│           │   │   │   ├── vp9-03-size-202x200
│           │   │   │   ├── vp9-03-size-202x202
│           │   │   │   ├── vp9-03-size-202x208
│           │   │   │   ├── vp9-03-size-202x210
│           │   │   │   ├── vp9-03-size-202x224
│           │   │   │   ├── vp9-03-size-202x226
│           │   │   │   ├── vp9-03-size-208x196
│           │   │   │   ├── vp9-03-size-208x198
│           │   │   │   ├── vp9-03-size-208x200
│           │   │   │   ├── vp9-03-size-208x202
│           │   │   │   ├── vp9-03-size-208x208
│           │   │   │   ├── vp9-03-size-208x210
│           │   │   │   ├── vp9-03-size-208x224
│           │   │   │   ├── vp9-03-size-208x226
│           │   │   │   ├── vp9-03-size-210x196
│           │   │   │   ├── vp9-03-size-210x198
│           │   │   │   ├── vp9-03-size-210x200
│           │   │   │   ├── vp9-03-size-210x202
│           │   │   │   ├── vp9-03-size-210x208
│           │   │   │   ├── vp9-03-size-210x210
│           │   │   │   ├── vp9-03-size-210x224
│           │   │   │   ├── vp9-03-size-210x226
│           │   │   │   ├── vp9-03-size-224x196
│           │   │   │   ├── vp9-03-size-224x198
│           │   │   │   ├── vp9-03-size-224x200
│           │   │   │   ├── vp9-03-size-224x202
│           │   │   │   ├── vp9-03-size-224x208
│           │   │   │   ├── vp9-03-size-224x210
│           │   │   │   ├── vp9-03-size-224x224
│           │   │   │   ├── vp9-03-size-224x226
│           │   │   │   ├── vp9-03-size-226x196
│           │   │   │   ├── vp9-03-size-226x198
│           │   │   │   ├── vp9-03-size-226x200
│           │   │   │   ├── vp9-03-size-226x202
│           │   │   │   ├── vp9-03-size-226x208
│           │   │   │   ├── vp9-03-size-226x210
│           │   │   │   ├── vp9-03-size-226x224
│           │   │   │   ├── vp9-03-size-226x226
│           │   │   │   ├── vp9-05-resize
│           │   │   │   ├── vp9-06-bilinear
│           │   │   │   ├── vp9-09-lf_deltas
│           │   │   │   ├── vp9-10-show-existing-frame
│           │   │   │   ├── vp9-10-show-existing-frame2
│           │   │   │   ├── vp9-15-segkey_adpq
│           │   │   │   ├── vp9-16-intra-only
│           │   │   │   ├── vp9-2pass-akiyo
│           │   │   │   ├── vp9-encparams
│           │   │   │   ├── vp9-parallelmode-akiyo
│           │   │   │   ├── vp9-segmentation-aq-akiyo
│           │   │   │   ├── vp9-segmentation-sf-akiyo
│           │   │   │   ├── vp9-superframe-bsf
│           │   │   │   ├── vp9-tiling-pedestrian
│           │   │   │   ├── vp9-trac3849
│           │   │   │   ├── vp9-trac4359
│           │   │   │   ├── vp9p1-04-yuv422
│           │   │   │   ├── vp9p1-04-yuv440
│           │   │   │   ├── vp9p1-04-yuv444
│           │   │   │   ├── vp9p2-20-10bit-yuv420
│           │   │   │   ├── vp9p2-20-12bit-yuv420
│           │   │   │   ├── vp9p3-20-10bit-yuv422
│           │   │   │   ├── vp9p3-20-10bit-yuv440
│           │   │   │   ├── vp9p3-20-10bit-yuv444
│           │   │   │   ├── vp9p3-20-12bit-yuv422
│           │   │   │   ├── vp9p3-20-12bit-yuv440
│           │   │   │   ├── vp9p3-20-12bit-yuv444
│           │   │   │   ├── vqa-cc
│           │   │   │   ├── vqc
│           │   │   │   ├── vqf-demux
│           │   │   │   ├── vvc-conformance-10b422_L_5
│           │   │   │   ├── vvc-conformance-ACT_A_3
│           │   │   │   ├── vvc-conformance-APSALF_A_2
│           │   │   │   ├── vvc-conformance-APSLMCS_D_1
│           │   │   │   ├── vvc-conformance-APSMULT_A_4
│           │   │   │   ├── vvc-conformance-AUD_A_3
│           │   │   │   ├── vvc-conformance-BUMP_A_2
│           │   │   │   ├── vvc-conformance-CROP_B_4
│           │   │   │   ├── vvc-conformance-CodingToolsSets_A_2
│           │   │   │   ├── vvc-conformance-DCI_A_3
│           │   │   │   ├── vvc-conformance-FIELD_A_4
│           │   │   │   ├── vvc-conformance-HRD_A_3
│           │   │   │   ├── vvc-conformance-IBC_B_Tencent_2
│           │   │   │   ├── vvc-conformance-PHSH_B_1
│           │   │   │   ├── vvc-conformance-POC_A_1
│           │   │   │   ├── vvc-conformance-PPS_B_1
│           │   │   │   ├── vvc-conformance-RAP_A_1
│           │   │   │   ├── vvc-conformance-RPR_A_4
│           │   │   │   ├── vvc-conformance-SAO_A_3
│           │   │   │   ├── vvc-conformance-SCALING_A_1
│           │   │   │   ├── vvc-conformance-SLICES_A_3
│           │   │   │   ├── vvc-conformance-SPS_B_1
│           │   │   │   ├── vvc-conformance-STILL_B_1
│           │   │   │   ├── vvc-conformance-SUBPIC_A_3
│           │   │   │   ├── vvc-conformance-SUBPIC_C_ERICSSON_1
│           │   │   │   ├── vvc-conformance-TILE_A_2
│           │   │   │   ├── vvc-conformance-WPP_A_3
│           │   │   │   ├── vvc-conformance-WP_A_3
│           │   │   │   ├── vvc-conformance-WRAP_A_4
│           │   │   │   ├── vvc-frames-with-ltr
│           │   │   │   ├── vvc-output-ref
│           │   │   │   ├── vvc-wpp-single-slice-pic
│           │   │   │   ├── w64
│           │   │   │   ├── wav-ac3
│           │   │   │   ├── wav-chapters
│           │   │   │   ├── wavpack-channels-4.0
│           │   │   │   ├── wavpack-channels-5.1
│           │   │   │   ├── wavpack-channels-6.1
│           │   │   │   ├── wavpack-channels-7.1
│           │   │   │   ├── wavpack-channels-monofloat
│           │   │   │   ├── wavpack-channels-monoint
│           │   │   │   ├── wavpack-clipping
│           │   │   │   ├── wavpack-cuesheet
│           │   │   │   ├── wavpack-cuesheet-tags
│           │   │   │   ├── wavpack-falsestereo
│           │   │   │   ├── wavpack-lossless-12bit
│           │   │   │   ├── wavpack-lossless-16bit
│           │   │   │   ├── wavpack-lossless-24bit
│           │   │   │   ├── wavpack-lossless-32bit
│           │   │   │   ├── wavpack-lossless-8bit
│           │   │   │   ├── wavpack-lossless-dsd
│           │   │   │   ├── wavpack-lossless-float
│           │   │   │   ├── wavpack-lossy-16bit
│           │   │   │   ├── wavpack-lossy-24bit
│           │   │   │   ├── wavpack-lossy-32bit
│           │   │   │   ├── wavpack-lossy-8bit
│           │   │   │   ├── wavpack-lossy-float
│           │   │   │   ├── wavpack-matroskamode
│           │   │   │   ├── wavpack-speed-default
│           │   │   │   ├── wavpack-speed-fast
│           │   │   │   ├── wavpack-speed-high
│           │   │   │   ├── wavpack-speed-vhigh
│           │   │   │   ├── wavpack-zerolsbs
│           │   │   │   ├── wc3movie-xan
│           │   │   │   ├── webm-av1-extradata-update
│           │   │   │   ├── webm-dash-chapters
│           │   │   │   ├── webm-dash-manifest
│           │   │   │   ├── webm-dash-manifest-live
│           │   │   │   ├── webm-dash-manifest-live-bandwidth
│           │   │   │   ├── webm-dash-manifest-representations
│           │   │   │   ├── webm-dash-manifest-unaligned-audio-streams
│           │   │   │   ├── webm-dash-manifest-unaligned-video-streams
│           │   │   │   ├── webm-hdr10-plus-remux
│           │   │   │   ├── webm-webvtt-remux
│           │   │   │   ├── webp-rgb-lena-lossless
│           │   │   │   ├── webp-rgb-lena-lossless-rgb24
│           │   │   │   ├── webp-rgb-lossless
│           │   │   │   ├── webp-rgb-lossless-palette-predictor
│           │   │   │   ├── webp-rgb-lossy-q80
│           │   │   │   ├── webp-rgba-lossless
│           │   │   │   ├── webp-rgba-lossy-q80
│           │   │   │   ├── westwood-aud
│           │   │   │   ├── wmv3-drm-dec
│           │   │   │   ├── wmv3-drm-nodec
│           │   │   │   ├── wmv8-x8intra
│           │   │   │   ├── wnv1
│           │   │   │   ├── ws_snd
│           │   │   │   ├── wtv-demux
│           │   │   │   ├── xbm10
│           │   │   │   ├── xbm11
│           │   │   │   ├── xface
│           │   │   │   ├── xmv-demux
│           │   │   │   ├── xtea
│           │   │   │   ├── xvid-custom-matrix
│           │   │   │   ├── xvid-idct
│           │   │   │   ├── xwma-demux
│           │   │   │   ├── xxan-wc4
│           │   │   │   ├── yop
│           │   │   │   ├── zerocodec
│           │   │   │   ├── zlib
│           │   │   │   ├── zmbv-15bit
│           │   │   │   ├── zmbv-16bit
│           │   │   │   ├── zmbv-32bit
│           │   │   │   └── zmbv-8bit
│           │   │   ├── lavf
│           │   │   │   ├── aiff
│           │   │   │   ├── al
│           │   │   │   ├── apng
│           │   │   │   ├── apng.png
│           │   │   │   ├── asf
│           │   │   │   ├── ast
│           │   │   │   ├── au
│           │   │   │   ├── avi
│           │   │   │   ├── bmp
│           │   │   │   ├── caf
│           │   │   │   ├── dfpwm
│           │   │   │   ├── dpx
│           │   │   │   ├── drawvg.all
│           │   │   │   ├── drawvg.video
│           │   │   │   ├── dv
│           │   │   │   ├── dv_ntsc
│           │   │   │   ├── dv_pal
│           │   │   │   ├── flm
│           │   │   │   ├── flv
│           │   │   │   ├── gbrap.fits
│           │   │   │   ├── gbrap16be.fits
│           │   │   │   ├── gbrp.fits
│           │   │   │   ├── gbrp10le.dpx
│           │   │   │   ├── gbrp12le.dpx
│           │   │   │   ├── gbrp16be.fits
│           │   │   │   ├── gbrpf32be.pfm
│           │   │   │   ├── gbrpf32le.pfm
│           │   │   │   ├── gif
│           │   │   │   ├── gray.fits
│           │   │   │   ├── gray.pam
│           │   │   │   ├── gray.xwd
│           │   │   │   ├── gray16be.fits
│           │   │   │   ├── gray16be.pam
│           │   │   │   ├── gray16be.png
│           │   │   │   ├── grayf32be.pfm
│           │   │   │   ├── grayf32le.pfm
│           │   │   │   ├── gxf
│           │   │   │   ├── gxf_ntsc
│           │   │   │   ├── gxf_pal
│           │   │   │   ├── ircam
│           │   │   │   ├── ismv
│           │   │   │   ├── jpg
│           │   │   │   ├── mka
│           │   │   │   ├── mkv
│           │   │   │   ├── mkv_attachment
│           │   │   │   ├── mmf
│           │   │   │   ├── monob.pam
│           │   │   │   ├── monow.xwd
│           │   │   │   ├── mov
│           │   │   │   ├── mov_hybrid_frag
│           │   │   │   ├── mov_rtphint
│           │   │   │   ├── mp4
│           │   │   │   ├── mpg
│           │   │   │   ├── mxf
│           │   │   │   ├── mxf_d10
│           │   │   │   ├── mxf_dv25
│           │   │   │   ├── mxf_dvcpro100
│           │   │   │   ├── mxf_dvcpro50
│           │   │   │   ├── mxf_ffv1
│           │   │   │   ├── mxf_opatom
│           │   │   │   ├── mxf_opatom_audio
│           │   │   │   ├── none.gbrapf32le.exr
│           │   │   │   ├── none.gbrpf32le.exr
│           │   │   │   ├── none.grayf32le.exr
│           │   │   │   ├── nut
│           │   │   │   ├── ogg
│           │   │   │   ├── pam
│           │   │   │   ├── pbmpipe
│           │   │   │   ├── pcx
│           │   │   │   ├── peak.wav
│           │   │   │   ├── peak_only.wav
│           │   │   │   ├── pgm
│           │   │   │   ├── pgmpipe
│           │   │   │   ├── png
│           │   │   │   ├── ppm
│           │   │   │   ├── ppmpipe
│           │   │   │   ├── qoi
│           │   │   │   ├── qoipipe
│           │   │   │   ├── rgb48be.pam
│           │   │   │   ├── rgb48be.png
│           │   │   │   ├── rgb48le.dpx
│           │   │   │   ├── rgb48le_10.dpx
│           │   │   │   ├── rgb4_byte.xwd
│           │   │   │   ├── rgb555be.xwd
│           │   │   │   ├── rgb565be.xwd
│           │   │   │   ├── rgb8.xwd
│           │   │   │   ├── rgba.pam
│           │   │   │   ├── rgba.xwd
│           │   │   │   ├── rgba64le.dpx
│           │   │   │   ├── rle.gbrapf32le.exr
│           │   │   │   ├── rle.gbrpf32le.exr
│           │   │   │   ├── rle.grayf32le.exr
│           │   │   │   ├── rm
│           │   │   │   ├── rso
│           │   │   │   ├── s16.voc
│           │   │   │   ├── sgi
│           │   │   │   ├── smjpeg
│           │   │   │   ├── sox
│           │   │   │   ├── sun
│           │   │   │   ├── swf
│           │   │   │   ├── tga
│           │   │   │   ├── tiff
│           │   │   │   ├── ts
│           │   │   │   ├── tta
│           │   │   │   ├── ul
│           │   │   │   ├── voc
│           │   │   │   ├── w64
│           │   │   │   ├── wav
│           │   │   │   ├── wbmp
│           │   │   │   ├── wtv
│           │   │   │   ├── wv
│           │   │   │   ├── xbm
│           │   │   │   ├── xbmpipe
│           │   │   │   ├── xwd
│           │   │   │   ├── xwdpipe
│           │   │   │   ├── y4m
│           │   │   │   ├── zip1.gbrapf32le.exr
│           │   │   │   ├── zip1.gbrpf32le.exr
│           │   │   │   ├── zip1.grayf32le.exr
│           │   │   │   ├── zip16.gbrapf32le.exr
│           │   │   │   ├── zip16.gbrpf32le.exr
│           │   │   │   └── zip16.grayf32le.exr
│           │   │   ├── lavf-fate
│           │   │   │   ├── apv.mp4
│           │   │   │   ├── av1.mkv
│           │   │   │   ├── av1.mp4
│           │   │   │   ├── cram.avi
│           │   │   │   ├── evc.mp4
│           │   │   │   ├── h264.mp4
│           │   │   │   ├── hevc.flv
│           │   │   │   ├── hevc.mp4
│           │   │   │   ├── latm
│           │   │   │   ├── mp3
│           │   │   │   ├── mv_hevc.mov
│           │   │   │   ├── qtrle_mace6.mov
│           │   │   │   ├── vp3.ogg
│           │   │   │   ├── vp8.ogg
│           │   │   │   ├── vvc.mkv
│           │   │   │   └── vvc.mp4
│           │   │   ├── pixfmt
│           │   │   │   ├── bgr24
│           │   │   │   ├── gbrp-bgr24
│           │   │   │   ├── gbrp-gbrp10be
│           │   │   │   ├── gbrp-gbrp10le
│           │   │   │   ├── gbrp-gbrp12be
│           │   │   │   ├── gbrp-gbrp12le
│           │   │   │   ├── gbrp-gbrp16be
│           │   │   │   ├── gbrp-gbrp16le
│           │   │   │   ├── gbrp-gray
│           │   │   │   ├── gbrp-gray10be
│           │   │   │   ├── gbrp-gray10le
│           │   │   │   ├── gbrp-gray12be
│           │   │   │   ├── gbrp-gray12le
│           │   │   │   ├── gbrp-gray16be
│           │   │   │   ├── gbrp-gray16le
│           │   │   │   ├── gbrp-monob
│           │   │   │   ├── gbrp-monow
│           │   │   │   ├── gbrp-nv12
│           │   │   │   ├── gbrp-nv16
│           │   │   │   ├── gbrp-nv24
│           │   │   │   ├── gbrp-p010be
│           │   │   │   ├── gbrp-p010le
│           │   │   │   ├── gbrp-p012be
│           │   │   │   ├── gbrp-p012le
│           │   │   │   ├── gbrp-p016be
│           │   │   │   ├── gbrp-p016le
│           │   │   │   ├── gbrp-p210be
│           │   │   │   ├── gbrp-p210le
│           │   │   │   ├── gbrp-p212be
│           │   │   │   ├── gbrp-p212le
│           │   │   │   ├── gbrp-p216be
│           │   │   │   ├── gbrp-p216le
│           │   │   │   ├── gbrp-p410be
│           │   │   │   ├── gbrp-p410le
│           │   │   │   ├── gbrp-p412be
│           │   │   │   ├── gbrp-p412le
│           │   │   │   ├── gbrp-p416be
│           │   │   │   ├── gbrp-p416le
│           │   │   │   ├── gbrp-rgb24
│           │   │   │   ├── gbrp-rgb32
│           │   │   │   ├── gbrp-rgb48
│           │   │   │   ├── gbrp-rgb555
│           │   │   │   ├── gbrp-rgb565
│           │   │   │   ├── gbrp-uyvy422
│           │   │   │   ├── gbrp-v30xle
│           │   │   │   ├── gbrp-vuyx
│           │   │   │   ├── gbrp-vyu444
│           │   │   │   ├── gbrp-x2bgr10le
│           │   │   │   ├── gbrp-x2rgb10le
│           │   │   │   ├── gbrp-xv30le
│           │   │   │   ├── gbrp-xv36be
│           │   │   │   ├── gbrp-xv36le
│           │   │   │   ├── gbrp-xv48be
│           │   │   │   ├── gbrp-xv48le
│           │   │   │   ├── gbrp-xyz12le
│           │   │   │   ├── gbrp-y210le
│           │   │   │   ├── gbrp-y212le
│           │   │   │   ├── gbrp-y216le
│           │   │   │   ├── gbrp-yuv410p
│           │   │   │   ├── gbrp-yuv411p
│           │   │   │   ├── gbrp-yuv420p
│           │   │   │   ├── gbrp-yuv420p10be
│           │   │   │   ├── gbrp-yuv420p10le
│           │   │   │   ├── gbrp-yuv420p12be
│           │   │   │   ├── gbrp-yuv420p12le
│           │   │   │   ├── gbrp-yuv420p16be
│           │   │   │   ├── gbrp-yuv420p16le
│           │   │   │   ├── gbrp-yuv422p
│           │   │   │   ├── gbrp-yuv422p10be
│           │   │   │   ├── gbrp-yuv422p10le
│           │   │   │   ├── gbrp-yuv422p12be
│           │   │   │   ├── gbrp-yuv422p12le
│           │   │   │   ├── gbrp-yuv422p16be
│           │   │   │   ├── gbrp-yuv422p16le
│           │   │   │   ├── gbrp-yuv440p
│           │   │   │   ├── gbrp-yuv440p10be
│           │   │   │   ├── gbrp-yuv440p10le
│           │   │   │   ├── gbrp-yuv440p12be
│           │   │   │   ├── gbrp-yuv440p12le
│           │   │   │   ├── gbrp-yuv444p
│           │   │   │   ├── gbrp-yuv444p10be
│           │   │   │   ├── gbrp-yuv444p10le
│           │   │   │   ├── gbrp-yuv444p10msbbe
│           │   │   │   ├── gbrp-yuv444p10msble
│           │   │   │   ├── gbrp-yuv444p12be
│           │   │   │   ├── gbrp-yuv444p12le
│           │   │   │   ├── gbrp-yuv444p12msbbe
│           │   │   │   ├── gbrp-yuv444p12msble
│           │   │   │   ├── gbrp-yuv444p16be
│           │   │   │   ├── gbrp-yuv444p16le
│           │   │   │   ├── gbrp-yuvj420p
│           │   │   │   ├── gbrp-yuvj422p
│           │   │   │   ├── gbrp-yuvj440p
│           │   │   │   ├── gbrp-yuvj444p
│           │   │   │   ├── gbrp-yuyv422
│           │   │   │   ├── gbrp-yvyu422
│           │   │   │   ├── gbrp10-bgr24
│           │   │   │   ├── gbrp10-gbrp10be
│           │   │   │   ├── gbrp10-gbrp10le
│           │   │   │   ├── gbrp10-gbrp12be
│           │   │   │   ├── gbrp10-gbrp12le
│           │   │   │   ├── gbrp10-gbrp16be
│           │   │   │   ├── gbrp10-gbrp16le
│           │   │   │   ├── gbrp10-gray
│           │   │   │   ├── gbrp10-gray10be
│           │   │   │   ├── gbrp10-gray10le
│           │   │   │   ├── gbrp10-gray12be
│           │   │   │   ├── gbrp10-gray12le
│           │   │   │   ├── gbrp10-gray16be
│           │   │   │   ├── gbrp10-gray16le
│           │   │   │   ├── gbrp10-monob
│           │   │   │   ├── gbrp10-monow
│           │   │   │   ├── gbrp10-nv12
│           │   │   │   ├── gbrp10-nv16
│           │   │   │   ├── gbrp10-nv24
│           │   │   │   ├── gbrp10-p010be
│           │   │   │   ├── gbrp10-p010le
│           │   │   │   ├── gbrp10-p012be
│           │   │   │   ├── gbrp10-p012le
│           │   │   │   ├── gbrp10-p016be
│           │   │   │   ├── gbrp10-p016le
│           │   │   │   ├── gbrp10-p210be
│           │   │   │   ├── gbrp10-p210le
│           │   │   │   ├── gbrp10-p212be
│           │   │   │   ├── gbrp10-p212le
│           │   │   │   ├── gbrp10-p216be
│           │   │   │   ├── gbrp10-p216le
│           │   │   │   ├── gbrp10-p410be
│           │   │   │   ├── gbrp10-p410le
│           │   │   │   ├── gbrp10-p412be
│           │   │   │   ├── gbrp10-p412le
│           │   │   │   ├── gbrp10-p416be
│           │   │   │   ├── gbrp10-p416le
│           │   │   │   ├── gbrp10-rgb24
│           │   │   │   ├── gbrp10-rgb32
│           │   │   │   ├── gbrp10-rgb48
│           │   │   │   ├── gbrp10-rgb555
│           │   │   │   ├── gbrp10-rgb565
│           │   │   │   ├── gbrp10-uyvy422
│           │   │   │   ├── gbrp10-v30xle
│           │   │   │   ├── gbrp10-vuyx
│           │   │   │   ├── gbrp10-vyu444
│           │   │   │   ├── gbrp10-x2bgr10le
│           │   │   │   ├── gbrp10-x2rgb10le
│           │   │   │   ├── gbrp10-xv30le
│           │   │   │   ├── gbrp10-xv36be
│           │   │   │   ├── gbrp10-xv36le
│           │   │   │   ├── gbrp10-xv48be
│           │   │   │   ├── gbrp10-xv48le
│           │   │   │   ├── gbrp10-xyz12le
│           │   │   │   ├── gbrp10-y210le
│           │   │   │   ├── gbrp10-y212le
│           │   │   │   ├── gbrp10-y216le
│           │   │   │   ├── gbrp10-yuv410p
│           │   │   │   ├── gbrp10-yuv411p
│           │   │   │   ├── gbrp10-yuv420p
│           │   │   │   ├── gbrp10-yuv420p10be
│           │   │   │   ├── gbrp10-yuv420p10le
│           │   │   │   ├── gbrp10-yuv420p12be
│           │   │   │   ├── gbrp10-yuv420p12le
│           │   │   │   ├── gbrp10-yuv420p16be
│           │   │   │   ├── gbrp10-yuv420p16le
│           │   │   │   ├── gbrp10-yuv422p
│           │   │   │   ├── gbrp10-yuv422p10be
│           │   │   │   ├── gbrp10-yuv422p10le
│           │   │   │   ├── gbrp10-yuv422p12be
│           │   │   │   ├── gbrp10-yuv422p12le
│           │   │   │   ├── gbrp10-yuv422p16be
│           │   │   │   ├── gbrp10-yuv422p16le
│           │   │   │   ├── gbrp10-yuv440p
│           │   │   │   ├── gbrp10-yuv440p10be
│           │   │   │   ├── gbrp10-yuv440p10le
│           │   │   │   ├── gbrp10-yuv440p12be
│           │   │   │   ├── gbrp10-yuv440p12le
│           │   │   │   ├── gbrp10-yuv444p
│           │   │   │   ├── gbrp10-yuv444p10be
│           │   │   │   ├── gbrp10-yuv444p10le
│           │   │   │   ├── gbrp10-yuv444p10msbbe
│           │   │   │   ├── gbrp10-yuv444p10msble
│           │   │   │   ├── gbrp10-yuv444p12be
│           │   │   │   ├── gbrp10-yuv444p12le
│           │   │   │   ├── gbrp10-yuv444p12msbbe
│           │   │   │   ├── gbrp10-yuv444p12msble
│           │   │   │   ├── gbrp10-yuv444p16be
│           │   │   │   ├── gbrp10-yuv444p16le
│           │   │   │   ├── gbrp10-yuvj420p
│           │   │   │   ├── gbrp10-yuvj422p
│           │   │   │   ├── gbrp10-yuvj440p
│           │   │   │   ├── gbrp10-yuvj444p
│           │   │   │   ├── gbrp10-yuyv422
│           │   │   │   ├── gbrp10-yvyu422
│           │   │   │   ├── gbrp12-bgr24
│           │   │   │   ├── gbrp12-gbrp10be
│           │   │   │   ├── gbrp12-gbrp10le
│           │   │   │   ├── gbrp12-gbrp12be
│           │   │   │   ├── gbrp12-gbrp12le
│           │   │   │   ├── gbrp12-gbrp16be
│           │   │   │   ├── gbrp12-gbrp16le
│           │   │   │   ├── gbrp12-gray
│           │   │   │   ├── gbrp12-gray10be
│           │   │   │   ├── gbrp12-gray10le
│           │   │   │   ├── gbrp12-gray12be
│           │   │   │   ├── gbrp12-gray12le
│           │   │   │   ├── gbrp12-gray16be
│           │   │   │   ├── gbrp12-gray16le
│           │   │   │   ├── gbrp12-monob
│           │   │   │   ├── gbrp12-monow
│           │   │   │   ├── gbrp12-nv12
│           │   │   │   ├── gbrp12-nv16
│           │   │   │   ├── gbrp12-nv24
│           │   │   │   ├── gbrp12-p010be
│           │   │   │   ├── gbrp12-p010le
│           │   │   │   ├── gbrp12-p012be
│           │   │   │   ├── gbrp12-p012le
│           │   │   │   ├── gbrp12-p016be
│           │   │   │   ├── gbrp12-p016le
│           │   │   │   ├── gbrp12-p210be
│           │   │   │   ├── gbrp12-p210le
│           │   │   │   ├── gbrp12-p212be
│           │   │   │   ├── gbrp12-p212le
│           │   │   │   ├── gbrp12-p216be
│           │   │   │   ├── gbrp12-p216le
│           │   │   │   ├── gbrp12-p410be
│           │   │   │   ├── gbrp12-p410le
│           │   │   │   ├── gbrp12-p412be
│           │   │   │   ├── gbrp12-p412le
│           │   │   │   ├── gbrp12-p416be
│           │   │   │   ├── gbrp12-p416le
│           │   │   │   ├── gbrp12-rgb24
│           │   │   │   ├── gbrp12-rgb32
│           │   │   │   ├── gbrp12-rgb48
│           │   │   │   ├── gbrp12-rgb555
│           │   │   │   ├── gbrp12-rgb565
│           │   │   │   ├── gbrp12-uyvy422
│           │   │   │   ├── gbrp12-v30xle
│           │   │   │   ├── gbrp12-vuyx
│           │   │   │   ├── gbrp12-vyu444
│           │   │   │   ├── gbrp12-x2bgr10le
│           │   │   │   ├── gbrp12-x2rgb10le
│           │   │   │   ├── gbrp12-xv30le
│           │   │   │   ├── gbrp12-xv36be
│           │   │   │   ├── gbrp12-xv36le
│           │   │   │   ├── gbrp12-xv48be
│           │   │   │   ├── gbrp12-xv48le
│           │   │   │   ├── gbrp12-xyz12le
│           │   │   │   ├── gbrp12-y210le
│           │   │   │   ├── gbrp12-y212le
│           │   │   │   ├── gbrp12-y216le
│           │   │   │   ├── gbrp12-yuv410p
│           │   │   │   ├── gbrp12-yuv411p
│           │   │   │   ├── gbrp12-yuv420p
│           │   │   │   ├── gbrp12-yuv420p10be
│           │   │   │   ├── gbrp12-yuv420p10le
│           │   │   │   ├── gbrp12-yuv420p12be
│           │   │   │   ├── gbrp12-yuv420p12le
│           │   │   │   ├── gbrp12-yuv420p16be
│           │   │   │   ├── gbrp12-yuv420p16le
│           │   │   │   ├── gbrp12-yuv422p
│           │   │   │   ├── gbrp12-yuv422p10be
│           │   │   │   ├── gbrp12-yuv422p10le
│           │   │   │   ├── gbrp12-yuv422p12be
│           │   │   │   ├── gbrp12-yuv422p12le
│           │   │   │   ├── gbrp12-yuv422p16be
│           │   │   │   ├── gbrp12-yuv422p16le
│           │   │   │   ├── gbrp12-yuv440p
│           │   │   │   ├── gbrp12-yuv440p10be
│           │   │   │   ├── gbrp12-yuv440p10le
│           │   │   │   ├── gbrp12-yuv440p12be
│           │   │   │   ├── gbrp12-yuv440p12le
│           │   │   │   ├── gbrp12-yuv444p
│           │   │   │   ├── gbrp12-yuv444p10be
│           │   │   │   ├── gbrp12-yuv444p10le
│           │   │   │   ├── gbrp12-yuv444p10msbbe
│           │   │   │   ├── gbrp12-yuv444p10msble
│           │   │   │   ├── gbrp12-yuv444p12be
│           │   │   │   ├── gbrp12-yuv444p12le
│           │   │   │   ├── gbrp12-yuv444p12msbbe
│           │   │   │   ├── gbrp12-yuv444p12msble
│           │   │   │   ├── gbrp12-yuv444p16be
│           │   │   │   ├── gbrp12-yuv444p16le
│           │   │   │   ├── gbrp12-yuvj420p
│           │   │   │   ├── gbrp12-yuvj422p
│           │   │   │   ├── gbrp12-yuvj440p
│           │   │   │   ├── gbrp12-yuvj444p
│           │   │   │   ├── gbrp12-yuyv422
│           │   │   │   ├── gbrp12-yvyu422
│           │   │   │   ├── gbrp16-gbrp16be
│           │   │   │   ├── gbrp16-gbrp16le
│           │   │   │   ├── gbrp16-gray16be
│           │   │   │   ├── gbrp16-gray16le
│           │   │   │   ├── gbrp16-p016be
│           │   │   │   ├── gbrp16-p016le
│           │   │   │   ├── gbrp16-p216be
│           │   │   │   ├── gbrp16-p216le
│           │   │   │   ├── gbrp16-p416be
│           │   │   │   ├── gbrp16-p416le
│           │   │   │   ├── gbrp16-rgb48
│           │   │   │   ├── gbrp16-xv48be
│           │   │   │   ├── gbrp16-xv48le
│           │   │   │   ├── gbrp16-y216le
│           │   │   │   ├── gbrp16-yuv420p16be
│           │   │   │   ├── gbrp16-yuv420p16le
│           │   │   │   ├── gbrp16-yuv422p16be
│           │   │   │   ├── gbrp16-yuv422p16le
│           │   │   │   ├── gbrp16-yuv444p16be
│           │   │   │   ├── gbrp16-yuv444p16le
│           │   │   │   ├── gray
│           │   │   │   ├── monob
│           │   │   │   ├── monow
│           │   │   │   ├── nv12
│           │   │   │   ├── nv16
│           │   │   │   ├── nv24
│           │   │   │   ├── nv24-bgr24
│           │   │   │   ├── nv24-gbrp10be
│           │   │   │   ├── nv24-gbrp10le
│           │   │   │   ├── nv24-gbrp12be
│           │   │   │   ├── nv24-gbrp12le
│           │   │   │   ├── nv24-gbrp16be
│           │   │   │   ├── nv24-gbrp16le
│           │   │   │   ├── nv24-gray
│           │   │   │   ├── nv24-gray10be
│           │   │   │   ├── nv24-gray10le
│           │   │   │   ├── nv24-gray12be
│           │   │   │   ├── nv24-gray12le
│           │   │   │   ├── nv24-gray16be
│           │   │   │   ├── nv24-gray16le
│           │   │   │   ├── nv24-monob
│           │   │   │   ├── nv24-monow
│           │   │   │   ├── nv24-nv12
│           │   │   │   ├── nv24-nv16
│           │   │   │   ├── nv24-nv24
│           │   │   │   ├── nv24-p010be
│           │   │   │   ├── nv24-p010le
│           │   │   │   ├── nv24-p012be
│           │   │   │   ├── nv24-p012le
│           │   │   │   ├── nv24-p016be
│           │   │   │   ├── nv24-p016le
│           │   │   │   ├── nv24-p210be
│           │   │   │   ├── nv24-p210le
│           │   │   │   ├── nv24-p212be
│           │   │   │   ├── nv24-p212le
│           │   │   │   ├── nv24-p216be
│           │   │   │   ├── nv24-p216le
│           │   │   │   ├── nv24-p410be
│           │   │   │   ├── nv24-p410le
│           │   │   │   ├── nv24-p412be
│           │   │   │   ├── nv24-p412le
│           │   │   │   ├── nv24-p416be
│           │   │   │   ├── nv24-p416le
│           │   │   │   ├── nv24-rgb24
│           │   │   │   ├── nv24-rgb32
│           │   │   │   ├── nv24-rgb48
│           │   │   │   ├── nv24-rgb555
│           │   │   │   ├── nv24-rgb565
│           │   │   │   ├── nv24-uyvy422
│           │   │   │   ├── nv24-v30xle
│           │   │   │   ├── nv24-vuyx
│           │   │   │   ├── nv24-vyu444
│           │   │   │   ├── nv24-x2bgr10le
│           │   │   │   ├── nv24-x2rgb10le
│           │   │   │   ├── nv24-xv30le
│           │   │   │   ├── nv24-xv36be
│           │   │   │   ├── nv24-xv36le
│           │   │   │   ├── nv24-xv48be
│           │   │   │   ├── nv24-xv48le
│           │   │   │   ├── nv24-xyz12le
│           │   │   │   ├── nv24-y210le
│           │   │   │   ├── nv24-y212le
│           │   │   │   ├── nv24-y216le
│           │   │   │   ├── nv24-yuv410p
│           │   │   │   ├── nv24-yuv411p
│           │   │   │   ├── nv24-yuv420p
│           │   │   │   ├── nv24-yuv420p10be
│           │   │   │   ├── nv24-yuv420p10le
│           │   │   │   ├── nv24-yuv420p12be
│           │   │   │   ├── nv24-yuv420p12le
│           │   │   │   ├── nv24-yuv420p16be
│           │   │   │   ├── nv24-yuv420p16le
│           │   │   │   ├── nv24-yuv422p
│           │   │   │   ├── nv24-yuv422p10be
│           │   │   │   ├── nv24-yuv422p10le
│           │   │   │   ├── nv24-yuv422p12be
│           │   │   │   ├── nv24-yuv422p12le
│           │   │   │   ├── nv24-yuv422p16be
│           │   │   │   ├── nv24-yuv422p16le
│           │   │   │   ├── nv24-yuv440p
│           │   │   │   ├── nv24-yuv440p10be
│           │   │   │   ├── nv24-yuv440p10le
│           │   │   │   ├── nv24-yuv440p12be
│           │   │   │   ├── nv24-yuv440p12le
│           │   │   │   ├── nv24-yuv444p
│           │   │   │   ├── nv24-yuv444p10be
│           │   │   │   ├── nv24-yuv444p10le
│           │   │   │   ├── nv24-yuv444p10msbbe
│           │   │   │   ├── nv24-yuv444p10msble
│           │   │   │   ├── nv24-yuv444p12be
│           │   │   │   ├── nv24-yuv444p12le
│           │   │   │   ├── nv24-yuv444p12msbbe
│           │   │   │   ├── nv24-yuv444p12msble
│           │   │   │   ├── nv24-yuv444p16be
│           │   │   │   ├── nv24-yuv444p16le
│           │   │   │   ├── nv24-yuvj420p
│           │   │   │   ├── nv24-yuvj422p
│           │   │   │   ├── nv24-yuvj440p
│           │   │   │   ├── nv24-yuvj444p
│           │   │   │   ├── nv24-yuyv422
│           │   │   │   ├── nv24-yvyu422
│           │   │   │   ├── p410-bgr24
│           │   │   │   ├── p410-gbrp10be
│           │   │   │   ├── p410-gbrp10le
│           │   │   │   ├── p410-gbrp12be
│           │   │   │   ├── p410-gbrp12le
│           │   │   │   ├── p410-gbrp16be
│           │   │   │   ├── p410-gbrp16le
│           │   │   │   ├── p410-gray
│           │   │   │   ├── p410-gray10be
│           │   │   │   ├── p410-gray10le
│           │   │   │   ├── p410-gray12be
│           │   │   │   ├── p410-gray12le
│           │   │   │   ├── p410-gray16be
│           │   │   │   ├── p410-gray16le
│           │   │   │   ├── p410-monob
│           │   │   │   ├── p410-monow
│           │   │   │   ├── p410-nv12
│           │   │   │   ├── p410-nv16
│           │   │   │   ├── p410-nv24
│           │   │   │   ├── p410-p010be
│           │   │   │   ├── p410-p010le
│           │   │   │   ├── p410-p012be
│           │   │   │   ├── p410-p012le
│           │   │   │   ├── p410-p016be
│           │   │   │   ├── p410-p016le
│           │   │   │   ├── p410-p210be
│           │   │   │   ├── p410-p210le
│           │   │   │   ├── p410-p212be
│           │   │   │   ├── p410-p212le
│           │   │   │   ├── p410-p216be
│           │   │   │   ├── p410-p216le
│           │   │   │   ├── p410-p410be
│           │   │   │   ├── p410-p410le
│           │   │   │   ├── p410-p412be
│           │   │   │   ├── p410-p412le
│           │   │   │   ├── p410-p416be
│           │   │   │   ├── p410-p416le
│           │   │   │   ├── p410-rgb24
│           │   │   │   ├── p410-rgb32
│           │   │   │   ├── p410-rgb48
│           │   │   │   ├── p410-rgb555
│           │   │   │   ├── p410-rgb565
│           │   │   │   ├── p410-uyvy422
│           │   │   │   ├── p410-v30xle
│           │   │   │   ├── p410-vuyx
│           │   │   │   ├── p410-vyu444
│           │   │   │   ├── p410-x2bgr10le
│           │   │   │   ├── p410-x2rgb10le
│           │   │   │   ├── p410-xv30le
│           │   │   │   ├── p410-xv36be
│           │   │   │   ├── p410-xv36le
│           │   │   │   ├── p410-xv48be
│           │   │   │   ├── p410-xv48le
│           │   │   │   ├── p410-xyz12le
│           │   │   │   ├── p410-y210le
│           │   │   │   ├── p410-y212le
│           │   │   │   ├── p410-y216le
│           │   │   │   ├── p410-yuv410p
│           │   │   │   ├── p410-yuv411p
│           │   │   │   ├── p410-yuv420p
│           │   │   │   ├── p410-yuv420p10be
│           │   │   │   ├── p410-yuv420p10le
│           │   │   │   ├── p410-yuv420p12be
│           │   │   │   ├── p410-yuv420p12le
│           │   │   │   ├── p410-yuv420p16be
│           │   │   │   ├── p410-yuv420p16le
│           │   │   │   ├── p410-yuv422p
│           │   │   │   ├── p410-yuv422p10be
│           │   │   │   ├── p410-yuv422p10le
│           │   │   │   ├── p410-yuv422p12be
│           │   │   │   ├── p410-yuv422p12le
│           │   │   │   ├── p410-yuv422p16be
│           │   │   │   ├── p410-yuv422p16le
│           │   │   │   ├── p410-yuv440p
│           │   │   │   ├── p410-yuv440p10be
│           │   │   │   ├── p410-yuv440p10le
│           │   │   │   ├── p410-yuv440p12be
│           │   │   │   ├── p410-yuv440p12le
│           │   │   │   ├── p410-yuv444p
│           │   │   │   ├── p410-yuv444p10be
│           │   │   │   ├── p410-yuv444p10le
│           │   │   │   ├── p410-yuv444p10msbbe
│           │   │   │   ├── p410-yuv444p10msble
│           │   │   │   ├── p410-yuv444p12be
│           │   │   │   ├── p410-yuv444p12le
│           │   │   │   ├── p410-yuv444p12msbbe
│           │   │   │   ├── p410-yuv444p12msble
│           │   │   │   ├── p410-yuv444p16be
│           │   │   │   ├── p410-yuv444p16le
│           │   │   │   ├── p410-yuvj420p
│           │   │   │   ├── p410-yuvj422p
│           │   │   │   ├── p410-yuvj440p
│           │   │   │   ├── p410-yuvj444p
│           │   │   │   ├── p410-yuyv422
│           │   │   │   ├── p410-yvyu422
│           │   │   │   ├── p412-bgr24
│           │   │   │   ├── p412-gbrp10be
│           │   │   │   ├── p412-gbrp10le
│           │   │   │   ├── p412-gbrp12be
│           │   │   │   ├── p412-gbrp12le
│           │   │   │   ├── p412-gbrp16be
│           │   │   │   ├── p412-gbrp16le
│           │   │   │   ├── p412-gray
│           │   │   │   ├── p412-gray10be
│           │   │   │   ├── p412-gray10le
│           │   │   │   ├── p412-gray12be
│           │   │   │   ├── p412-gray12le
│           │   │   │   ├── p412-gray16be
│           │   │   │   ├── p412-gray16le
│           │   │   │   ├── p412-monob
│           │   │   │   ├── p412-monow
│           │   │   │   ├── p412-nv12
│           │   │   │   ├── p412-nv16
│           │   │   │   ├── p412-nv24
│           │   │   │   ├── p412-p010be
│           │   │   │   ├── p412-p010le
│           │   │   │   ├── p412-p012be
│           │   │   │   ├── p412-p012le
│           │   │   │   ├── p412-p016be
│           │   │   │   ├── p412-p016le
│           │   │   │   ├── p412-p210be
│           │   │   │   ├── p412-p210le
│           │   │   │   ├── p412-p212be
│           │   │   │   ├── p412-p212le
│           │   │   │   ├── p412-p216be
│           │   │   │   ├── p412-p216le
│           │   │   │   ├── p412-p410be
│           │   │   │   ├── p412-p410le
│           │   │   │   ├── p412-p412be
│           │   │   │   ├── p412-p412le
│           │   │   │   ├── p412-p416be
│           │   │   │   ├── p412-p416le
│           │   │   │   ├── p412-rgb24
│           │   │   │   ├── p412-rgb32
│           │   │   │   ├── p412-rgb48
│           │   │   │   ├── p412-rgb555
│           │   │   │   ├── p412-rgb565
│           │   │   │   ├── p412-uyvy422
│           │   │   │   ├── p412-v30xle
│           │   │   │   ├── p412-vuyx
│           │   │   │   ├── p412-vyu444
│           │   │   │   ├── p412-x2bgr10le
│           │   │   │   ├── p412-x2rgb10le
│           │   │   │   ├── p412-xv30le
│           │   │   │   ├── p412-xv36be
│           │   │   │   ├── p412-xv36le
│           │   │   │   ├── p412-xv48be
│           │   │   │   ├── p412-xv48le
│           │   │   │   ├── p412-xyz12le
│           │   │   │   ├── p412-y210le
│           │   │   │   ├── p412-y212le
│           │   │   │   ├── p412-y216le
│           │   │   │   ├── p412-yuv410p
│           │   │   │   ├── p412-yuv411p
│           │   │   │   ├── p412-yuv420p
│           │   │   │   ├── p412-yuv420p10be
│           │   │   │   ├── p412-yuv420p10le
│           │   │   │   ├── p412-yuv420p12be
│           │   │   │   ├── p412-yuv420p12le
│           │   │   │   ├── p412-yuv420p16be
│           │   │   │   ├── p412-yuv420p16le
│           │   │   │   ├── p412-yuv422p
│           │   │   │   ├── p412-yuv422p10be
│           │   │   │   ├── p412-yuv422p10le
│           │   │   │   ├── p412-yuv422p12be
│           │   │   │   ├── p412-yuv422p12le
│           │   │   │   ├── p412-yuv422p16be
│           │   │   │   ├── p412-yuv422p16le
│           │   │   │   ├── p412-yuv440p
│           │   │   │   ├── p412-yuv440p10be
│           │   │   │   ├── p412-yuv440p10le
│           │   │   │   ├── p412-yuv440p12be
│           │   │   │   ├── p412-yuv440p12le
│           │   │   │   ├── p412-yuv444p
│           │   │   │   ├── p412-yuv444p10be
│           │   │   │   ├── p412-yuv444p10le
│           │   │   │   ├── p412-yuv444p10msbbe
│           │   │   │   ├── p412-yuv444p10msble
│           │   │   │   ├── p412-yuv444p12be
│           │   │   │   ├── p412-yuv444p12le
│           │   │   │   ├── p412-yuv444p12msbbe
│           │   │   │   ├── p412-yuv444p12msble
│           │   │   │   ├── p412-yuv444p16be
│           │   │   │   ├── p412-yuv444p16le
│           │   │   │   ├── p412-yuvj420p
│           │   │   │   ├── p412-yuvj422p
│           │   │   │   ├── p412-yuvj440p
│           │   │   │   ├── p412-yuvj444p
│           │   │   │   ├── p412-yuyv422
│           │   │   │   ├── p412-yvyu422
│           │   │   │   ├── p416-gbrp16be
│           │   │   │   ├── p416-gbrp16le
│           │   │   │   ├── p416-gray16be
│           │   │   │   ├── p416-gray16le
│           │   │   │   ├── p416-p016be
│           │   │   │   ├── p416-p016le
│           │   │   │   ├── p416-p216be
│           │   │   │   ├── p416-p216le
│           │   │   │   ├── p416-p416be
│           │   │   │   ├── p416-p416le
│           │   │   │   ├── p416-rgb48
│           │   │   │   ├── p416-xv48be
│           │   │   │   ├── p416-xv48le
│           │   │   │   ├── p416-y216le
│           │   │   │   ├── p416-yuv420p16be
│           │   │   │   ├── p416-yuv420p16le
│           │   │   │   ├── p416-yuv422p16be
│           │   │   │   ├── p416-yuv422p16le
│           │   │   │   ├── p416-yuv444p16be
│           │   │   │   ├── p416-yuv444p16le
│           │   │   │   ├── rgb24
│           │   │   │   ├── rgb24-bgr24
│           │   │   │   ├── rgb24-gbrp10be
│           │   │   │   ├── rgb24-gbrp10le
│           │   │   │   ├── rgb24-gbrp12be
│           │   │   │   ├── rgb24-gbrp12le
│           │   │   │   ├── rgb24-gbrp16be
│           │   │   │   ├── rgb24-gbrp16le
│           │   │   │   ├── rgb24-gray
│           │   │   │   ├── rgb24-gray10be
│           │   │   │   ├── rgb24-gray10le
│           │   │   │   ├── rgb24-gray12be
│           │   │   │   ├── rgb24-gray12le
│           │   │   │   ├── rgb24-gray16be
│           │   │   │   ├── rgb24-gray16le
│           │   │   │   ├── rgb24-monob
│           │   │   │   ├── rgb24-monow
│           │   │   │   ├── rgb24-nv12
│           │   │   │   ├── rgb24-nv16
│           │   │   │   ├── rgb24-nv24
│           │   │   │   ├── rgb24-p010be
│           │   │   │   ├── rgb24-p010le
│           │   │   │   ├── rgb24-p012be
│           │   │   │   ├── rgb24-p012le
│           │   │   │   ├── rgb24-p016be
│           │   │   │   ├── rgb24-p016le
│           │   │   │   ├── rgb24-p210be
│           │   │   │   ├── rgb24-p210le
│           │   │   │   ├── rgb24-p212be
│           │   │   │   ├── rgb24-p212le
│           │   │   │   ├── rgb24-p216be
│           │   │   │   ├── rgb24-p216le
│           │   │   │   ├── rgb24-p410be
│           │   │   │   ├── rgb24-p410le
│           │   │   │   ├── rgb24-p412be
│           │   │   │   ├── rgb24-p412le
│           │   │   │   ├── rgb24-p416be
│           │   │   │   ├── rgb24-p416le
│           │   │   │   ├── rgb24-rgb24
│           │   │   │   ├── rgb24-rgb32
│           │   │   │   ├── rgb24-rgb48
│           │   │   │   ├── rgb24-rgb555
│           │   │   │   ├── rgb24-rgb565
│           │   │   │   ├── rgb24-uyvy422
│           │   │   │   ├── rgb24-v30xle
│           │   │   │   ├── rgb24-vuyx
│           │   │   │   ├── rgb24-vyu444
│           │   │   │   ├── rgb24-x2bgr10le
│           │   │   │   ├── rgb24-x2rgb10le
│           │   │   │   ├── rgb24-xv30le
│           │   │   │   ├── rgb24-xv36be
│           │   │   │   ├── rgb24-xv36le
│           │   │   │   ├── rgb24-xv48be
│           │   │   │   ├── rgb24-xv48le
│           │   │   │   ├── rgb24-xyz12le
│           │   │   │   ├── rgb24-y210le
│           │   │   │   ├── rgb24-y212le
│           │   │   │   ├── rgb24-y216le
│           │   │   │   ├── rgb24-yuv410p
│           │   │   │   ├── rgb24-yuv411p
│           │   │   │   ├── rgb24-yuv420p
│           │   │   │   ├── rgb24-yuv420p10be
│           │   │   │   ├── rgb24-yuv420p10le
│           │   │   │   ├── rgb24-yuv420p12be
│           │   │   │   ├── rgb24-yuv420p12le
│           │   │   │   ├── rgb24-yuv420p16be
│           │   │   │   ├── rgb24-yuv420p16le
│           │   │   │   ├── rgb24-yuv422p
│           │   │   │   ├── rgb24-yuv422p10be
│           │   │   │   ├── rgb24-yuv422p10le
│           │   │   │   ├── rgb24-yuv422p12be
│           │   │   │   ├── rgb24-yuv422p12le
│           │   │   │   ├── rgb24-yuv422p16be
│           │   │   │   ├── rgb24-yuv422p16le
│           │   │   │   ├── rgb24-yuv440p
│           │   │   │   ├── rgb24-yuv440p10be
│           │   │   │   ├── rgb24-yuv440p10le
│           │   │   │   ├── rgb24-yuv440p12be
│           │   │   │   ├── rgb24-yuv440p12le
│           │   │   │   ├── rgb24-yuv444p
│           │   │   │   ├── rgb24-yuv444p10be
│           │   │   │   ├── rgb24-yuv444p10le
│           │   │   │   ├── rgb24-yuv444p10msbbe
│           │   │   │   ├── rgb24-yuv444p10msble
│           │   │   │   ├── rgb24-yuv444p12be
│           │   │   │   ├── rgb24-yuv444p12le
│           │   │   │   ├── rgb24-yuv444p12msbbe
│           │   │   │   ├── rgb24-yuv444p12msble
│           │   │   │   ├── rgb24-yuv444p16be
│           │   │   │   ├── rgb24-yuv444p16le
│           │   │   │   ├── rgb24-yuvj420p
│           │   │   │   ├── rgb24-yuvj422p
│           │   │   │   ├── rgb24-yuvj440p
│           │   │   │   ├── rgb24-yuvj444p
│           │   │   │   ├── rgb24-yuyv422
│           │   │   │   ├── rgb24-yvyu422
│           │   │   │   ├── rgb32
│           │   │   │   ├── rgb48-bgr24
│           │   │   │   ├── rgb48-gbrp10be
│           │   │   │   ├── rgb48-gbrp10le
│           │   │   │   ├── rgb48-gbrp12be
│           │   │   │   ├── rgb48-gbrp12le
│           │   │   │   ├── rgb48-gbrp16be
│           │   │   │   ├── rgb48-gbrp16le
│           │   │   │   ├── rgb48-gray
│           │   │   │   ├── rgb48-gray10be
│           │   │   │   ├── rgb48-gray10le
│           │   │   │   ├── rgb48-gray12be
│           │   │   │   ├── rgb48-gray12le
│           │   │   │   ├── rgb48-gray16be
│           │   │   │   ├── rgb48-gray16le
│           │   │   │   ├── rgb48-monob
│           │   │   │   ├── rgb48-monow
│           │   │   │   ├── rgb48-nv12
│           │   │   │   ├── rgb48-nv16
│           │   │   │   ├── rgb48-nv24
│           │   │   │   ├── rgb48-p010be
│           │   │   │   ├── rgb48-p010le
│           │   │   │   ├── rgb48-p012be
│           │   │   │   ├── rgb48-p012le
│           │   │   │   ├── rgb48-p016be
│           │   │   │   ├── rgb48-p016le
│           │   │   │   ├── rgb48-p210be
│           │   │   │   ├── rgb48-p210le
│           │   │   │   ├── rgb48-p212be
│           │   │   │   ├── rgb48-p212le
│           │   │   │   ├── rgb48-p216be
│           │   │   │   ├── rgb48-p216le
│           │   │   │   ├── rgb48-p410be
│           │   │   │   ├── rgb48-p410le
│           │   │   │   ├── rgb48-p412be
│           │   │   │   ├── rgb48-p412le
│           │   │   │   ├── rgb48-p416be
│           │   │   │   ├── rgb48-p416le
│           │   │   │   ├── rgb48-rgb24
│           │   │   │   ├── rgb48-rgb32
│           │   │   │   ├── rgb48-rgb48
│           │   │   │   ├── rgb48-rgb555
│           │   │   │   ├── rgb48-rgb565
│           │   │   │   ├── rgb48-uyvy422
│           │   │   │   ├── rgb48-v30xle
│           │   │   │   ├── rgb48-vuyx
│           │   │   │   ├── rgb48-vyu444
│           │   │   │   ├── rgb48-x2bgr10le
│           │   │   │   ├── rgb48-x2rgb10le
│           │   │   │   ├── rgb48-xv30le
│           │   │   │   ├── rgb48-xv36be
│           │   │   │   ├── rgb48-xv36le
│           │   │   │   ├── rgb48-xv48be
│           │   │   │   ├── rgb48-xv48le
│           │   │   │   ├── rgb48-xyz12le
│           │   │   │   ├── rgb48-y210le
│           │   │   │   ├── rgb48-y212le
│           │   │   │   ├── rgb48-y216le
│           │   │   │   ├── rgb48-yuv410p
│           │   │   │   ├── rgb48-yuv411p
│           │   │   │   ├── rgb48-yuv420p
│           │   │   │   ├── rgb48-yuv420p10be
│           │   │   │   ├── rgb48-yuv420p10le
│           │   │   │   ├── rgb48-yuv420p12be
│           │   │   │   ├── rgb48-yuv420p12le
│           │   │   │   ├── rgb48-yuv420p16be
│           │   │   │   ├── rgb48-yuv420p16le
│           │   │   │   ├── rgb48-yuv422p
│           │   │   │   ├── rgb48-yuv422p10be
│           │   │   │   ├── rgb48-yuv422p10le
│           │   │   │   ├── rgb48-yuv422p12be
│           │   │   │   ├── rgb48-yuv422p12le
│           │   │   │   ├── rgb48-yuv422p16be
│           │   │   │   ├── rgb48-yuv422p16le
│           │   │   │   ├── rgb48-yuv440p
│           │   │   │   ├── rgb48-yuv440p10be
│           │   │   │   ├── rgb48-yuv440p10le
│           │   │   │   ├── rgb48-yuv440p12be
│           │   │   │   ├── rgb48-yuv440p12le
│           │   │   │   ├── rgb48-yuv444p
│           │   │   │   ├── rgb48-yuv444p10be
│           │   │   │   ├── rgb48-yuv444p10le
│           │   │   │   ├── rgb48-yuv444p10msbbe
│           │   │   │   ├── rgb48-yuv444p10msble
│           │   │   │   ├── rgb48-yuv444p12be
│           │   │   │   ├── rgb48-yuv444p12le
│           │   │   │   ├── rgb48-yuv444p12msbbe
│           │   │   │   ├── rgb48-yuv444p12msble
│           │   │   │   ├── rgb48-yuv444p16be
│           │   │   │   ├── rgb48-yuv444p16le
│           │   │   │   ├── rgb48-yuvj420p
│           │   │   │   ├── rgb48-yuvj422p
│           │   │   │   ├── rgb48-yuvj440p
│           │   │   │   ├── rgb48-yuvj444p
│           │   │   │   ├── rgb48-yuyv422
│           │   │   │   ├── rgb48-yvyu422
│           │   │   │   ├── rgb555
│           │   │   │   ├── rgb565
│           │   │   │   ├── uyvy422
│           │   │   │   ├── vuyx
│           │   │   │   ├── vyu444
│           │   │   │   ├── xyz12le
│           │   │   │   ├── yuv410p
│           │   │   │   ├── yuv411p
│           │   │   │   ├── yuv420p
│           │   │   │   ├── yuv422p
│           │   │   │   ├── yuv440p
│           │   │   │   ├── yuv444p
│           │   │   │   ├── yuv444p-bgr24
│           │   │   │   ├── yuv444p-gbrp10be
│           │   │   │   ├── yuv444p-gbrp10le
│           │   │   │   ├── yuv444p-gbrp12be
│           │   │   │   ├── yuv444p-gbrp12le
│           │   │   │   ├── yuv444p-gbrp16be
│           │   │   │   ├── yuv444p-gbrp16le
│           │   │   │   ├── yuv444p-gray
│           │   │   │   ├── yuv444p-gray10be
│           │   │   │   ├── yuv444p-gray10le
│           │   │   │   ├── yuv444p-gray12be
│           │   │   │   ├── yuv444p-gray12le
│           │   │   │   ├── yuv444p-gray16be
│           │   │   │   ├── yuv444p-gray16le
│           │   │   │   ├── yuv444p-monob
│           │   │   │   ├── yuv444p-monow
│           │   │   │   ├── yuv444p-nv12
│           │   │   │   ├── yuv444p-nv16
│           │   │   │   ├── yuv444p-nv24
│           │   │   │   ├── yuv444p-p010be
│           │   │   │   ├── yuv444p-p010le
│           │   │   │   ├── yuv444p-p012be
│           │   │   │   ├── yuv444p-p012le
│           │   │   │   ├── yuv444p-p016be
│           │   │   │   ├── yuv444p-p016le
│           │   │   │   ├── yuv444p-p210be
│           │   │   │   ├── yuv444p-p210le
│           │   │   │   ├── yuv444p-p212be
│           │   │   │   ├── yuv444p-p212le
│           │   │   │   ├── yuv444p-p216be
│           │   │   │   ├── yuv444p-p216le
│           │   │   │   ├── yuv444p-p410be
│           │   │   │   ├── yuv444p-p410le
│           │   │   │   ├── yuv444p-p412be
│           │   │   │   ├── yuv444p-p412le
│           │   │   │   ├── yuv444p-p416be
│           │   │   │   ├── yuv444p-p416le
│           │   │   │   ├── yuv444p-rgb24
│           │   │   │   ├── yuv444p-rgb32
│           │   │   │   ├── yuv444p-rgb48
│           │   │   │   ├── yuv444p-rgb555
│           │   │   │   ├── yuv444p-rgb565
│           │   │   │   ├── yuv444p-uyvy422
│           │   │   │   ├── yuv444p-v30xle
│           │   │   │   ├── yuv444p-vuyx
│           │   │   │   ├── yuv444p-vyu444
│           │   │   │   ├── yuv444p-x2bgr10le
│           │   │   │   ├── yuv444p-x2rgb10le
│           │   │   │   ├── yuv444p-xv30le
│           │   │   │   ├── yuv444p-xv36be
│           │   │   │   ├── yuv444p-xv36le
│           │   │   │   ├── yuv444p-xv48be
│           │   │   │   ├── yuv444p-xv48le
│           │   │   │   ├── yuv444p-xyz12le
│           │   │   │   ├── yuv444p-y210le
│           │   │   │   ├── yuv444p-y212le
│           │   │   │   ├── yuv444p-y216le
│           │   │   │   ├── yuv444p-yuv410p
│           │   │   │   ├── yuv444p-yuv411p
│           │   │   │   ├── yuv444p-yuv420p
│           │   │   │   ├── yuv444p-yuv420p10be
│           │   │   │   ├── yuv444p-yuv420p10le
│           │   │   │   ├── yuv444p-yuv420p12be
│           │   │   │   ├── yuv444p-yuv420p12le
│           │   │   │   ├── yuv444p-yuv420p16be
│           │   │   │   ├── yuv444p-yuv420p16le
│           │   │   │   ├── yuv444p-yuv422p
│           │   │   │   ├── yuv444p-yuv422p10be
│           │   │   │   ├── yuv444p-yuv422p10le
│           │   │   │   ├── yuv444p-yuv422p12be
│           │   │   │   ├── yuv444p-yuv422p12le
│           │   │   │   ├── yuv444p-yuv422p16be
│           │   │   │   ├── yuv444p-yuv422p16le
│           │   │   │   ├── yuv444p-yuv440p
│           │   │   │   ├── yuv444p-yuv440p10be
│           │   │   │   ├── yuv444p-yuv440p10le
│           │   │   │   ├── yuv444p-yuv440p12be
│           │   │   │   ├── yuv444p-yuv440p12le
│           │   │   │   ├── yuv444p-yuv444p
│           │   │   │   ├── yuv444p-yuv444p10be
│           │   │   │   ├── yuv444p-yuv444p10le
│           │   │   │   ├── yuv444p-yuv444p10msbbe
│           │   │   │   ├── yuv444p-yuv444p10msble
│           │   │   │   ├── yuv444p-yuv444p12be
│           │   │   │   ├── yuv444p-yuv444p12le
│           │   │   │   ├── yuv444p-yuv444p12msbbe
│           │   │   │   ├── yuv444p-yuv444p12msble
│           │   │   │   ├── yuv444p-yuv444p16be
│           │   │   │   ├── yuv444p-yuv444p16le
│           │   │   │   ├── yuv444p-yuvj420p
│           │   │   │   ├── yuv444p-yuvj422p
│           │   │   │   ├── yuv444p-yuvj440p
│           │   │   │   ├── yuv444p-yuvj444p
│           │   │   │   ├── yuv444p-yuyv422
│           │   │   │   ├── yuv444p-yvyu422
│           │   │   │   ├── yuv444p10-bgr24
│           │   │   │   ├── yuv444p10-gbrp10be
│           │   │   │   ├── yuv444p10-gbrp10le
│           │   │   │   ├── yuv444p10-gbrp12be
│           │   │   │   ├── yuv444p10-gbrp12le
│           │   │   │   ├── yuv444p10-gbrp16be
│           │   │   │   ├── yuv444p10-gbrp16le
│           │   │   │   ├── yuv444p10-gray
│           │   │   │   ├── yuv444p10-gray10be
│           │   │   │   ├── yuv444p10-gray10le
│           │   │   │   ├── yuv444p10-gray12be
│           │   │   │   ├── yuv444p10-gray12le
│           │   │   │   ├── yuv444p10-gray16be
│           │   │   │   ├── yuv444p10-gray16le
│           │   │   │   ├── yuv444p10-monob
│           │   │   │   ├── yuv444p10-monow
│           │   │   │   ├── yuv444p10-nv12
│           │   │   │   ├── yuv444p10-nv16
│           │   │   │   ├── yuv444p10-nv24
│           │   │   │   ├── yuv444p10-p010be
│           │   │   │   ├── yuv444p10-p010le
│           │   │   │   ├── yuv444p10-p012be
│           │   │   │   ├── yuv444p10-p012le
│           │   │   │   ├── yuv444p10-p016be
│           │   │   │   ├── yuv444p10-p016le
│           │   │   │   ├── yuv444p10-p210be
│           │   │   │   ├── yuv444p10-p210le
│           │   │   │   ├── yuv444p10-p212be
│           │   │   │   ├── yuv444p10-p212le
│           │   │   │   ├── yuv444p10-p216be
│           │   │   │   ├── yuv444p10-p216le
│           │   │   │   ├── yuv444p10-p410be
│           │   │   │   ├── yuv444p10-p410le
│           │   │   │   ├── yuv444p10-p412be
│           │   │   │   ├── yuv444p10-p412le
│           │   │   │   ├── yuv444p10-p416be
│           │   │   │   ├── yuv444p10-p416le
│           │   │   │   ├── yuv444p10-rgb24
│           │   │   │   ├── yuv444p10-rgb32
│           │   │   │   ├── yuv444p10-rgb48
│           │   │   │   ├── yuv444p10-rgb555
│           │   │   │   ├── yuv444p10-rgb565
│           │   │   │   ├── yuv444p10-uyvy422
│           │   │   │   ├── yuv444p10-v30xle
│           │   │   │   ├── yuv444p10-vuyx
│           │   │   │   ├── yuv444p10-vyu444
│           │   │   │   ├── yuv444p10-x2bgr10le
│           │   │   │   ├── yuv444p10-x2rgb10le
│           │   │   │   ├── yuv444p10-xv30le
│           │   │   │   ├── yuv444p10-xv36be
│           │   │   │   ├── yuv444p10-xv36le
│           │   │   │   ├── yuv444p10-xv48be
│           │   │   │   ├── yuv444p10-xv48le
│           │   │   │   ├── yuv444p10-xyz12le
│           │   │   │   ├── yuv444p10-y210le
│           │   │   │   ├── yuv444p10-y212le
│           │   │   │   ├── yuv444p10-y216le
│           │   │   │   ├── yuv444p10-yuv410p
│           │   │   │   ├── yuv444p10-yuv411p
│           │   │   │   ├── yuv444p10-yuv420p
│           │   │   │   ├── yuv444p10-yuv420p10be
│           │   │   │   ├── yuv444p10-yuv420p10le
│           │   │   │   ├── yuv444p10-yuv420p12be
│           │   │   │   ├── yuv444p10-yuv420p12le
│           │   │   │   ├── yuv444p10-yuv420p16be
│           │   │   │   ├── yuv444p10-yuv420p16le
│           │   │   │   ├── yuv444p10-yuv422p
│           │   │   │   ├── yuv444p10-yuv422p10be
│           │   │   │   ├── yuv444p10-yuv422p10le
│           │   │   │   ├── yuv444p10-yuv422p12be
│           │   │   │   ├── yuv444p10-yuv422p12le
│           │   │   │   ├── yuv444p10-yuv422p16be
│           │   │   │   ├── yuv444p10-yuv422p16le
│           │   │   │   ├── yuv444p10-yuv440p
│           │   │   │   ├── yuv444p10-yuv440p10be
│           │   │   │   ├── yuv444p10-yuv440p10le
│           │   │   │   ├── yuv444p10-yuv440p12be
│           │   │   │   ├── yuv444p10-yuv440p12le
│           │   │   │   ├── yuv444p10-yuv444p
│           │   │   │   ├── yuv444p10-yuv444p10be
│           │   │   │   ├── yuv444p10-yuv444p10le
│           │   │   │   ├── yuv444p10-yuv444p10msbbe
│           │   │   │   ├── yuv444p10-yuv444p10msble
│           │   │   │   ├── yuv444p10-yuv444p12be
│           │   │   │   ├── yuv444p10-yuv444p12le
│           │   │   │   ├── yuv444p10-yuv444p12msbbe
│           │   │   │   ├── yuv444p10-yuv444p12msble
│           │   │   │   ├── yuv444p10-yuv444p16be
│           │   │   │   ├── yuv444p10-yuv444p16le
│           │   │   │   ├── yuv444p10-yuvj420p
│           │   │   │   ├── yuv444p10-yuvj422p
│           │   │   │   ├── yuv444p10-yuvj440p
│           │   │   │   ├── yuv444p10-yuvj444p
│           │   │   │   ├── yuv444p10-yuyv422
│           │   │   │   ├── yuv444p10-yvyu422
│           │   │   │   ├── yuv444p12-bgr24
│           │   │   │   ├── yuv444p12-gbrp10be
│           │   │   │   ├── yuv444p12-gbrp10le
│           │   │   │   ├── yuv444p12-gbrp12be
│           │   │   │   ├── yuv444p12-gbrp12le
│           │   │   │   ├── yuv444p12-gbrp16be
│           │   │   │   ├── yuv444p12-gbrp16le
│           │   │   │   ├── yuv444p12-gray
│           │   │   │   ├── yuv444p12-gray10be
│           │   │   │   ├── yuv444p12-gray10le
│           │   │   │   ├── yuv444p12-gray12be
│           │   │   │   ├── yuv444p12-gray12le
│           │   │   │   ├── yuv444p12-gray16be
│           │   │   │   ├── yuv444p12-gray16le
│           │   │   │   ├── yuv444p12-monob
│           │   │   │   ├── yuv444p12-monow
│           │   │   │   ├── yuv444p12-nv12
│           │   │   │   ├── yuv444p12-nv16
│           │   │   │   ├── yuv444p12-nv24
│           │   │   │   ├── yuv444p12-p010be
│           │   │   │   ├── yuv444p12-p010le
│           │   │   │   ├── yuv444p12-p012be
│           │   │   │   ├── yuv444p12-p012le
│           │   │   │   ├── yuv444p12-p016be
│           │   │   │   ├── yuv444p12-p016le
│           │   │   │   ├── yuv444p12-p210be
│           │   │   │   ├── yuv444p12-p210le
│           │   │   │   ├── yuv444p12-p212be
│           │   │   │   ├── yuv444p12-p212le
│           │   │   │   ├── yuv444p12-p216be
│           │   │   │   ├── yuv444p12-p216le
│           │   │   │   ├── yuv444p12-p410be
│           │   │   │   ├── yuv444p12-p410le
│           │   │   │   ├── yuv444p12-p412be
│           │   │   │   ├── yuv444p12-p412le
│           │   │   │   ├── yuv444p12-p416be
│           │   │   │   ├── yuv444p12-p416le
│           │   │   │   ├── yuv444p12-rgb24
│           │   │   │   ├── yuv444p12-rgb32
│           │   │   │   ├── yuv444p12-rgb48
│           │   │   │   ├── yuv444p12-rgb555
│           │   │   │   ├── yuv444p12-rgb565
│           │   │   │   ├── yuv444p12-uyvy422
│           │   │   │   ├── yuv444p12-v30xle
│           │   │   │   ├── yuv444p12-vuyx
│           │   │   │   ├── yuv444p12-vyu444
│           │   │   │   ├── yuv444p12-x2bgr10le
│           │   │   │   ├── yuv444p12-x2rgb10le
│           │   │   │   ├── yuv444p12-xv30le
│           │   │   │   ├── yuv444p12-xv36be
│           │   │   │   ├── yuv444p12-xv36le
│           │   │   │   ├── yuv444p12-xv48be
│           │   │   │   ├── yuv444p12-xv48le
│           │   │   │   ├── yuv444p12-xyz12le
│           │   │   │   ├── yuv444p12-y210le
│           │   │   │   ├── yuv444p12-y212le
│           │   │   │   ├── yuv444p12-y216le
│           │   │   │   ├── yuv444p12-yuv410p
│           │   │   │   ├── yuv444p12-yuv411p
│           │   │   │   ├── yuv444p12-yuv420p
│           │   │   │   ├── yuv444p12-yuv420p10be
│           │   │   │   ├── yuv444p12-yuv420p10le
│           │   │   │   ├── yuv444p12-yuv420p12be
│           │   │   │   ├── yuv444p12-yuv420p12le
│           │   │   │   ├── yuv444p12-yuv420p16be
│           │   │   │   ├── yuv444p12-yuv420p16le
│           │   │   │   ├── yuv444p12-yuv422p
│           │   │   │   ├── yuv444p12-yuv422p10be
│           │   │   │   ├── yuv444p12-yuv422p10le
│           │   │   │   ├── yuv444p12-yuv422p12be
│           │   │   │   ├── yuv444p12-yuv422p12le
│           │   │   │   ├── yuv444p12-yuv422p16be
│           │   │   │   ├── yuv444p12-yuv422p16le
│           │   │   │   ├── yuv444p12-yuv440p
│           │   │   │   ├── yuv444p12-yuv440p10be
│           │   │   │   ├── yuv444p12-yuv440p10le
│           │   │   │   ├── yuv444p12-yuv440p12be
│           │   │   │   ├── yuv444p12-yuv440p12le
│           │   │   │   ├── yuv444p12-yuv444p
│           │   │   │   ├── yuv444p12-yuv444p10be
│           │   │   │   ├── yuv444p12-yuv444p10le
│           │   │   │   ├── yuv444p12-yuv444p10msbbe
│           │   │   │   ├── yuv444p12-yuv444p10msble
│           │   │   │   ├── yuv444p12-yuv444p12be
│           │   │   │   ├── yuv444p12-yuv444p12le
│           │   │   │   ├── yuv444p12-yuv444p12msbbe
│           │   │   │   ├── yuv444p12-yuv444p12msble
│           │   │   │   ├── yuv444p12-yuv444p16be
│           │   │   │   ├── yuv444p12-yuv444p16le
│           │   │   │   ├── yuv444p12-yuvj420p
│           │   │   │   ├── yuv444p12-yuvj422p
│           │   │   │   ├── yuv444p12-yuvj440p
│           │   │   │   ├── yuv444p12-yuvj444p
│           │   │   │   ├── yuv444p12-yuyv422
│           │   │   │   ├── yuv444p12-yvyu422
│           │   │   │   ├── yuv444p16-gbrp16be
│           │   │   │   ├── yuv444p16-gbrp16le
│           │   │   │   ├── yuv444p16-gray16be
│           │   │   │   ├── yuv444p16-gray16le
│           │   │   │   ├── yuv444p16-p016be
│           │   │   │   ├── yuv444p16-p016le
│           │   │   │   ├── yuv444p16-p216be
│           │   │   │   ├── yuv444p16-p216le
│           │   │   │   ├── yuv444p16-p416be
│           │   │   │   ├── yuv444p16-p416le
│           │   │   │   ├── yuv444p16-rgb48
│           │   │   │   ├── yuv444p16-xv48be
│           │   │   │   ├── yuv444p16-xv48le
│           │   │   │   ├── yuv444p16-y216le
│           │   │   │   ├── yuv444p16-yuv420p16be
│           │   │   │   ├── yuv444p16-yuv420p16le
│           │   │   │   ├── yuv444p16-yuv422p16be
│           │   │   │   ├── yuv444p16-yuv422p16le
│           │   │   │   ├── yuv444p16-yuv444p16be
│           │   │   │   ├── yuv444p16-yuv444p16le
│           │   │   │   ├── yuvj420p
│           │   │   │   ├── yuvj422p
│           │   │   │   ├── yuvj440p
│           │   │   │   ├── yuvj444p
│           │   │   │   ├── yuyv422
│           │   │   │   └── yvyu422
│           │   │   ├── seek
│           │   │   │   ├── acodec-adpcm-ima_qt
│           │   │   │   ├── acodec-adpcm-ima_qt-trellis
│           │   │   │   ├── acodec-adpcm-ima_wav
│           │   │   │   ├── acodec-adpcm-ima_wav-trellis
│           │   │   │   ├── acodec-adpcm-ms
│           │   │   │   ├── acodec-adpcm-ms-trellis
│           │   │   │   ├── acodec-adpcm-swf
│           │   │   │   ├── acodec-adpcm-swf-trellis
│           │   │   │   ├── acodec-adpcm-yamaha
│           │   │   │   ├── acodec-adpcm-yamaha-trellis
│           │   │   │   ├── acodec-alac
│           │   │   │   ├── acodec-flac
│           │   │   │   ├── acodec-mp2
│           │   │   │   ├── acodec-pcm-alaw
│           │   │   │   ├── acodec-pcm-f32be
│           │   │   │   ├── acodec-pcm-f32le
│           │   │   │   ├── acodec-pcm-f64be
│           │   │   │   ├── acodec-pcm-f64le
│           │   │   │   ├── acodec-pcm-mulaw
│           │   │   │   ├── acodec-pcm-s16be
│           │   │   │   ├── acodec-pcm-s16le
│           │   │   │   ├── acodec-pcm-s24be
│           │   │   │   ├── acodec-pcm-s24le
│           │   │   │   ├── acodec-pcm-s32be
│           │   │   │   ├── acodec-pcm-s32le
│           │   │   │   ├── acodec-pcm-s8
│           │   │   │   ├── acodec-pcm-u8
│           │   │   │   ├── cache-pipe
│           │   │   │   ├── empty-edit-mp4
│           │   │   │   ├── extra-mp3
│           │   │   │   ├── extra-mp4
│           │   │   │   ├── lavf-aiff
│           │   │   │   ├── lavf-al
│           │   │   │   ├── lavf-asf
│           │   │   │   ├── lavf-au
│           │   │   │   ├── lavf-avi
│           │   │   │   ├── lavf-bmp
│           │   │   │   ├── lavf-dv
│           │   │   │   ├── lavf-flv
│           │   │   │   ├── lavf-gif
│           │   │   │   ├── lavf-gxf
│           │   │   │   ├── lavf-jpg
│           │   │   │   ├── lavf-mkv
│           │   │   │   ├── lavf-mmf
│           │   │   │   ├── lavf-mov
│           │   │   │   ├── lavf-mpg
│           │   │   │   ├── lavf-mxf
│           │   │   │   ├── lavf-mxf_d10
│           │   │   │   ├── lavf-mxf_dv25
│           │   │   │   ├── lavf-mxf_dvcpro50
│           │   │   │   ├── lavf-mxf_opatom
│           │   │   │   ├── lavf-mxf_opatom_audio
│           │   │   │   ├── lavf-nut
│           │   │   │   ├── lavf-ogg
│           │   │   │   ├── lavf-pbmpipe
│           │   │   │   ├── lavf-pcx
│           │   │   │   ├── lavf-pgm
│           │   │   │   ├── lavf-pgmpipe
│           │   │   │   ├── lavf-ppm
│           │   │   │   ├── lavf-ppmpipe
│           │   │   │   ├── lavf-rm
│           │   │   │   ├── lavf-sgi
│           │   │   │   ├── lavf-swf
│           │   │   │   ├── lavf-tga
│           │   │   │   ├── lavf-tiff
│           │   │   │   ├── lavf-ts
│           │   │   │   ├── lavf-ul
│           │   │   │   ├── lavf-voc
│           │   │   │   ├── lavf-wav
│           │   │   │   ├── lavf-wtv
│           │   │   │   ├── lavf-y4m
│           │   │   │   ├── mkv-codec-delay
│           │   │   │   ├── test-iibbibb-mp4
│           │   │   │   ├── test-iibbibb-neg-ctts-mp4
│           │   │   │   ├── vsynth_lena-asv1
│           │   │   │   ├── vsynth_lena-asv2
│           │   │   │   ├── vsynth_lena-dnxhd-1080i
│           │   │   │   ├── vsynth_lena-dnxhd-4k-hr-lb
│           │   │   │   ├── vsynth_lena-dnxhd-720p
│           │   │   │   ├── vsynth_lena-dnxhd-720p-rd
│           │   │   │   ├── vsynth_lena-dv
│           │   │   │   ├── vsynth_lena-dv-411
│           │   │   │   ├── vsynth_lena-dv-50
│           │   │   │   ├── vsynth_lena-ffv1
│           │   │   │   ├── vsynth_lena-flashsv
│           │   │   │   ├── vsynth_lena-flv
│           │   │   │   ├── vsynth_lena-h261
│           │   │   │   ├── vsynth_lena-h263
│           │   │   │   ├── vsynth_lena-h263p
│           │   │   │   ├── vsynth_lena-huffyuv
│           │   │   │   ├── vsynth_lena-jpegls
│           │   │   │   ├── vsynth_lena-ljpeg
│           │   │   │   ├── vsynth_lena-mjpeg
│           │   │   │   ├── vsynth_lena-mpeg1
│           │   │   │   ├── vsynth_lena-mpeg1b
│           │   │   │   ├── vsynth_lena-mpeg2-422
│           │   │   │   ├── vsynth_lena-mpeg2-idct-int
│           │   │   │   ├── vsynth_lena-mpeg2-ilace
│           │   │   │   ├── vsynth_lena-mpeg2-ivlc-qprd
│           │   │   │   ├── vsynth_lena-mpeg2-thread
│           │   │   │   ├── vsynth_lena-mpeg2-thread-ivlc
│           │   │   │   ├── vsynth_lena-mpeg4
│           │   │   │   ├── vsynth_lena-mpeg4-adap
│           │   │   │   ├── vsynth_lena-mpeg4-adv
│           │   │   │   ├── vsynth_lena-mpeg4-error
│           │   │   │   ├── vsynth_lena-mpeg4-nr
│           │   │   │   ├── vsynth_lena-mpeg4-nsse
│           │   │   │   ├── vsynth_lena-mpeg4-qpel
│           │   │   │   ├── vsynth_lena-mpeg4-qprd
│           │   │   │   ├── vsynth_lena-mpeg4-rc
│           │   │   │   ├── vsynth_lena-mpeg4-thread
│           │   │   │   ├── vsynth_lena-msmpeg4
│           │   │   │   ├── vsynth_lena-msmpeg4v2
│           │   │   │   ├── vsynth_lena-rgb
│           │   │   │   ├── vsynth_lena-roqvideo
│           │   │   │   ├── vsynth_lena-rv10
│           │   │   │   ├── vsynth_lena-rv20
│           │   │   │   ├── vsynth_lena-snow
│           │   │   │   ├── vsynth_lena-snow-ll
│           │   │   │   ├── vsynth_lena-svq1
│           │   │   │   ├── vsynth_lena-wmv1
│           │   │   │   ├── vsynth_lena-wmv2
│           │   │   │   └── vsynth_lena-yuv
│           │   │   └── vsynth
│           │   │       ├── vsynth1-amv
│           │   │       ├── vsynth1-asv1
│           │   │       ├── vsynth1-asv2
│           │   │       ├── vsynth1-avui
│           │   │       ├── vsynth1-bpp1
│           │   │       ├── vsynth1-bpp15
│           │   │       ├── vsynth1-cinepak
│           │   │       ├── vsynth1-cljr
│           │   │       ├── vsynth1-dnxhd-1080i
│           │   │       ├── vsynth1-dnxhd-1080i-10bit
│           │   │       ├── vsynth1-dnxhd-1080i-colr
│           │   │       ├── vsynth1-dnxhd-2k-hr-hq
│           │   │       ├── vsynth1-dnxhd-4k-hr-lb
│           │   │       ├── vsynth1-dnxhd-720p
│           │   │       ├── vsynth1-dnxhd-720p-10bit
│           │   │       ├── vsynth1-dnxhd-720p-hr-lb
│           │   │       ├── vsynth1-dnxhd-720p-rd
│           │   │       ├── vsynth1-dnxhd-edge1-hr
│           │   │       ├── vsynth1-dnxhd-edge2-hr
│           │   │       ├── vsynth1-dnxhd-edge3-hr
│           │   │       ├── vsynth1-dnxhd-hr-hq-mov
│           │   │       ├── vsynth1-dnxhd-hr-lb-mov
│           │   │       ├── vsynth1-dnxhd-hr-sq-mov
│           │   │       ├── vsynth1-dnxhd-uhd-hr-sq
│           │   │       ├── vsynth1-dv
│           │   │       ├── vsynth1-dv-411
│           │   │       ├── vsynth1-dv-50
│           │   │       ├── vsynth1-dv-fhd
│           │   │       ├── vsynth1-dv-hd
│           │   │       ├── vsynth1-ffv1
│           │   │       ├── vsynth1-ffv1-2pass
│           │   │       ├── vsynth1-ffv1-2pass10
│           │   │       ├── vsynth1-ffv1-v0
│           │   │       ├── vsynth1-ffv1-v2
│           │   │       ├── vsynth1-ffv1-v3-bgr0
│           │   │       ├── vsynth1-ffv1-v3-rgb48
│           │   │       ├── vsynth1-ffv1-v3-yuv420p
│           │   │       ├── vsynth1-ffv1-v3-yuv422p10
│           │   │       ├── vsynth1-ffv1-v3-yuv444p16
│           │   │       ├── vsynth1-ffvhuff
│           │   │       ├── vsynth1-ffvhuff420p12
│           │   │       ├── vsynth1-ffvhuff422p10left
│           │   │       ├── vsynth1-ffvhuff444
│           │   │       ├── vsynth1-ffvhuff444p16
│           │   │       ├── vsynth1-flashsv
│           │   │       ├── vsynth1-flashsv2
│           │   │       ├── vsynth1-flv
│           │   │       ├── vsynth1-h261
│           │   │       ├── vsynth1-h261-trellis
│           │   │       ├── vsynth1-h263
│           │   │       ├── vsynth1-h263-obmc
│           │   │       ├── vsynth1-h263p
│           │   │       ├── vsynth1-huffyuv
│           │   │       ├── vsynth1-huffyuvbgr24
│           │   │       ├── vsynth1-huffyuvbgra
│           │   │       ├── vsynth1-jpeg2000
│           │   │       ├── vsynth1-jpeg2000-97
│           │   │       ├── vsynth1-jpeg2000-gbrp12
│           │   │       ├── vsynth1-jpeg2000-yuva444p16
│           │   │       ├── vsynth1-jpegls
│           │   │       ├── vsynth1-ljpeg
│           │   │       ├── vsynth1-magicyuv
│           │   │       ├── vsynth1-mjpeg
│           │   │       ├── vsynth1-mjpeg-422
│           │   │       ├── vsynth1-mjpeg-444
│           │   │       ├── vsynth1-mjpeg-huffman
│           │   │       ├── vsynth1-mjpeg-trell
│           │   │       ├── vsynth1-mjpeg-trell-huffman
│           │   │       ├── vsynth1-mov-bgr24
│           │   │       ├── vsynth1-mov-bpp15
│           │   │       ├── vsynth1-mov-bpp16
│           │   │       ├── vsynth1-mpeg1
│           │   │       ├── vsynth1-mpeg1b
│           │   │       ├── vsynth1-mpeg2
│           │   │       ├── vsynth1-mpeg2-422
│           │   │       ├── vsynth1-mpeg2-idct-int
│           │   │       ├── vsynth1-mpeg2-ilace
│           │   │       ├── vsynth1-mpeg2-ivlc-qprd
│           │   │       ├── vsynth1-mpeg2-thread
│           │   │       ├── vsynth1-mpeg2-thread-ivlc
│           │   │       ├── vsynth1-mpeg4
│           │   │       ├── vsynth1-mpeg4-adap
│           │   │       ├── vsynth1-mpeg4-adv
│           │   │       ├── vsynth1-mpeg4-error
│           │   │       ├── vsynth1-mpeg4-nr
│           │   │       ├── vsynth1-mpeg4-nsse
│           │   │       ├── vsynth1-mpeg4-qpel
│           │   │       ├── vsynth1-mpeg4-qprd
│           │   │       ├── vsynth1-mpeg4-rc
│           │   │       ├── vsynth1-mpeg4-thread
│           │   │       ├── vsynth1-mpng
│           │   │       ├── vsynth1-msmpeg4
│           │   │       ├── vsynth1-msmpeg4v2
│           │   │       ├── vsynth1-msrle
│           │   │       ├── vsynth1-msvideo1
│           │   │       ├── vsynth1-prores
│           │   │       ├── vsynth1-prores_444
│           │   │       ├── vsynth1-prores_444_int
│           │   │       ├── vsynth1-prores_int
│           │   │       ├── vsynth1-prores_ks
│           │   │       ├── vsynth1-qtrle
│           │   │       ├── vsynth1-qtrlegray
│           │   │       ├── vsynth1-r210
│           │   │       ├── vsynth1-rgb
│           │   │       ├── vsynth1-roqvideo
│           │   │       ├── vsynth1-rpza
│           │   │       ├── vsynth1-rv10
│           │   │       ├── vsynth1-rv20
│           │   │       ├── vsynth1-smc
│           │   │       ├── vsynth1-snow
│           │   │       ├── vsynth1-snow-hpel
│           │   │       ├── vsynth1-snow-ll
│           │   │       ├── vsynth1-speedhq-420p
│           │   │       ├── vsynth1-speedhq-422p
│           │   │       ├── vsynth1-speedhq-444p
│           │   │       ├── vsynth1-svq1
│           │   │       ├── vsynth1-v210
│           │   │       ├── vsynth1-v210-10
│           │   │       ├── vsynth1-v308
│           │   │       ├── vsynth1-v408
│           │   │       ├── vsynth1-v410
│           │   │       ├── vsynth1-vc2-420p
│           │   │       ├── vsynth1-vc2-420p10
│           │   │       ├── vsynth1-vc2-420p12
│           │   │       ├── vsynth1-vc2-422p
│           │   │       ├── vsynth1-vc2-422p10
│           │   │       ├── vsynth1-vc2-422p12
│           │   │       ├── vsynth1-vc2-444p
│           │   │       ├── vsynth1-vc2-444p10
│           │   │       ├── vsynth1-vc2-444p12
│           │   │       ├── vsynth1-vc2-t5_3
│           │   │       ├── vsynth1-vc2-thaar
│           │   │       ├── vsynth1-wmv1
│           │   │       ├── vsynth1-wmv2
│           │   │       ├── vsynth1-xface
│           │   │       ├── vsynth1-y41p
│           │   │       ├── vsynth1-yuv
│           │   │       ├── vsynth1-yuv4
│           │   │       ├── vsynth1-zlib
│           │   │       ├── vsynth2-amv
│           │   │       ├── vsynth2-asv1
│           │   │       ├── vsynth2-asv2
│           │   │       ├── vsynth2-avui
│           │   │       ├── vsynth2-bpp1
│           │   │       ├── vsynth2-bpp15
│           │   │       ├── vsynth2-cinepak
│           │   │       ├── vsynth2-cljr
│           │   │       ├── vsynth2-dnxhd-1080i
│           │   │       ├── vsynth2-dnxhd-1080i-10bit
│           │   │       ├── vsynth2-dnxhd-1080i-colr
│           │   │       ├── vsynth2-dnxhd-2k-hr-hq
│           │   │       ├── vsynth2-dnxhd-4k-hr-lb
│           │   │       ├── vsynth2-dnxhd-720p
│           │   │       ├── vsynth2-dnxhd-720p-10bit
│           │   │       ├── vsynth2-dnxhd-720p-hr-lb
│           │   │       ├── vsynth2-dnxhd-720p-rd
│           │   │       ├── vsynth2-dnxhd-edge1-hr
│           │   │       ├── vsynth2-dnxhd-edge2-hr
│           │   │       ├── vsynth2-dnxhd-edge3-hr
│           │   │       ├── vsynth2-dnxhd-hr-hq-mov
│           │   │       ├── vsynth2-dnxhd-hr-lb-mov
│           │   │       ├── vsynth2-dnxhd-hr-sq-mov
│           │   │       ├── vsynth2-dnxhd-uhd-hr-sq
│           │   │       ├── vsynth2-dv
│           │   │       ├── vsynth2-dv-411
│           │   │       ├── vsynth2-dv-50
│           │   │       ├── vsynth2-dv-fhd
│           │   │       ├── vsynth2-dv-hd
│           │   │       ├── vsynth2-ffv1
│           │   │       ├── vsynth2-ffv1-2pass
│           │   │       ├── vsynth2-ffv1-2pass10
│           │   │       ├── vsynth2-ffv1-v0
│           │   │       ├── vsynth2-ffv1-v2
│           │   │       ├── vsynth2-ffv1-v3-bgr0
│           │   │       ├── vsynth2-ffv1-v3-rgb48
│           │   │       ├── vsynth2-ffv1-v3-yuv420p
│           │   │       ├── vsynth2-ffv1-v3-yuv422p10
│           │   │       ├── vsynth2-ffv1-v3-yuv444p16
│           │   │       ├── vsynth2-ffvhuff
│           │   │       ├── vsynth2-ffvhuff420p12
│           │   │       ├── vsynth2-ffvhuff422p10left
│           │   │       ├── vsynth2-ffvhuff444
│           │   │       ├── vsynth2-ffvhuff444p16
│           │   │       ├── vsynth2-flashsv
│           │   │       ├── vsynth2-flashsv2
│           │   │       ├── vsynth2-flv
│           │   │       ├── vsynth2-h261
│           │   │       ├── vsynth2-h261-trellis
│           │   │       ├── vsynth2-h263
│           │   │       ├── vsynth2-h263-obmc
│           │   │       ├── vsynth2-h263p
│           │   │       ├── vsynth2-huffyuv
│           │   │       ├── vsynth2-huffyuvbgr24
│           │   │       ├── vsynth2-huffyuvbgra
│           │   │       ├── vsynth2-jpeg2000
│           │   │       ├── vsynth2-jpeg2000-97
│           │   │       ├── vsynth2-jpeg2000-gbrp12
│           │   │       ├── vsynth2-jpeg2000-yuva444p16
│           │   │       ├── vsynth2-jpegls
│           │   │       ├── vsynth2-ljpeg
│           │   │       ├── vsynth2-magicyuv
│           │   │       ├── vsynth2-mjpeg
│           │   │       ├── vsynth2-mjpeg-422
│           │   │       ├── vsynth2-mjpeg-444
│           │   │       ├── vsynth2-mjpeg-huffman
│           │   │       ├── vsynth2-mjpeg-trell
│           │   │       ├── vsynth2-mjpeg-trell-huffman
│           │   │       ├── vsynth2-mov-bgr24
│           │   │       ├── vsynth2-mov-bpp15
│           │   │       ├── vsynth2-mov-bpp16
│           │   │       ├── vsynth2-mpeg1
│           │   │       ├── vsynth2-mpeg1b
│           │   │       ├── vsynth2-mpeg2
│           │   │       ├── vsynth2-mpeg2-422
│           │   │       ├── vsynth2-mpeg2-idct-int
│           │   │       ├── vsynth2-mpeg2-ilace
│           │   │       ├── vsynth2-mpeg2-ivlc-qprd
│           │   │       ├── vsynth2-mpeg2-thread
│           │   │       ├── vsynth2-mpeg2-thread-ivlc
│           │   │       ├── vsynth2-mpeg4
│           │   │       ├── vsynth2-mpeg4-adap
│           │   │       ├── vsynth2-mpeg4-adv
│           │   │       ├── vsynth2-mpeg4-error
│           │   │       ├── vsynth2-mpeg4-nr
│           │   │       ├── vsynth2-mpeg4-nsse
│           │   │       ├── vsynth2-mpeg4-qpel
│           │   │       ├── vsynth2-mpeg4-qprd
│           │   │       ├── vsynth2-mpeg4-rc
│           │   │       ├── vsynth2-mpeg4-thread
│           │   │       ├── vsynth2-mpng
│           │   │       ├── vsynth2-msmpeg4
│           │   │       ├── vsynth2-msmpeg4v2
│           │   │       ├── vsynth2-msrle
│           │   │       ├── vsynth2-msvideo1
│           │   │       ├── vsynth2-prores
│           │   │       ├── vsynth2-prores_444
│           │   │       ├── vsynth2-prores_444_int
│           │   │       ├── vsynth2-prores_int
│           │   │       ├── vsynth2-prores_ks
│           │   │       ├── vsynth2-qtrle
│           │   │       ├── vsynth2-qtrlegray
│           │   │       ├── vsynth2-r210
│           │   │       ├── vsynth2-rgb
│           │   │       ├── vsynth2-roqvideo
│           │   │       ├── vsynth2-rpza
│           │   │       ├── vsynth2-rv10
│           │   │       ├── vsynth2-rv20
│           │   │       ├── vsynth2-smc
│           │   │       ├── vsynth2-snow
│           │   │       ├── vsynth2-snow-hpel
│           │   │       ├── vsynth2-snow-ll
│           │   │       ├── vsynth2-speedhq-420p
│           │   │       ├── vsynth2-speedhq-422p
│           │   │       ├── vsynth2-speedhq-444p
│           │   │       ├── vsynth2-svq1
│           │   │       ├── vsynth2-v210
│           │   │       ├── vsynth2-v210-10
│           │   │       ├── vsynth2-v308
│           │   │       ├── vsynth2-v408
│           │   │       ├── vsynth2-v410
│           │   │       ├── vsynth2-vc2-420p
│           │   │       ├── vsynth2-vc2-420p10
│           │   │       ├── vsynth2-vc2-420p12
│           │   │       ├── vsynth2-vc2-422p
│           │   │       ├── vsynth2-vc2-422p10
│           │   │       ├── vsynth2-vc2-422p12
│           │   │       ├── vsynth2-vc2-444p
│           │   │       ├── vsynth2-vc2-444p10
│           │   │       ├── vsynth2-vc2-444p12
│           │   │       ├── vsynth2-vc2-t5_3
│           │   │       ├── vsynth2-vc2-thaar
│           │   │       ├── vsynth2-wmv1
│           │   │       ├── vsynth2-wmv2
│           │   │       ├── vsynth2-xface
│           │   │       ├── vsynth2-y41p
│           │   │       ├── vsynth2-yuv
│           │   │       ├── vsynth2-yuv4
│           │   │       ├── vsynth2-zlib
│           │   │       ├── vsynth3-amv
│           │   │       ├── vsynth3-asv1
│           │   │       ├── vsynth3-asv2
│           │   │       ├── vsynth3-bpp1
│           │   │       ├── vsynth3-bpp15
│           │   │       ├── vsynth3-cljr
│           │   │       ├── vsynth3-dnxhd-1080i-10bit
│           │   │       ├── vsynth3-dnxhd-1080i-colr
│           │   │       ├── vsynth3-dnxhd-2k-hr-hq
│           │   │       ├── vsynth3-dnxhd-4k-hr-lb
│           │   │       ├── vsynth3-dnxhd-720p-hr-lb
│           │   │       ├── vsynth3-dnxhd-edge1-hr
│           │   │       ├── vsynth3-dnxhd-edge2-hr
│           │   │       ├── vsynth3-dnxhd-edge3-hr
│           │   │       ├── vsynth3-dnxhd-hr-hq-mov
│           │   │       ├── vsynth3-dnxhd-hr-lb-mov
│           │   │       ├── vsynth3-dnxhd-hr-sq-mov
│           │   │       ├── vsynth3-dnxhd-uhd-hr-sq
│           │   │       ├── vsynth3-dv-fhd
│           │   │       ├── vsynth3-dv-hd
│           │   │       ├── vsynth3-ffv1
│           │   │       ├── vsynth3-ffv1-2pass
│           │   │       ├── vsynth3-ffv1-2pass10
│           │   │       ├── vsynth3-ffv1-v0
│           │   │       ├── vsynth3-ffv1-v2
│           │   │       ├── vsynth3-ffv1-v3-bgr0
│           │   │       ├── vsynth3-ffv1-v3-rgb48
│           │   │       ├── vsynth3-ffv1-v3-yuv420p
│           │   │       ├── vsynth3-ffv1-v3-yuv422p10
│           │   │       ├── vsynth3-ffv1-v3-yuv444p16
│           │   │       ├── vsynth3-ffvhuff
│           │   │       ├── vsynth3-ffvhuff420p12
│           │   │       ├── vsynth3-ffvhuff422p10left
│           │   │       ├── vsynth3-ffvhuff444
│           │   │       ├── vsynth3-ffvhuff444p16
│           │   │       ├── vsynth3-flashsv
│           │   │       ├── vsynth3-flashsv2
│           │   │       ├── vsynth3-flv
│           │   │       ├── vsynth3-huffyuv
│           │   │       ├── vsynth3-huffyuvbgr24
│           │   │       ├── vsynth3-huffyuvbgra
│           │   │       ├── vsynth3-jpeg2000
│           │   │       ├── vsynth3-jpeg2000-97
│           │   │       ├── vsynth3-jpeg2000-gbrp12
│           │   │       ├── vsynth3-jpeg2000-yuva444p16
│           │   │       ├── vsynth3-jpegls
│           │   │       ├── vsynth3-ljpeg
│           │   │       ├── vsynth3-magicyuv
│           │   │       ├── vsynth3-mjpeg
│           │   │       ├── vsynth3-mjpeg-422
│           │   │       ├── vsynth3-mjpeg-444
│           │   │       ├── vsynth3-mjpeg-huffman
│           │   │       ├── vsynth3-mjpeg-trell
│           │   │       ├── vsynth3-mjpeg-trell-huffman
│           │   │       ├── vsynth3-mov-bgr24
│           │   │       ├── vsynth3-mov-bpp15
│           │   │       ├── vsynth3-mov-bpp16
│           │   │       ├── vsynth3-mpeg1
│           │   │       ├── vsynth3-mpeg1b
│           │   │       ├── vsynth3-mpeg2
│           │   │       ├── vsynth3-mpeg2-422
│           │   │       ├── vsynth3-mpeg2-idct-int
│           │   │       ├── vsynth3-mpeg2-ilace
│           │   │       ├── vsynth3-mpeg2-ivlc-qprd
│           │   │       ├── vsynth3-mpeg2-thread
│           │   │       ├── vsynth3-mpeg2-thread-ivlc
│           │   │       ├── vsynth3-mpeg4
│           │   │       ├── vsynth3-mpeg4-adap
│           │   │       ├── vsynth3-mpeg4-adv
│           │   │       ├── vsynth3-mpeg4-error
│           │   │       ├── vsynth3-mpeg4-nr
│           │   │       ├── vsynth3-mpeg4-nsse
│           │   │       ├── vsynth3-mpeg4-qpel
│           │   │       ├── vsynth3-mpeg4-qprd
│           │   │       ├── vsynth3-mpeg4-rc
│           │   │       ├── vsynth3-mpeg4-thread
│           │   │       ├── vsynth3-mpng
│           │   │       ├── vsynth3-msmpeg4
│           │   │       ├── vsynth3-msmpeg4v2
│           │   │       ├── vsynth3-msrle
│           │   │       ├── vsynth3-prores
│           │   │       ├── vsynth3-prores_444
│           │   │       ├── vsynth3-prores_444_int
│           │   │       ├── vsynth3-prores_int
│           │   │       ├── vsynth3-prores_ks
│           │   │       ├── vsynth3-qtrle
│           │   │       ├── vsynth3-r210
│           │   │       ├── vsynth3-rgb
│           │   │       ├── vsynth3-rpza
│           │   │       ├── vsynth3-smc
│           │   │       ├── vsynth3-svq1
│           │   │       ├── vsynth3-v210
│           │   │       ├── vsynth3-v210-10
│           │   │       ├── vsynth3-v308
│           │   │       ├── vsynth3-v408
│           │   │       ├── vsynth3-v410
│           │   │       ├── vsynth3-wmv1
│           │   │       ├── vsynth3-wmv2
│           │   │       ├── vsynth3-xface
│           │   │       ├── vsynth3-yuv
│           │   │       ├── vsynth3-yuv4
│           │   │       ├── vsynth3-zlib
│           │   │       ├── vsynth_lena-amv
│           │   │       ├── vsynth_lena-asv1
│           │   │       ├── vsynth_lena-asv2
│           │   │       ├── vsynth_lena-avui
│           │   │       ├── vsynth_lena-bpp1
│           │   │       ├── vsynth_lena-bpp15
│           │   │       ├── vsynth_lena-cinepak
│           │   │       ├── vsynth_lena-cljr
│           │   │       ├── vsynth_lena-dnxhd-1080i
│           │   │       ├── vsynth_lena-dnxhd-1080i-10bit
│           │   │       ├── vsynth_lena-dnxhd-1080i-colr
│           │   │       ├── vsynth_lena-dnxhd-2k-hr-hq
│           │   │       ├── vsynth_lena-dnxhd-4k-hr-lb
│           │   │       ├── vsynth_lena-dnxhd-720p
│           │   │       ├── vsynth_lena-dnxhd-720p-10bit
│           │   │       ├── vsynth_lena-dnxhd-720p-hr-lb
│           │   │       ├── vsynth_lena-dnxhd-720p-rd
│           │   │       ├── vsynth_lena-dnxhd-edge1-hr
│           │   │       ├── vsynth_lena-dnxhd-edge2-hr
│           │   │       ├── vsynth_lena-dnxhd-edge3-hr
│           │   │       ├── vsynth_lena-dnxhd-hr-hq-mov
│           │   │       ├── vsynth_lena-dnxhd-hr-lb-mov
│           │   │       ├── vsynth_lena-dnxhd-hr-sq-mov
│           │   │       ├── vsynth_lena-dnxhd-uhd-hr-sq
│           │   │       ├── vsynth_lena-dv
│           │   │       ├── vsynth_lena-dv-411
│           │   │       ├── vsynth_lena-dv-50
│           │   │       ├── vsynth_lena-dv-fhd
│           │   │       ├── vsynth_lena-dv-hd
│           │   │       ├── vsynth_lena-ffv1
│           │   │       ├── vsynth_lena-ffv1-2pass
│           │   │       ├── vsynth_lena-ffv1-2pass10
│           │   │       ├── vsynth_lena-ffv1-v0
│           │   │       ├── vsynth_lena-ffv1-v2
│           │   │       ├── vsynth_lena-ffv1-v3-bgr0
│           │   │       ├── vsynth_lena-ffv1-v3-rgb48
│           │   │       ├── vsynth_lena-ffv1-v3-yuv420p
│           │   │       ├── vsynth_lena-ffv1-v3-yuv422p10
│           │   │       ├── vsynth_lena-ffv1-v3-yuv444p16
│           │   │       ├── vsynth_lena-ffvhuff
│           │   │       ├── vsynth_lena-ffvhuff420p12
│           │   │       ├── vsynth_lena-ffvhuff422p10left
│           │   │       ├── vsynth_lena-ffvhuff444
│           │   │       ├── vsynth_lena-ffvhuff444p16
│           │   │       ├── vsynth_lena-flashsv
│           │   │       ├── vsynth_lena-flashsv2
│           │   │       ├── vsynth_lena-flv
│           │   │       ├── vsynth_lena-h261
│           │   │       ├── vsynth_lena-h261-trellis
│           │   │       ├── vsynth_lena-h263
│           │   │       ├── vsynth_lena-h263-obmc
│           │   │       ├── vsynth_lena-h263p
│           │   │       ├── vsynth_lena-huffyuv
│           │   │       ├── vsynth_lena-huffyuvbgr24
│           │   │       ├── vsynth_lena-huffyuvbgra
│           │   │       ├── vsynth_lena-jpeg2000
│           │   │       ├── vsynth_lena-jpeg2000-97
│           │   │       ├── vsynth_lena-jpeg2000-gbrp12
│           │   │       ├── vsynth_lena-jpeg2000-yuva444p16
│           │   │       ├── vsynth_lena-jpegls
│           │   │       ├── vsynth_lena-ljpeg
│           │   │       ├── vsynth_lena-magicyuv
│           │   │       ├── vsynth_lena-mjpeg
│           │   │       ├── vsynth_lena-mjpeg-422
│           │   │       ├── vsynth_lena-mjpeg-444
│           │   │       ├── vsynth_lena-mjpeg-huffman
│           │   │       ├── vsynth_lena-mjpeg-trell
│           │   │       ├── vsynth_lena-mjpeg-trell-huffman
│           │   │       ├── vsynth_lena-mov-bgr24
│           │   │       ├── vsynth_lena-mov-bpp15
│           │   │       ├── vsynth_lena-mov-bpp16
│           │   │       ├── vsynth_lena-mpeg1
│           │   │       ├── vsynth_lena-mpeg1b
│           │   │       ├── vsynth_lena-mpeg2
│           │   │       ├── vsynth_lena-mpeg2-422
│           │   │       ├── vsynth_lena-mpeg2-idct-int
│           │   │       ├── vsynth_lena-mpeg2-ilace
│           │   │       ├── vsynth_lena-mpeg2-ivlc-qprd
│           │   │       ├── vsynth_lena-mpeg2-thread
│           │   │       ├── vsynth_lena-mpeg2-thread-ivlc
│           │   │       ├── vsynth_lena-mpeg4
│           │   │       ├── vsynth_lena-mpeg4-adap
│           │   │       ├── vsynth_lena-mpeg4-adv
│           │   │       ├── vsynth_lena-mpeg4-error
│           │   │       ├── vsynth_lena-mpeg4-nr
│           │   │       ├── vsynth_lena-mpeg4-nsse
│           │   │       ├── vsynth_lena-mpeg4-qpel
│           │   │       ├── vsynth_lena-mpeg4-qprd
│           │   │       ├── vsynth_lena-mpeg4-rc
│           │   │       ├── vsynth_lena-mpeg4-thread
│           │   │       ├── vsynth_lena-mpng
│           │   │       ├── vsynth_lena-msmpeg4
│           │   │       ├── vsynth_lena-msmpeg4v2
│           │   │       ├── vsynth_lena-msrle
│           │   │       ├── vsynth_lena-msvideo1
│           │   │       ├── vsynth_lena-prores
│           │   │       ├── vsynth_lena-prores_444
│           │   │       ├── vsynth_lena-prores_444_int
│           │   │       ├── vsynth_lena-prores_int
│           │   │       ├── vsynth_lena-prores_ks
│           │   │       ├── vsynth_lena-qtrle
│           │   │       ├── vsynth_lena-qtrlegray
│           │   │       ├── vsynth_lena-r210
│           │   │       ├── vsynth_lena-rgb
│           │   │       ├── vsynth_lena-roqvideo
│           │   │       ├── vsynth_lena-rpza
│           │   │       ├── vsynth_lena-rv10
│           │   │       ├── vsynth_lena-rv20
│           │   │       ├── vsynth_lena-smc
│           │   │       ├── vsynth_lena-snow
│           │   │       ├── vsynth_lena-snow-hpel
│           │   │       ├── vsynth_lena-snow-ll
│           │   │       ├── vsynth_lena-speedhq-420p
│           │   │       ├── vsynth_lena-speedhq-422p
│           │   │       ├── vsynth_lena-speedhq-444p
│           │   │       ├── vsynth_lena-svq1
│           │   │       ├── vsynth_lena-v210
│           │   │       ├── vsynth_lena-v210-10
│           │   │       ├── vsynth_lena-v308
│           │   │       ├── vsynth_lena-v408
│           │   │       ├── vsynth_lena-v410
│           │   │       ├── vsynth_lena-vc2-420p
│           │   │       ├── vsynth_lena-vc2-420p10
│           │   │       ├── vsynth_lena-vc2-420p12
│           │   │       ├── vsynth_lena-vc2-422p
│           │   │       ├── vsynth_lena-vc2-422p10
│           │   │       ├── vsynth_lena-vc2-422p12
│           │   │       ├── vsynth_lena-vc2-444p
│           │   │       ├── vsynth_lena-vc2-444p10
│           │   │       ├── vsynth_lena-vc2-444p12
│           │   │       ├── vsynth_lena-vc2-t5_3
│           │   │       ├── vsynth_lena-vc2-thaar
│           │   │       ├── vsynth_lena-wmv1
│           │   │       ├── vsynth_lena-wmv2
│           │   │       ├── vsynth_lena-xface
│           │   │       ├── vsynth_lena-y41p
│           │   │       ├── vsynth_lena-yuv
│           │   │       ├── vsynth_lena-yuv4
│           │   │       └── vsynth_lena-zlib
│           │   ├── refcmp-metadata.awk
│           │   ├── reference.pnm
│           │   ├── rotozoom.c
│           │   ├── simple1.ffconcat
│           │   ├── simple2.ffconcat
│           │   ├── streamgroups
│           │   │   ├── audio_element-5_1_4
│           │   │   ├── audio_element-7_1_4
│           │   │   ├── audio_element-7_1_4-2
│           │   │   ├── audio_element-9_1_6
│           │   │   ├── audio_element-9_1_6-stereo
│           │   │   ├── audio_element-ambisonic_1
│           │   │   ├── audio_element-ambisonic_1-projection
│           │   │   ├── audio_element-stereo
│           │   │   ├── mix_presentation-5_1_4
│           │   │   ├── mix_presentation-7_1_4
│           │   │   ├── mix_presentation-9_1_6
│           │   │   ├── mix_presentation-ambisonic_1
│           │   │   └── mix_presentation-stereo
│           │   ├── test.ffmeta
│           │   ├── tiny_psnr.c
│           │   ├── tiny_ssim.c
│           │   ├── utils.c
│           │   └── videogen.c
│           └── tools
│               ├── Makefile
│               ├── aviocat.c
│               ├── bisect-create
│               ├── bookmarklets.html
│               ├── check_arm_indent.sh
│               ├── clean-diff
│               ├── compare-cvelists.sh
│               ├── coverity.c
│               ├── crypto_bench.c
│               ├── cws2fws.c
│               ├── decode_simple.c
│               ├── decode_simple.h
│               ├── dvd2concat
│               ├── enc_recon_frame_test.c
│               ├── enum_options.c
│               ├── ffescape.c
│               ├── ffeval.c
│               ├── ffhash.c
│               ├── fourcc2pixfmt.c
│               ├── gen-rc
│               ├── general_assembly.pl
│               ├── graph2dot.c
│               ├── indent_arm_assembly.pl
│               ├── ismindex.c
│               ├── loudnorm.rb
│               ├── make_chlayout_test
│               ├── merge-all-source-plugins
│               ├── missing_codec_desc
│               ├── murge
│               ├── normalize.py
│               ├── patcheck
│               ├── pktdumper.c
│               ├── plotframes
│               ├── probetest.c
│               ├── python
│               │   └── tf_sess_config.py
│               ├── qt-faststart.c
│               ├── scale_slice_test.c
│               ├── seek_print.c
│               ├── sidxindex.c
│               ├── sofa2wavs.c
│               ├── source-plugins.txt
│               ├── source2c
│               ├── target_bsf_fuzzer.c
│               ├── target_dec_fate.list
│               ├── target_dec_fate.sh
│               ├── target_dec_fuzzer.c
│               ├── target_dem_fuzzer.c
│               ├── target_enc_fuzzer.c
│               ├── target_swr_fuzzer.c
│               ├── target_sws_fuzzer.c
│               ├── trasher.c
│               ├── uncoded_frame.c
│               ├── unwrap-diff
│               ├── venc_data_dump.c
│               ├── yuvcmp.c
│               ├── zmqsend.c
│               └── zmqshell.py
├── stats
│   └── text-relocations.txt
└── tools
    └── docker
        └── Dockerfile

253 directories, 16922 files
